"gene","importance"
"ZNF835",0.0024130306036556
"RP5-857K21.11",0.00208477840540978
"LHX3",0.00194423631923632
"ZNF506",0.00174832451499118
"CTD-2619J13.17",0.00168812515262515
"ZNF132",0.00168209325396825
"CTC-559E9.5",0.00156666666666667
"ZNF571-AS1",0.00156443578643579
"ZNF229",0.00156297932127396
"ZNF578",0.00148214285714286
"PCDHGA2",0.00144798227933149
"ZNF528",0.0013382905982906
"CYP2E1",0.00132661782661783
"PPM1E",0.00132445987654321
"ETFA",0.00127545628887832
"GRB10",0.00118877551020408
"MT-TS1",0.00113304552590267
"RP11-281O15.4",0.00111289277615808
"XXbac-B444P24.8",0.00109404761904762
"ZNF454",0.00108523965141612
"CROCCP2",0.00103869047619048
"TRIM4",0.00103111111111111
"NPR3",0.00102160493827161
"C19orf52",0.000987142857142857
"RNF5P1",0.000965097402597403
"TACR3",0.000952
"ZNF804A",0.000945386904761905
"FNBP1",0.000945069642291864
"AP000350.6",0.000937156593406594
"HLA-A",0.00093
"SLCO1A2",9e-04
"GINS1",0.000873406593406593
"TYW3",0.000869047619047619
"CTD-2306M5.1",0.000867416722019897
"MIR4458HG",0.000857142857142857
"CTD-3018O17.3",0.000857142857142857
"XKR7",0.000854762796727082
"RP5-857K21.1",0.000852596153846154
"FAM90A20P",0.000839531004709576
"FAM90A11P",0.000833333333333333
"CRKL",0.00082
"RP11-507K2.3",0.000817386694937715
"DSTNP1",0.000809259259259259
"ZNF483",0.000802287581699346
"RASSF1",0.0007854526425955
"RP11-69E11.4",0.000734126984126984
"BMP2",0.000730769230769231
"PEA15",0.000714285714285714
"VCPKMT",0.000714285714285714
"AC079779.5",0.000711254001600641
"CCNB1",0.000709104938271605
"KPNA6",0.000702857142857143
"TCEB1P2",0.000694551282051282
"BRINP3",0.000693990929705215
"SGK223",0.000690056022408963
"CTB-1I21.2",0.000683589743589744
"AC090044.1",0.000680288461538462
"ZNF300",0.000677969649398221
"ERV3-1",0.000672820512820513
"SNX11",0.000670194003527337
"TMEM248",0.000669172932330827
"RP11-434I12.5",0.000665366627420199
"TXNDC17",0.00066
"NELL1",0.000645408163265306
"RP11-1072N2.2",0.000641025641025641
"KLHL29",0.000637731481481481
"AP000350.5",0.000632795188350744
"ZNF501",0.000625
"AC139099.3",0.000625
"PPIL2",0.000625
"RN7SL258P",0.000623043981481481
"CHAF1A",0.000614583333333333
"MAP3K12",0.000611111111111111
"ZNF135",0.000606570512820513
"CTSC",0.000605769230769231
"RSG1",0.000605769230769231
"hsa-mir-6723",0.000601010101010101
"MRI1",0.00059375
"N4BP2L1",0.000586538461538462
"TACC2",0.00058501919286233
"CCNL1",0.000581196581196581
"PCDHGA8",0.000579326923076923
"RP11-488L18.1",0.000578631452581032
"CLDN15",0.000577008928571428
"MROH6",0.000575591836734694
"SNHG7",0.000574573863636364
"ZNF484",0.000571428571428571
"RP11-335G20.7",0.000561333333333333
"FRA10AC1",0.00056
"SPINK5",0.000549768518518519
"NUDT19",0.000547008547008547
"PCDH9",0.000546875
"COL21A1",0.000545454545454546
"RAP1B",0.000545454545454546
"LINC00702",0.000545454545454545
"MPV17L2",0.000545454545454545
"AC005537.2",0.000534455128205128
"RP11-224O19.2",0.000533333333333333
"CTD-3099C6.5",0.000533333333333333
"ZNF676",0.000533055555555556
"VN1R108P",0.000528846153846154
"UNC79",0.000523589743589743
"FAM66B",0.000522530864197531
"SZT2",0.00052
"POU2F1",0.000514719848053181
"SHH",0.000508333333333333
"RP11-475I24.3",0.000501960784313725
"FAM107B",5e-04
"TOR1AIP2",5e-04
"FAM160B2",5e-04
"ERLIN2",5e-04
"ACBD4",5e-04
"MT-TY",5e-04
"CCDC135",0.000499215070643642
"LSS",0.000491714015151515
"RP4-660H19.1",0.00049
"IFT27",0.000488148148148148
"OAZ3",0.000483660130718954
"RP11-1038A11.1",0.000479910714285714
"CTCF",0.000478632478632479
"GCA",0.000478461538461538
"ZNF98",0.000474074074074074
"ISPD-AS1",0.000470588235294118
"RP11-95D17.1",0.000466703296703296
"ALG1L2",0.000466666666666667
"NFATC2",0.000461538461538462
"NUDCD1",0.000461538461538461
"GSG1L",0.000461538461538461
"MYL12A",0.000461538461538461
"WEE1",0.00045839874411303
"C2orf15",0.00045764705882353
"AKIP1",0.000457264957264957
"MAML2",0.000457264957264957
"RP11-143K11.1",0.000455722402597403
"CTD-2033A16.2",0.000448620019436346
"COX18",0.000448484848484848
"CTGLF11P",0.000448
"OGFOD1",0.000444444444444444
"PDCL3P4",0.000444444444444444
"IFT172",0.000438692480359147
"CMTM4",0.000435555555555555
"RP11-1L12.3",0.000434895833333333
"RP11-1134I14.4",0.00043482905982906
"ZNF322P1",0.000431818181818182
"CCDC19",0.000428571428571429
"OR2L5",0.000428571428571429
"TMPPE",0.000428571428571429
"TDRD6",0.000428571428571429
"TNFRSF19",0.000428571428571429
"MLLT6",0.000428571428571429
"FMNL2",0.000428571428571428
"FLYWCH1",0.000428095238095238
"SLC22A23",0.00042125
"ZSCAN22",0.000421052631578948
"RP11-372K14.2",0.000420634920634921
"RP11-234A1.1",0.000419642857142857
"CKS1B",0.000415
"PDZD2",0.000414529914529915
"CERS6",0.000411458333333333
"HOPX",0.000410714285714286
"COL25A1",0.000408730158730159
"ZNF681",0.000407272727272727
"ZNF502",0.000404411764705882
"CCDC62",0.000402721088435374
"NPPC",0.000401428571428571
"FAM200B",4e-04
"KIF23",4e-04
"C3orf38",4e-04
"PSMG4",4e-04
"KDM6A",4e-04
"RP11-266K4.1",4e-04
"SLC47A2",4e-04
"TAF15",4e-04
"C19orf66",4e-04
"ZNF223",4e-04
"PLCD1",0.000398744113029827
"CAPN5",0.000396825396825397
"PARP16",0.000393162393162393
"ZFP41",0.000392857142857143
"LINC00675",0.000392857142857143
"RP1-228H13.5",0.000388671875
"BCL11B",0.000387755102040816
"RP11-274B21.1",0.000386831275720165
"MLLT10",0.000384615384615385
"SYT3",0.000384615384615385
"CDK6",0.000383219954648526
"TSPAN33",0.000381538461538462
"CYP2C8",0.000380952380952381
"TDRD1",0.000376
"PCDH20",0.000375
"CLUHP3",0.000375
"KLHDC4",0.000375
"FAM105B",0.000370020576131687
"CTD-2216M2.1",0.000369791666666667
"KAT6A",0.000369479166666667
"LINGO2",0.000365899725274725
"TCEAL6",0.000365079365079365
"BICC1",0.000363636363636364
"RP11-227G15.8",0.000363636363636364
"STRN4",0.000363636363636364
"PELO",0.000362666666666667
"POMK",0.000362666666666666
"OPN5",0.000359375
"ZRANB2",0.000357638888888889
"FAM122A",0.000357142857142857
"SLC9A3",0.000352941176470588
"RP11-455B3.1",0.000352941176470588
"LINC00960",0.000352941176470588
"PSMA6",0.000352941176470588
"SLC17A9",0.00035042735042735
"MFHAS1",0.000348794063079777
"GPN2",0.000344047619047619
"MBIP",0.0003440329218107
"CTD-2162K18.3",0.000341666666666667
"CTD-3060P21.1",0.000341346153846154
"MCM3",0.000340740740740741
"PTCHD3P1",0.000337414965986395
"SLMO2",0.000337333333333334
"CASC7",0.000335884353741497
"ESCO1",0.000333545918367347
"PAM",0.000333333333333333
"HMGN5",0.000333333333333333
"EIF2S2P3",0.000333333333333333
"RP11-310E22.5",0.000333333333333333
"SLC1A2",0.000333333333333333
"ENO2",0.000333333333333333
"AQP6",0.000333333333333333
"MT-ATP8",0.000333333333333333
"HLA-F-AS1",0.000333333333333333
"ZNF737",0.000333333333333333
"TMED11P",0.00033
"MYO9B",0.00032936507936508
"KLHL35",0.000329218106995885
"ATP6V1A",0.000325396825396825
"ZNF883",0.000323418803418803
"ZNF566",0.000322916666666667
"AP1S2",0.000320987654320988
"TAF13",0.000319727891156463
"SLC24A4",0.000319444444444444
"TNC",0.000319196428571429
"ALG10B",0.00031640625
"RP11-212D19.5",0.000315881445170661
"TF",0.00031578947368421
"ZMAT4",0.000315151515151515
"RP11-46H11.3",0.000314666666666667
"GOLGA6L19",0.000312169312169312
"NEAT1",0.000311224489795918
"PCDHGA11",0.00031037037037037
"SLC30A3",0.000309895833333333
"P2RX3",0.000307692307692308
"CCDC30",0.000307692307692308
"RP11-90K6.1",0.000307692307692308
"RNF7",0.000307692307692308
"TMEM41A",0.000307692307692308
"DKK1",0.000307692307692308
"LINC00858",0.000307692307692308
"RHOJ",0.000307692307692308
"RP11-401P9.5",0.000307692307692308
"PRSS54",0.000307692307692308
"ZNF44",0.000307692307692308
"MUTYH",0.000307291666666667
"SLC38A10",0.000306463326071169
"TRIM66",0.0003025
"PKD1P5",0.000302083333333333
"NPM2",0.000301587301587302
"RP11-732M18.3",0.000301587301587301
"CHGB",0.000301538461538462
"FAM185BP",3e-04
"TSC22D1",0.000298076923076923
"TNFSF15",0.000298059964726631
"GRM6",0.000297052154195011
"MST1",0.000296703296703297
"MIR940",0.000295192307692308
"SLIT2",0.000294117647058824
"LENG8-AS1",0.000293333333333333
"FBXO6",0.000291666666666667
"RHBDF2",0.000291666666666667
"SMTNL1",0.000291666666666667
"CTB-175P5.4",0.000291666666666667
"KB-226F1.2",0.000290816326530612
"DNAJC15",0.000289115646258504
"NFIB",0.000286057692307692
"RPSAP52",0.000286057692307692
"MME",0.000285714285714286
"RALGAPA1P",0.000285714285714286
"NIPA2",0.000285714285714286
"LTBP1",0.000285714285714286
"CERS6-AS1",0.000285714285714286
"RP11-363J17.1",0.000285714285714286
"RP11-731C17.2",0.000285714285714286
"CTC-366B18.4",0.000285714285714286
"ABLIM3",0.000285714285714286
"CLEC2L",0.000285714285714286
"LYNX1",0.000285714285714286
"GLI4",0.000285714285714286
"AHSA1",0.000285714285714286
"TCF15",0.000285714285714286
"GRM5",0.000284285714285714
"AC074363.1",0.000283653846153846
"RAPGEF1",0.000283076923076923
"C1orf147",0.000283076923076923
"PTCHD1",0.000282798833819242
"SNHG18",0.00028235294117647
"RASSF9",0.000281746031746032
"LACC1",0.000281746031746032
"HERC3",0.00028
"TAS2R4",0.000276785714285714
"FAM183A",0.000276190476190476
"CTC-260E6.11",0.000275568181818182
"TCTEX1D1",0.000274285714285714
"MFSD9",0.000274052478134111
"GFOD1",0.000272941176470588
"CCDC152",0.000270476190476191
"UCP2",0.000269230769230769
"RMDN2",0.000269230769230769
"TMEM66",0.000269230769230769
"KIFC3",0.000269230769230769
"ATXN2L",0.000267857142857143
"ABCC8",0.000266666666666667
"AURKAIP1",0.000266666666666667
"PSMC3",0.000266666666666667
"MED13L",0.000266666666666667
"PFN1",0.000266666666666667
"AC012309.5",0.000266666666666667
"SMYD2",0.000263945578231293
"ACBD7",0.00026325850340136
"ESRRB",0.000262857142857143
"RP11-70F11.8",0.000262019230769231
"PCBP4",0.000261363636363636
"SLC14A1",0.00026
"CBWD6",0.00025998547567175
"HINT1",0.000259259259259259
"RN7SL473P",0.000258571428571428
"UBFD1",0.000258147240377632
"KBTBD6",0.0002574568288854
"ALAD",0.000257211538461538
"CFL1P5",0.000252403846153846
"RP11-707P17.2",0.000252307692307693
"FAM208B",0.000252307692307692
"GNG12",0.00025
"RP11-325P15.1",0.00025
"RAB13",0.00025
"THBS3",0.00025
"NID1",0.00025
"ATP6V1B1",0.00025
"GABRR3",0.00025
"IDUA",0.00025
"LIFR",0.00025
"BTNL9",0.00025
"PIH1D2",0.00025
"TUBA1C",0.00025
"HIGD1AP9",0.00025
"RP11-309I15.1",0.00025
"SLC24A1",0.00025
"MESDC2",0.00025
"SLCO3A1",0.00025
"RP11-347C12.3",0.00025
"RP11-769O8.3",0.00025
"ZNF554",0.00025
"ZNF283",0.00025
"MTND2P28",0.00024969474969475
"ANAPC11",0.000248299319727891
"MATK",0.000247596153846154
"NF2",0.0002475
"ASXL1",0.00024734693877551
"MTERFD3",0.000246527777777778
"RP11-473M20.14",0.000243589743589744
"PLAGL2",0.000243589743589744
"IFI44",0.000239795918367347
"ECM1",0.000239316239316239
"TMEM145",0.000238095238095238
"SFRP1",0.000238095238095238
"EDEM2",0.000237373737373737
"SARDH",0.000236239316239316
"HYDIN2",0.000235294117647059
"FRZB",0.000235294117647059
"EIF4G1",0.000235294117647059
"TFRC",0.000235294117647059
"CTD-2358C21.4",0.000235294117647059
"RP11-433P17.3",0.000234285714285714
"RAD1",0.000233333333333333
"RPL21P134",0.000233333333333333
"RP11-473I1.10",0.000233333333333333
"RP3-465N24.5",0.000233333333333333
"ZNF221",0.000232142857142857
"CCNJL",0.000231666666666667
"GSTCD",0.000231428571428571
"PCDHAC2",0.00023032967032967
"TTC12",0.000229910714285714
"RP11-927P21.1",0.000229484386347131
"PARP4P1",0.000229333333333333
"GAPVD1",0.000227906547234278
"RP11-1191J2.2",0.000226666666666667
"USP2-AS1",0.000225690276110444
"NPM1P13",0.000222222222222222
"PLBD2",0.000222222222222222
"DVL3",0.000221153846153846
"DNER",0.000221153846153846
"RP11-342D14.1",0.000221153846153846
"RP11-338N10.2",0.000219954648526077
"ADC",0.00021875
"TRIB2",0.00021875
"RP5-966M1.6",0.00021875
"PROKR2",0.00021875
"RP11-274B21.3",0.000218666666666667
"LRRC16B",0.000216666666666667
"SYT2",0.00021608643457383
"RECQL5",0.000215743440233236
"SVILP1",0.000215167548500882
"LCA5",0.000215041152263375
"SLC9A3R1",0.000213333333333333
"GPR161",0.000212827988338192
"HNF4A",0.000212403846153846
"NEK11",0.000212345679012345
"ACSF3",0.000212345679012345
"SPIN4",0.0002109375
"A3GALT2",0.000210526315789474
"NPY1R",0.000209876543209877
"MYH7B",0.000209230769230769
"C16orf96",0.000209183673469388
"AC011306.2",0.000208333333333333
"KMT2C",0.000208333333333333
"AC012317.1",0.000207407407407407
"GBP2",0.000207407407407407
"RFXAP",0.000206666666666667
"AP001372.2",0.000205882352941176
"SUGT1P",0.000205
"ARHGAP28",0.000205
"RP11-577N1.1",0.000203994418280133
"IGDCC4",0.000203304178814383
"RP11-255H23.2",0.000203047619047619
"RP11-384K6.2",0.000201814058956916
"PHLDA2",0.000201709401709402
"LARP4B",0.000201360544217687
"PARK7",0.000201329534662868
"ZNF195",0.000200617283950617
"CBFA2T3",2e-04
"CLK3",0.000199588477366255
"HLA-DQB2",0.000199074074074074
"ALX1",0.000198639455782313
"YAP1",0.000198353909465021
"ZFP69B",0.000197530864197531
"PPL",0.000194285714285714
"MED28",0.000191666666666667
"FGFR2",0.00019140625
"TXK",0.00019047619047619
"ZNF43",0.00019047619047619
"SLC9B1",0.000190359477124183
"TMLHE",0.000188690112797255
"TUBA3FP",0.000187878787878788
"NECAP1",0.000187755102040816
"PFN2",0.000186224489795918
"BDNF-AS",0.000185359477124183
"PDGFRL",0.000183006535947712
"LINC00645",0.000182857142857143
"NR3C2",0.000181818181818182
"CHTOP",0.000181818181818182
"CAMKV",0.000181818181818182
"MRFAP1",0.000181818181818182
"RNASEK-C17orf49",0.000181818181818182
"GATAD2A",0.000181818181818182
"ZNF417",0.000181818181818182
"GSTT1",0.000181818181818182
"GPR1",0.000181640625
"MUC3A",0.000181333333333333
"RAD51AP2",0.000181069958847736
"FBLIM1",0.00018
"CREB3L4",0.0001796875
"MRPS25",0.0001796875
"BTBD19",0.000178977272727273
"APH1B",0.000177891156462585
"NBPF9",0.00017764705882353
"C20orf194",0.000177469135802469
"RP1-170O19.21",0.000177083333333333
"COL16A1",0.000176470588235294
"ZNF91",0.000175480769230769
"RP11-67C2.2",0.000174074074074074
"RPL23AP81",0.00017283950617284
"SACS-AS1",0.00017
"RP11-466P24.6",0.00016820987654321
"PALMD",0.000166666666666667
"AP4B1",0.000166666666666667
"HLA-DRB5",0.000166666666666667
"CEP290",0.000166666666666667
"NTNG1",0.000166666666666667
"PAX8",0.000166666666666667
"IQCB1",0.000166666666666667
"RP11-348J24.1",0.000166666666666667
"PCDHB5",0.000166666666666667
"RP11-641A6.8",0.000166666666666667
"RP11-488C13.6",0.000166666666666667
"RP11-461O7.1",0.000166666666666667
"HAS3",0.000166666666666667
"CEP95",0.000166666666666667
"ENGASE",0.000166666666666667
"RP11-161I6.2",0.000166666666666667
"PIN1",0.000166666666666667
"MT-ND6",0.000166666666666667
"DAP3",0.000166666666666667
"CENPF",0.000166666666666667
"IL8",0.000166666666666667
"PPM1K",0.000166666666666667
"PCDHB15",0.000166666666666667
"HSPB1",0.000166666666666667
"ATP6AP1",0.000166666666666667
"GNAQ",0.000166666666666667
"RP11-498P14.3",0.000166666666666667
"RP11-283I3.6",0.000166666666666667
"TBC1D3",0.000166666666666667
"DDX5",0.000166666666666667
"VEZF1",0.000165740740740741
"RP11-613H2.2",0.000164609053497942
"RP11-705O1.8",0.000164583333333333
"FZD1",0.00016374269005848
"LA16c-361A3.3",0.00016317809174952
"IDS",0.000160493827160494
"CTD-2124B20.3",0.00016
"RP11-379H18.1",0.000159670781893004
"CTD-2292P10.4",0.000159134615384615
"SMN1",0.000158279220779221
"RP11-509M23.1",0.000158163265306122
"H2AFZ",0.00015690408357075
"RP11-83A24.2",0.000156565656565656
"AP001628.6",0.000155745489078822
"CYP4F25P",0.000155294117647059
"NUDT1",0.000154296875
"RP13-36G14.4",0.000154296875
"PRDM16",0.000153846153846154
"RP11-337C18.4",0.000153846153846154
"ACTBP11",0.000153846153846154
"PHLDB2",0.000153846153846154
"RCHY1",0.000153846153846154
"RP11-184E9.2",0.000153846153846154
"RP11-133F8.2",0.000153846153846154
"TSPYL4",0.000153846153846154
"PLXNA4",0.000153846153846154
"TMEM140",0.000153846153846154
"FGF17",0.000153846153846154
"SEPT10P1",0.000153846153846154
"TSPYL5",0.000153846153846154
"RP11-316P17.2",0.000153846153846154
"NOLC1",0.000153846153846154
"RP11-313P18.2",0.000153846153846154
"PMFBP1",0.000153846153846154
"C19orf10",0.000153846153846154
"ZNF790",0.000153846153846154
"C5AR1",0.000153846153846154
"H1F0",0.000153846153846154
"RGS7",0.000153846153846154
"DTHD1",0.000153846153846154
"SPP1",0.000153846153846154
"MIR302D",0.000153846153846154
"PCDHGB4",0.000153846153846154
"GAL3ST4",0.000153846153846154
"NPM1P49",0.000153846153846154
"CTD-2336O2.1",0.000153846153846154
"AGAP8",0.000153846153846154
"DYDC1",0.000153846153846154
"RP11-310E22.4",0.000153846153846154
"SSPN",0.000153846153846154
"BMS1P15",0.000153846153846154
"CTC-559E9.12",0.000153846153846154
"ZNF570",0.000153846153846154
"PTTG1IP",0.000153061224489796
"RP11-68I18.10",0.000148859543817527
"RP11-275I4.1",0.000148148148148148
"ZNF841",0.000147692307692308
"ZNF324B",0.000146825396825397
"ZNF100",0.000144605990544366
"ZNF112",0.000142857142857143
"AC016747.3",0.000142857142857143
"RP11-84C13.1",0.000142857142857143
"MAP3K1",0.000142857142857143
"AC006960.5",0.000142857142857143
"APLN",0.000142857142857143
"TSTD2",0.000142857142857143
"GOLGA2P7",0.000142857142857143
"HNRNPA1P16",0.000142857142857143
"LOC100421166",0.000142857142857143
"HIRA",0.000142857142857143
"SEP15",0.000142857142857143
"RP11-86H7.7",0.000142857142857143
"CASQ2",0.000142857142857143
"RP11-404O13.5",0.000142857142857143
"PPFIA4",0.000142857142857143
"MYT1L-AS1",0.000142857142857143
"MRAS",0.000142857142857143
"LINC00886",0.000142857142857143
"SPTSSB",0.000142857142857143
"RAC1P2",0.000142857142857143
"CARD6",0.000142857142857143
"UQCRQ",0.000142857142857143
"RREB1",0.000142857142857143
"C6orf57",0.000142857142857143
"MTHFD1P1",0.000142857142857143
"CTSB",0.000142857142857143
"NAPRT1",0.000142857142857143
"TJP2",0.000142857142857143
"PTPN3",0.000142857142857143
"RTKN2",0.000142857142857143
"RPL26P30",0.000142857142857143
"RCOR2",0.000142857142857143
"SOHLH2",0.000142857142857143
"SPATA5L1",0.000142857142857143
"C15orf27",0.000142857142857143
"AC003102.3",0.000142857142857143
"LINC01029",0.000142857142857143
"CRLS1",0.000142857142857143
"PPIAP3",0.000142857142857143
"YWHAB",0.000142857142857143
"RRP7A",0.000142857142857143
"CXADRP1",0.000142857142857143
"MT-CO3",0.000142857142857143
"GPR4",0.000141666666666667
"SDHAP1",0.000141428571428572
"MESDC1",0.000141428571428571
"AC078993.1",0.000141287284144427
"PCSK5",0.000140625
"AC092651.1",0.000140136054421768
"ECI1",0.00014
"RP11-351I21.7",0.000137142857142857
"ZKSCAN8",0.000136363636363636
"RP11-260M19.1",0.000136363636363636
"MGRN1",0.000135416666666667
"AC007040.11",0.000133333333333334
"RPS23P3",0.000133333333333334
"HSD17B10",0.000133333333333334
"LY96",0.000133333333333334
"PAPPA",0.000133333333333334
"IKZF4",0.000133333333333334
"PRKXP1",0.000133333333333334
"PTCHD2",0.000133333333333333
"MTFR1L",0.000133333333333333
"COBLL1",0.000133333333333333
"KRT8P12",0.000133333333333333
"GRPEL1",0.000133333333333333
"RTEL1P1",0.000133333333333333
"MBLAC2",0.000133333333333333
"DCP2",0.000133333333333333
"CTB-12O2.1",0.000133333333333333
"ZNF192P1",0.000133333333333333
"AC083867.4",0.000133333333333333
"PGK1",0.000133333333333333
"MST4",0.000133333333333333
"MIR548V",0.000133333333333333
"RP13-582O9.5",0.000133333333333333
"KDELC2",0.000133333333333333
"CD163",0.000133333333333333
"RP11-174G6.1",0.000133333333333333
"ACSS3",0.000133333333333333
"TCTN1",0.000133333333333333
"SERP2",0.000133333333333333
"RP11-116N8.1",0.000133333333333333
"RCOR1",0.000133333333333333
"LINC00514",0.000133333333333333
"POLR2C",0.000133333333333333
"CTB-58E17.5",0.000133333333333333
"RP13-890H12.2",0.000133333333333333
"MIR663A",0.000133333333333333
"ZNF701",0.000133333333333333
"RGS10",0.000133333333333333
"CTD-3006G17.2",0.000132301587301587
"RAB11FIP3",0.000131687242798354
"FAIM",0.000131195335276968
"AC084809.2",0.000130612244897959
"GDF11",0.000129230769230769
"HTR2C",0.000128086419753087
"SMEK2",0.000128
"NAA30",0.000128
"CYP2J2",0.000128
"FGL2",0.000126984126984127
"ANKHD1-EIF4EBP3",0.000126984126984127
"DNAJC16",0.000125
"RP4-694A7.2",0.000125
"FLVCR1",0.000125
"GALNT5",0.000125
"FIGN",0.000125
"CTDSPL",0.000125
"RP11-384K6.6",0.000125
"RP11-1415C14.3",0.000125
"CTB-127C13.1",0.000125
"ADAT2",0.000125
"ZNF680",0.000125
"CLVS1",0.000125
"OSR2",0.000125
"LMX1B",0.000125
"OR5AK2",0.000125
"TFCP2",0.000125
"SPPL3",0.000125
"RP11-270M14.1",0.000125
"CRABP1",0.000125
"ASB7",0.000125
"NHLRC4",0.000125
"LONP2",0.000125
"NECAB2",0.000125
"SLC35G6",0.000125
"LLGL1",0.000125
"LRRC37B",0.000125
"GHDC",0.000125
"LRRC37A17P",0.000125
"CBX2",0.000125
"MYOM1",0.000125
"AC002398.11",0.000125
"PSD4",0.000122767857142857
"TMEM191C",0.000122666666666666
"AHCYL1",0.000122448979591837
"GAA",0.000122448979591837
"MFNG",0.000122448979591836
"RBM27",0.000121527777777778
"MRPS14",0.000121527777777778
"RP11-104G3.2",0.00012
"RP11-182J1.13",0.000118518518518518
"UTRN",0.000117788461538462
"IL6R",0.000117647058823529
"RP11-79N23.1",0.000117647058823529
"SAMD3",0.000117647058823529
"LINC00087",0.000117647058823529
"L1CAM",0.000117647058823529
"C8orf31",0.000117647058823529
"CCND1",0.000117647058823529
"CTD-2313N18.7",0.000117647058823529
"DLEU7",0.000117647058823529
"NDUFAF1",0.000117647058823529
"TMEM11",0.000117647058823529
"GOSR2",0.000117647058823529
"CARD14",0.000117647058823529
"C20orf166-AS1",0.000117647058823529
"PLEKHG2",0.000117647058823529
"RP11-313J2.1",0.000116363636363637
"CTC-462L7.1",0.000115808823529412
"LINC01011",0.000115384615384615
"FAR2P4",0.000115384615384615
"DZIP1",0.00011522633744856
"GPX1P1",0.00011522633744856
"MYEOV2",0.000115042735042735
"FAM184B",0.000114795918367347
"TMEM242",0.000114795918367347
"RP11-84A19.4",0.000114583333333333
"MXRA5P1",0.000112
"TMEM43",0.000111111111111111
"RNF139-AS1",0.000111111111111111
"CDK9",0.000111111111111111
"AC013394.2",0.000111111111111111
"ZNF473",0.000111111111111111
"CGREF1",0.000111111111111111
"PTCHD3P3",0.000111111111111111
"RP11-672L10.2",0.000109375
"ZFC3H1",0.000108843537414966
"TRMT12",0.000108843537414966
"DNAH6",0.000107142857142857
"RPL29P12",0.000107142857142857
"TBCEL",0.000107142857142857
"RP11-977G19.5",0.000107142857142857
"snoR442",0.000106666666666667
"C1orf216",0.000106464963607821
"ST3GAL5",0.00010636277302944
"RN7SL549P",0.000105982905982906
"CLEC4GP1",0.000105349794238683
"SP8",0.000105263157894737
"DPEP1",0.000105263157894737
"PPP2R3B",0.000105263157894737
"AC115618.1",0.000105263157894737
"RP11-273G15.2",0.000105
"FUBP1",0.000104956268221574
"AKNAD1",0.000104956268221574
"TRPM5",0.000104575163398693
"LINC00672",0.000103896103896104
"RP11-432J22.2",0.000103832799145299
"TDG",0.000103365384615385
"MARCH8",0.000102057613168724
"RP11-46C24.7",0.000100694444444444
"FTH1P7",0.000100185528756957
"LETM1",1e-04
"RP11-269M20.3",1e-04
"PSMD12",1e-04
"RPL13P4",9.99999999999999e-05
"FAM120B",9.87654320987652e-05
"TPI1P1",9.84615384615386e-05
"NARFL",9.84615384615386e-05
"UCHL3",9.84615384615384e-05
"SEPW1",9.84615384615384e-05
"CPS1",9.62962962962963e-05
"NRD1",9.375e-05
"CNTNAP5",9.375e-05
"NTRK2",9.375e-05
"YWHAG",9.37499999999998e-05
"RP11-1000B6.3",9.29557007988378e-05
"ARHGAP29",9.25925925925928e-05
"GRIA1",9.25925925925926e-05
"ARHGAP6",9.25170068027212e-05
"RP13-216E22.5",9.21810699588481e-05
"RP11-1072N2.4",9.21810699588477e-05
"TMEM161B-AS1",9.21810699588477e-05
"RP11-562A8.5",9.07029478458048e-05
"DNAJC9",8.97959183673469e-05
"PAK2",8.8888888888889e-05
"TMSB4X",8.843537414966e-05
"RN7SKP124",8.82352941176472e-05
"GLIPR1",8.82352941176472e-05
"SLC12A9",8.8235294117647e-05
"ONECUT1",8.73015873015872e-05
"RP11-439C15.5",8.68778280542986e-05
"TENM1",8.65384615384617e-05
"RP11-682B13.2",8.65384615384615e-05
"GRIN3B",8.64197530864197e-05
"STX7",8.54700854700856e-05
"KIF21B",8.54700854700854e-05
"RP11-804N13.1",8.33333333333335e-05
"RMI1",8.33333333333333e-05
"SPA17",8.16993464052287e-05
"SELE",8.12500000000001e-05
"UQCRFS1",8.02469135802468e-05
"RP11-521O16.2",8.00000000000001e-05
"CHL1",8.00000000000001e-05
"RP11-1070A24.2",8.00000000000001e-05
"COTL1",7.99999999999998e-05
"FGR",7.93650793650793e-05
"C8orf4",7.93650793650793e-05
"CTC-575D19.1",7.87172011661805e-05
"RP11-23N2.4",7.84929356357928e-05
"NDOR1",7.53532182103609e-05
"UGCG",7.52941176470587e-05
"ZBTB44",7.40740740740744e-05
"DAP",7.40740740740742e-05
"RP3-417G15.1",7.40740740740742e-05
"RP11-500C11.3",7.29166666666665e-05
"THOC3",7.21153846153848e-05
"DOK3",7.03125e-05
"METTL6",7.00000000000001e-05
"NSUN4",6.94444444444444e-05
"IARS2",6.94444444444444e-05
"PCDHA4",6.94444444444444e-05
"TMEM262",6.77083333333333e-05
"RNF44",6.73076923076923e-05
"ARL16",6.60740740740742e-05
"FUT1",6.59340659340661e-05
"CTD-3064M3.4",6.53061224489795e-05
"PPM1B",6.375e-05
"ARSB",6.34920634920635e-05
"ZNF334",6.25850340136054e-05
"AC092614.2",6.25e-05
"HDHD3",6.25e-05
"AC129492.1",6.12244897959187e-05
"GSTM4",6.12244897959184e-05
"TECPR2",6.07371794871796e-05
"RN7SL399P",6.00000000000001e-05
"DLL4",5.92592592592591e-05
"TRAM1L1",5.83333333333333e-05
"SNORD127",5.83333333333333e-05
"RP11-235E17.4",5.83333333333333e-05
"KCNK3",5.83090379008748e-05
"CYP4F27P",5.80504115226339e-05
"SCGB1C1",5.73580994897962e-05
"PRKD2",5.68181818181817e-05
"PAXIP1-AS1",5.58035714285714e-05
"CTB-164L20.1",5.55555555555558e-05
"RP11-434B12.1",5.55555555555556e-05
"LINC00682",5.53846153846154e-05
"RRM2P3",5.46875e-05
"RBM34",5.35714285714286e-05
"NKAIN4",5.35714285714286e-05
"TGFA",5.24691358024689e-05
"SRSF5",5.23076923076924e-05
"CLTA",5.14285714285714e-05
"DPYSL2",4.96467817896391e-05
"RP11-14I17.3",4.93827160493827e-05
"MIR214",4.8828125e-05
"LAMA2",4.79999999999998e-05
"MAL2",4.77941176470589e-05
"GLI1",4.74833808167141e-05
"TXLNG",4.70085470085473e-05
"ERH",4.66666666666669e-05
"WNT1",4.54545454545454e-05
"RWDD2B",4.47058823529412e-05
"HNRNPLL",4.46428571428572e-05
"AGAP4",4.42176870748299e-05
"GPD1L",4.36507936507937e-05
"AC019097.7",4.3076923076923e-05
"SLC35C1",4.3076923076923e-05
"PLAT",4.18181818181818e-05
"GIP",4.08163265306123e-05
"RP11-398K22.12",3.84615384615385e-05
"SCG3",3.81944444444446e-05
"TPRG1",3.8095238095238e-05
"SPHKAP",3.79008746355682e-05
"RP11-527N22.2",3.79008746355682e-05
"PCDHA3",3.70370370370368e-05
"NAA20",3.59477124183008e-05
"RP11-266K4.9",3.57142857142856e-05
"DIO2-AS1",3.57142857142856e-05
"AGFG1",3.34821428571428e-05
"CD248",3.34821428571428e-05
"CREB5",3.29218106995883e-05
"XKR9",3.22886989553657e-05
"KPTN",3.21637426900583e-05
"PMS1",3.125e-05
"AC117395.1",2.99823633156966e-05
"PLA2G15",2.9296875e-05
"SERP1",2.92397660818713e-05
"EHMT2-AS1",2.92307692307694e-05
"DLG4",2.79835390946501e-05
"APOLD1",2.62345679012346e-05
"FARSA",2.43055555555556e-05
"JPX",2.28571428571427e-05
"RP11-446E9.1",2.23529411764705e-05
"LSR",2.08333333333335e-05
"ZNF286B",2.08333333333333e-05
"DRC1",1.94003527336859e-05
"DNAAF1",1.7578125e-05
"ZKSCAN7",1.45833333333334e-05
"CYP2G1P",1.42857142857142e-05
"CTD-3185P2.2",1.04166666666667e-05
"RP5-821D11.7",9.73409306742634e-06
"RP11-297P16.3",9.2335390946503e-06
"SEC31B",8.48765432098753e-06
"MRPS17P1",7.35294117647078e-06
"RNU6ATAC18P",4.27350427350448e-06
"RP11-62H7.2",2.72108843537411e-06
"DDX11L1",0
"WASH7P",0
"MIR1302-10",0
"RP11-34P13.7",0
"AL627309.1",0
"RP11-34P13.15",0
"RP11-34P13.14",0
"RP11-34P13.13",0
"RP11-34P13.9",0
"AP006222.2",0
"RP4-669L17.10",0
"RP4-669L17.8",0
"RP5-857K21.15",0
"RP5-857K21.4",0
"MTND1P23",0
"RP5-857K21.7",0
"MTATP8P1",0
"MTATP6P1",0
"WBP1LP6",0
"OR4F16",0
"CICP3",0
"RP11-206L10.1",0
"RP11-206L10.3",0
"RP11-206L10.5",0
"RP11-206L10.2",0
"RP11-206L10.9",0
"RP11-206L10.8",0
"AL669831.1",0
"FAM87B",0
"LINC00115",0
"LINC01128",0
"FAM41C",0
"TUBB8P11",0
"RP11-54O7.16",0
"RP11-54O7.1",0
"RP11-54O7.2",0
"RP11-54O7.3",0
"SAMD11",0
"AL645608.1",0
"NOC2L",0
"KLHL17",0
"PLEKHN1",0
"C1orf170",0
"RP11-54O7.17",0
"HES4",0
"RP11-54O7.10",0
"RP11-54O7.11",0
"ISG15",0
"AGRN",0
"RP11-465B22.3",0
"RP11-54O7.18",0
"RNF223",0
"C1orf159",0
"RP11-465B22.5",0
"RP11-465B22.8",0
"TTLL10-AS1",0
"TTLL10",0
"TNFRSF18",0
"TNFRSF4",0
"SDF4",0
"B3GALT6",0
"FAM132A",0
"RP5-902P8.12",0
"UBE2J2",0
"RP5-902P8.10",0
"SCNN1D",0
"ACAP3",0
"PUSL1",0
"CPSF3L",0
"RP5-890O3.9",0
"GLTPD1",0
"TAS1R3",0
"DVL1",0
"MXRA8",0
"RP5-890O3.3",0
"CCNL2",0
"RP4-758J18.2",0
"MRPL20",0
"RP4-758J18.13",0
"ANKRD65",0
"RP4-758J18.7",0
"TMEM88B",0
"RP4-758J18.10",0
"VWA1",0
"ATAD3C",0
"ATAD3B",0
"ATAD3A",0
"TMEM240",0
"SSU72",0
"AL645728.1",0
"C1orf233",0
"RP11-345P4.9",0
"MIB2",0
"MMP23B",0
"CDK11B",0
"RP11-345P4.10",0
"SLC35E2B",0
"RP11-345P4.7",0
"RP11-345P4.6",0
"MMP23A",0
"CDK11A",0
"RP1-283E3.8",0
"RP1-283E3.4",0
"SLC35E2",0
"NADK",0
"GNB1",0
"RP1-140A9.1",0
"CALML6",0
"TMEM52",0
"C1orf222",0
"RP11-547D24.1",0
"GABRD",0
"RP11-547D24.3",0
"PRKCZ",0
"RP5-892K4.1",0
"RP11-181G12.2",0
"C1orf86",0
"AL590822.1",0
"RP11-181G12.4",0
"SKI",0
"MORN1",0
"RP4-713A8.1",0
"AL589739.1",0
"RP4-740C4.6",0
"RP4-740C4.7",0
"RP4-740C4.9",0
"RP4-740C4.8",0
"RER1",0
"PEX10",0
"PLCH2",0
"RP3-395M20.2",0
"RP3-395M20.3",0
"PANK4",0
"HES5",0
"RP3-395M20.12",0
"RP3-395M20.8",0
"TNFRSF14",0
"RP3-395M20.7",0
"RP3-395M20.9",0
"FAM213B",0
"MMEL1",0
"RP13-436F16.1",0
"TTC34",0
"LINC00982",0
"RP11-22L13.1",0
"ARHGEF16",0
"RP11-168F9.2",0
"MEGF6",0
"RP11-46F15.2",0
"TPRG1L",0
"WRAP73",0
"TP73",0
"TP73-AS1",0
"CCDC27",0
"SMIM1",0
"LRRC47",0
"RN7SL574P",0
"RP1-286D6.5",0
"CEP104",0
"DFFB",0
"C1orf174",0
"LINC01134",0
"RP13-614K11.1",0
"RP13-614K11.2",0
"RP5-1166F10.1",0
"AJAP1",0
"RP11-542C10.1",0
"NPHP4",0
"KCNAB2",0
"CHD5",0
"RPL22",0
"RP1-120G22.11",0
"RNF207",0
"ICMT",0
"LINC00337",0
"HES3",0
"GPR153",0
"ACOT7",0
"HES2",0
"ESPN",0
"RP1-202O8.2",0
"TNFRSF25",0
"PLEKHG5",0
"NOL9",0
"RP11-58A11.2",0
"TAS1R1",0
"ZBTB48",0
"KLHL21",0
"PHF13",0
"THAP3",0
"DNAJC11",0
"RP11-242F24.1",0
"snoU13",0
"RP11-312B8.1",0
"CAMTA1",0
"RP11-312B8.2",0
"RP11-334N17.1",0
"CAMTA1-IT1",0
"RP3-453P22.2",0
"RP4-549F15.1",0
"RP11-338N10.1",0
"RP11-338N10.3",0
"VAMP3",0
"RP3-467L1.6",0
"PER3",0
"RP3-467L1.4",0
"UTS2",0
"TNFRSF9",0
"Y_RNA",0
"ERRFI1",0
"RP11-431K24.1",0
"SLC45A1",0
"RERE",0
"RP5-1115A15.1",0
"SNORA77",0
"RP5-1115A15.2",0
"RPL7P11",0
"RPL7P7",0
"RP4-633I8.3",0
"RP4-633I8.4",0
"ENO1",0
"ENO1-IT1",0
"ENO1-AS1",0
"CA6",0
"SLC2A7",0
"SLC2A5",0
"GPR157",0
"MIR34A",0
"RP3-510D11.1",0
"RP3-510D11.2",0
"H6PD",0
"SPSB1",0
"SLC25A33",0
"RP13-15M17.1",0
"TMEM201",0
"PIK3CD",0
"RP11-558F24.4",0
"CLSTN1",0
"CTNNBIP1",0
"LZIC",0
"RP11-84A14.4",0
"NMNAT1",0
"RN7SKP269",0
"MIR5697",0
"RBP7",0
"UBE4B",0
"RNU6-828P",0
"KIF1B",0
"RNU6-37P",0
"RN7SL721P",0
"PGD",0
"RP4-736L20.3",0
"APITD1",0
"CORT",0
"DFFA",0
"PEX14",0
"RN7SL614P",0
"CASZ1",0
"RP4-734G22.3",0
"C1orf127",0
"CFL1P6",0
"TARDBP",0
"MASP2",0
"RP4-635E18.8",0
"SRM",0
"EXOSC10",0
"RP4-635E18.7",0
"RP4-635E18.6",0
"MTOR",0
"MTOR-AS1",0
"ANGPTL7",0
"UBIAD1",0
"UBE2V2P3",0
"RP1-69M21.2",0
"FBXO2",0
"FBXO44",0
"MAD2L2",0
"DRAXIN",0
"AGTRAP",0
"C1orf167",0
"RP11-56N19.5",0
"MTHFR",0
"CLCN6",0
"NPPA-AS1",0
"NPPA",0
"NPPB",0
"RP5-934G17.6",0
"RNU5E-1",0
"KIAA2013",0
"PLOD1",0
"MIIP",0
"TNFRSF8",0
"SNORA70",0
"VPS13D",0
"SNORA59A",0
"DHRS3",0
"RP11-474O21.5",0
"AADACL3",0
"C1orf158",0
"LRRC38",0
"PDPN",0
"CTA-520D8.2",0
"SCARNA11",0
"PRDM2",0
"RP4-704D23.1",0
"KAZN",0
"TBCAP2",0
"TMEM51-AS1",0
"TMEM51",0
"C1orf195",0
"RP3-467K16.7",0
"RP3-467K16.4",0
"EFHD2",0
"CTRC",0
"CELA2A",0
"CELA2B",0
"CASP9",0
"SCARNA21",0
"AGMAT",0
"RP4-680D5.2",0
"CHCHD2P6",0
"DDI2",0
"PLEKHM2",0
"RP11-288I21.1",0
"SLC25A34",0
"RP11-169K16.4",0
"TMEM82",0
"RP11-169K16.6",0
"RP11-169K16.7",0
"RP11-169K16.8",0
"RP11-169K16.9",0
"SPEN",0
"ZBTB17",0
"RP11-5P18.1",0
"C1orf64",0
"HSPB7",0
"CLCNKA",0
"RP11-5P18.10",0
"CLCNKB",0
"FAM131C",0
"EPHA2",0
"RP11-276H7.3",0
"ARHGEF19",0
"ANO7P1",0
"C1orf134",0
"MT1XP1",0
"FBXO42",0
"SZRD1",0
"RP11-430L17.1",0
"NECAP2",0
"RP4-798A10.2",0
"CROCCP3",0
"RNU1-1",0
"RP4-798A10.7",0
"RP4-798A10.4",0
"U1",0
"FAM231B",0
"NBPF1",0
"RP5-1182A14.5",0
"MST1P2",0
"EIF1AXP1",0
"ESPNP",0
"CROCC",0
"RNU1-4",0
"CROCCP4",0
"MST1L",0
"RP11-108M9.1",0
"RP11-108M9.2",0
"RP11-108M9.4",0
"RP11-108M9.5",0
"RP11-108M9.6",0
"MFAP2",0
"RP1-37C10.3",0
"ATP13A2",0
"SDHB",0
"PADI2",0
"RP11-380J14.1",0
"PADI1",0
"PADI3",0
"PADI4",0
"RCC2",0
"ARHGEF10L",0
"ACTL8",0
"RP11-174G17.2",0
"IGSF21",0
"RP11-174G17",0
"RP11-422P22.1",0
"KLHDC7A",0
"PAX7",0
"ALDH4A1",0
"IFFO2",0
"RP5-1126H10.2",0
"UBR4",0
"AL137127.1",0
"RP1-43E13.2",0
"EMC1",0
"MRTO4",0
"AKR7L",0
"AKR7A3",0
"RP4-657E11.10",0
"AKR7A2",0
"RNU6-1099P",0
"CAPZB",0
"RP5-1056L3.1",0
"MINOS1-NBL1",0
"MINOS1",0
"RPS14P3",0
"NBL1",0
"HTR6",0
"TMCO4",0
"OTUD3",0
"PLA2G2A",0
"PLA2G5",0
"RP3-340N1.2",0
"PLA2G2C",0
"UBXN10-AS1",0
"UBXN10",0
"VWA5B1",0
"LINC01141",0
"CAMK2N1",0
"MUL1",0
"RPS4XP4",0
"FAM43B",0
"CDA",0
"PINK1",0
"PINK1-AS",0
"DDOST",0
"KIF17",0
"RP5-930J4.5",0
"SH2D5",0
"HP1BP3",0
"EIF4G3",0
"MIR1256",0
"RPS15AP6",0
"HSPE1P27",0
"AL031005.1",0
"ECE1",0
"RP3-329E20.2",0
"RP5-1071N3.1",0
"NBPF2P",0
"HS6ST1P1",0
"CROCCP5",0
"NBPF3",0
"RAP1GAP",0
"USP48",0
"LDLRAD2",0
"HSPG2",0
"RP1-224A6.3",0
"LINC00339",0
"CDC42",0
"CDC42-IT1",0
"RP1-224A6.8",0
"RP1-224A6.9",0
"WNT4",0
"ZBTB40",0
"ZBTB40-IT1",0
"EPHA8",0
"EPHB2",0
"RP11-69E9.1",0
"RP1-74M1.3",0
"C1orf234",0
"KDM1A",0
"RP1-184J9.2",0
"LUZP1",0
"RP5-979D14.1",0
"RNU6-135P",0
"HTR1D",0
"HNRNPR",0
"ZNF436",0
"C1orf213",0
"RP5-1057J7.7",0
"TCEA3",0
"RP4-654C18.1",0
"ASAP3",0
"E2F2",0
"RP1-150O5.3",0
"ID3",0
"MDS2",0
"RPL11",0
"RP5-886K2.1",0
"RN7SL532P",0
"TCEB3",0
"RP5-886K2.3",0
"PITHD1",0
"LYPLA2",0
"GALE",0
"HMGCL",0
"FUCA1",0
"CNR2",0
"PNRC2",0
"SRSF10",0
"MYOM3",0
"IL22RA1",0
"IFNLR1",0
"GRHL3",0
"STPG1",0
"NIPAL3",0
"RCAN3",0
"NCMAP",0
"SRRM1",0
"CLIC4",0
"RUNX3",0
"RP4-799D16.1",0
"SYF2",0
"C1orf63",0
"RP3-465N24.6",0
"RHD",0
"TMEM50A",0
"RHCE",0
"RP3-469D22.1",0
"TMEM57",0
"LDLRAP1",0
"RP11-70P17.1",0
"MAN1C1",0
"RP1-187B23.1",0
"SEPN1",0
"RP1-317E23.3",0
"AL020996.1",0
"AUNIP",0
"RP1-125I3.2",0
"PAQR7",0
"STMN1",0
"SNRPFP2",0
"RP1-125I3.4",0
"PAFAH2",0
"SCARNA17",0
"SCARNA18",0
"EXTL1",0
"SLC30A2",0
"TRIM63",0
"PDIK1L",0
"FAM110D",0
"ZNF593",0
"RP11-96L14.7",0
"CNKSR1",0
"CATSPER4",0
"RP11-231P20.2",0
"CEP85",0
"RP11-231P20.5",0
"SH3BGRL3",0
"UBXN11",0
"CD52",0
"AIM1L",0
"RP11-569G9.7",0
"ZNF683",0
"LIN28A",0
"DHDDS",0
"RP3-476K8.4",0
"RP3-476K8.3",0
"HMGN2",0
"RPS6KA1",0
"RP5-968P14.2",0
"ARID1A",0
"RN7SL501P",0
"PIGV",0
"ZDHHC18",0
"SFN",0
"GPATCH3",0
"NUDC",0
"NR0B2",0
"C1orf172",0
"RP11-344H11.4",0
"TRNP1",0
"FAM46B",0
"SLC9A1",0
"CHCHD3P3",0
"NPM1P39",0
"WDTC1",0
"RP11-4K3__A.3",0
"TMEM222",0
"RNU6-48P",0
"RP11-4K3__A.5",0
"SYTL1",0
"MAP3K6",0
"FCN3",0
"CD164L2",0
"GPR3",0
"WASF2",0
"RP1-159A19.4",0
"AHDC1",0
"RP1-159A19.3",0
"IFI6",0
"RP11-288L9.4",0
"FAM76A",0
"RP3-426I6.2",0
"STX12",0
"RP3-426I6.5",0
"RP3-426I6.6",0
"PPP1R8",0
"SCARNA1",0
"THEMIS2",0
"RPA2",0
"SMPDL3B",0
"RP11-460I13.2",0
"XKR8",0
"EYA3",0
"RP11-460I13.6",0
"RN7SL559P",0
"SPCS2P4",0
"PTAFR",0
"DNAJC8",0
"AL353354.1",0
"ATPIF1",0
"RP5-1092A3.4",0
"RP5-1092A3.5",0
"SESN2",0
"MED18",0
"PHACTR4",0
"RP1-308E4.1",0
"RNU6ATAC27P",0
"RCC1",0
"SNHG3",0
"SNORA73B",0
"PRDX3P2",0
"TRNAU1AP",0
"SNHG12",0
"SNORD99",0
"TAF12",0
"RAB42",0
"RP11-442N24__B.1",0
"GMEB1",0
"SCARNA24",0
"YTHDF2",0
"OPRD1",0
"RP1-212P9.2",0
"RP1-212P9.3",0
"EPB41",0
"RP4-604A21.1",0
"TMEM200B",0
"RP11-242O24.3",0
"SRSF4",0
"RP11-242O24.5",0
"MECR",0
"RP11-467D18.2",0
"PTPRU",0
"AL645859.1",0
"RP3-437I16.1",0
"RP11-111I12.1",0
"MATN1",0
"MATN1-AS1",0
"LAPTM5",0
"RP5-1125N11.1",0
"RP1-65J11.1",0
"SDC3",0
"PUM1",0
"SNORD103A",0
"SNORD103B",0
"NKAIN1",0
"SNRNP40",0
"RP11-490K7.4",0
"ZCCHC17",0
"RP11-266K22.2",0
"FABP3",0
"SERINC2",0
"AC114494.1",0
"RP11-73M7.1",0
"TINAGL1",0
"HCRTR1",0
"PEF1",0
"RP11-73M7.6",0
"RP11-73M7.9",0
"BAI2",0
"MIR4254",0
"SPOCD1",0
"RP11-84A19.2",0
"PTP4A2",0
"AL136115.1",0
"RP4-534N18.2",0
"KHDRBS1",0
"RP11-277A4.4",0
"TMEM39B",0
"MIR5585",0
"TXLNA",0
"CCDC28B",0
"RP4-622L5.7",0
"IQCC",0
"DCDC2B",0
"TMEM234",0
"EIF3I",0
"MTMR9LP",0
"FAM167B",0
"LCK",0
"HDAC1",0
"MARCKSL1",0
"RP4-811H24.9",0
"TSSK3",0
"FAM229A",0
"BSDC1",0
"GAPDHP20",0
"RP11-395N6.4",0
"LRRC37A12P",0
"ZBTB8B",0
"ZBTB8A",0
"ZBTB8OS",0
"RBBP4",0
"SYNC",0
"RP11-114B7.6",0
"KIAA1522",0
"YARS",0
"S100PBP",0
"FNDC5",0
"HPCA",0
"TMEM54",0
"RNF19B",0
"FKSG48",0
"RP4-803A2.1",0
"RP4-803A2.2",0
"RP1-117O3.2",0
"AK2",0
"TRIM62",0
"ZNF362",0
"RP11-415J8.7",0
"RP11-415J8.3",0
"PHC2",0
"MIR3605",0
"RN7SKP16",0
"RP11-415J8.5",0
"ZSCAN20",0
"RP4-580O19.2",0
"CSMD2",0
"HSPD1P14",0
"HMGB4",0
"RP5-1007G16.1",0
"C1orf94",0
"AC115286.1",0
"SMIM12",0
"GJB5",0
"GJB4",0
"GJB3",0
"GJA4",0
"RP5-997D16.2",0
"DLGAP3",0
"SNORD112",0
"RP11-244H3.1",0
"ZMYM6",0
"ZMYM1",0
"SFPQ",0
"RN7SL136P",0
"ZMYM4",0
"SNORA62",0
"RPL5P4",0
"ZMYM4-AS1",0
"RNY5P1",0
"KIAA0319L",0
"RP4-728D4.3",0
"NCDN",0
"RP4-728D4.2",0
"TFAP2E",0
"PSMB2",0
"CLSPN",0
"AGO4",0
"AGO1",0
"RP4-789D17.5",0
"AGO3",0
"RP4-665N4.8",0
"RP4-665N4.4",0
"TEKT2",0
"ADPRHL2",0
"COL8A2",0
"TRAPPC3",0
"MAP7D1",0
"THRAP3",0
"UBE2V2P4",0
"SH3D21",0
"EVA1B",0
"RP11-268J15.5",0
"STK40",0
"LSM10",0
"OSCP1",0
"SNORA63",0
"MRPS15",0
"CSF3R",0
"GRIK3",0
"LINC01137",0
"ZC3H12A",0
"MEAF6",0
"MIR5581",0
"SNIP1",0
"FTH1P1",0
"RP3-423B22.5",0
"DNALI1",0
"GNL2",0
"RSPO1",0
"C1orf109",0
"CDCA8",0
"EPHA10",0
"ACTN4P2",0
"RP11-109P14.2",0
"MANEAL",0
"YRDC",0
"C1orf122",0
"MTF1",0
"INPP5B",0
"SF3A3",0
"RNU6-510P",0
"FHL3",0
"UTP11L",0
"POU3F1",0
"RP5-884C9.2",0
"RP5-884C9.3",0
"RP11-214L19.1",0
"RP11-329N22.1",0
"RP11-334L9.1",0
"RRAGC",0
"RP5-864K19.4",0
"MYCBP",0
"GJA9",0
"RHBDL2",0
"AKIRIN1",0
"NDUFS5",0
"MACF1",0
"RNU6-608P",0
"RNA5SP44",0
"RP11-416A14.1",0
"HSPE1P8",0
"KIAA0754",0
"BMP8A",0
"OXCT2P1",0
"PPIEL",0
"PABPC4",0
"RP11-69E11.8",0
"SNORA55",0
"HEYL",0
"RP1-144F13.3",0
"NT5C1A",0
"HPCAL4",0
"PPIE",0
"RP1-144F13.4",0
"BMP8B",0
"OXCT2",0
"RP1-118J21.25",0
"TRIT1",0
"RP1-118J21.5",0
"MFSD2A",0
"RP3-342P20.2",0
"CAP1",0
"PPT1",0
"RLF",0
"RP1-39G22.7",0
"ZMPSTE24",0
"RP1-39G22.4",0
"COL9A2",0
"RP1-228H13.1",0
"SMAP2",0
"ZFP69",0
"EXO5",0
"RP11-656D10.6",0
"ZNF684",0
"RIMS3",0
"RP4-739H11.3",0
"NFYC-AS1",0
"NFYC",0
"KCNQ4",0
"CITED4",0
"CTPS1",0
"SLFNL1",0
"SCMH1",0
"RP4-635E8.1",0
"RP11-399E6.1",0
"FOXO6",0
"RP11-399E6.4",0
"EDN2",0
"HIVEP3",0
"RP11-486B10.3",0
"RP11-486B10.4",0
"FOXJ3",0
"RP11-223A3.1",0
"RP11-157D18.2",0
"ZMYND12",0
"PPCS",0
"TMSB4XP1",0
"RP11-163G10.4",0
"PPIH",0
"RP5-994D16.3",0
"YBX1",0
"CLDN19",0
"LEPRE1",0
"C1orf50",0
"RP5-994D16.9",0
"CCDC23",0
"ERMAP",0
"RP11-342M1.3",0
"ZNF691",0
"RP11-342M1.7",0
"RP11-342M1.6",0
"ATP6V1E1P1",0
"SLC2A1",0
"SLC2A1-AS1",0
"RNU6-880P",0
"EBNA1BP2",0
"WDR65",0
"TMEM125",0
"C1orf210",0
"TIE1",0
"MPL",0
"RP1-92O14.3",0
"CDC20",0
"ELOVL1",0
"MED8",0
"RP1-92O14.6",0
"HYI",0
"HYI-AS1",0
"PTPRF",0
"KDM4A",0
"KDM4A-AS1",0
"ST3GAL3",0
"RP11-184I16.4",0
"RP11-184I16.3",0
"SHMT1P1",0
"ARTN",0
"RP11-7O11.3",0
"IPO13",0
"DPH2",0
"ATP6V0B",0
"B4GALT2",0
"CCDC24",0
"SLC6A9",0
"RP5-1198O20.4",0
"KLF17",0
"RP11-570P14.1",0
"RP5-891H21.5",0
"DMAP1",0
"ERI3",0
"ERI3-IT1",0
"RNF220",0
"TMEM53",0
"C1orf228",0
"RNU5D-1",0
"KIF2C",0
"RP11-269F19.2",0
"RPS8",0
"SNORD46",0
"RPS15AP11",0
"BEST4",0
"PLK3",0
"TCTEX1D4",0
"PTCH2",0
"RP5-882O7.1",0
"EIF2B3",0
"RP5-882O7.4",0
"HECTD3",0
"UROD",0
"ZSWIM5",0
"AL359473.1",0
"OSTCP5",0
"HPDL",0
"TOE1",0
"TESK2",0
"CCDC163P",0
"MMACHC",0
"PRDX1",0
"AKR1A1",0
"NASP",0
"CCDC17",0
"GPBP1L1",0
"RPS15AP10",0
"RP11-767N6.2",0
"TMEM69",0
"IPP",0
"RP11-767N6.7",0
"MAST2",0
"TMA16P2",0
"PIK3R3",0
"RP4-533D7.4",0
"RP4-533D7.3",0
"RP4-533D7.5",0
"TSPAN1",0
"POMGNT1",0
"LURAP1",0
"RAD54L",0
"LRRC41",0
"UQCRH",0
"RP4-603I14.3",0
"FAAH",0
"RP5-1109J22.1",0
"RP5-1109J22.2",0
"LINC00505",0
"DMBX1",0
"MKNK1-AS1",0
"KNCN",0
"MKNK1",0
"MOB3C",0
"ATPAF1",0
"EFCAB14",0
"RP11-8J9.1",0
"TEX38",0
"EFCAB14-AS1",0
"CYP4B1",0
"CYP4Z2P",0
"RP11-346M5.1",0
"CYP4A11",0
"CYP4X1",0
"CYP4Z1",0
"RP11-184J23.2",0
"CYP4A22-AS1",0
"CYP4A22",0
"LINC00853",0
"TAL1",0
"STIL",0
"CMPK1",0
"RP11-511I2.2",0
"FOXE3",0
"FOXD2-AS1",0
"FOXD2",0
"RP11-543D5.1",0
"TRABD2B",0
"RP11-330M19.1",0
"SKINTL",0
"SLC5A9",0
"RP5-1024N4.4",0
"SPATA6",0
"PPP1R8P1",0
"RP11-329A14.1",0
"AGBL4",0
"BEND5",0
"ELAVL4",0
"RP11-492I2.1",0
"RP11-567C20.2",0
"FCF1P6",0
"DMRTA2",0
"RP5-850O15.4",0
"FAF1",0
"RP5-850O15.3",0
"PHBP12",0
"CDKN2C",0
"AL162430.1",0
"RP11-296A18.3",0
"RNF11",0
"RP11-296A18.5",0
"RP11-296A18.6",0
"TTC39A",0
"RP11-275F13.1",0
"EPS15",0
"RP11-275F13.3",0
"RP11-191G24.1",0
"OSBPL9",0
"GAPDHP51",0
"SNORA26",0
"RP4-657D16.3",0
"RP4-657D16.6",0
"TSEN15P2",0
"RAB3B",0
"RNA5SP48",0
"TXNDC12",0
"KTI12",0
"RP11-91A18.4",0
"TXNDC12-AS1",0
"BTF3L4",0
"ZFYVE9",0
"RP4-800M22.1",0
"PDCL3P6",0
"CC2D1B",0
"RP11-155O18.6",0
"PLA2G12AP1",0
"ORC1",0
"PRPF38A",0
"ZCCHC11",0
"EEF1GP7",0
"GPX7",0
"FAM159A",0
"COA7",0
"ZYG11B",0
"RP11-159C21.4",0
"RNU6-969P",0
"ZYG11A",0
"ECHDC2",0
"RP4-631H13.6",0
"RP4-631H13.4",0
"SCP2",0
"PODN",0
"SLC1A7",0
"CPT2",0
"C1orf123",0
"RP5-1024G6.7",0
"MAGOH",0
"RP5-1024G6.5",0
"RP5-1024G6.8",0
"LRP8",0
"RP4-784A16.2",0
"RP4-784A16.3",0
"RP4-784A16.4",0
"RP4-784A16.5",0
"SLC25A3P1",0
"DMRTB1",0
"GLIS1",0
"NDC1",0
"SNORA58",0
"YIPF1",0
"DIO1",0
"HSPB11",0
"LRRC42",0
"HNRNPA3P12",0
"RP4-758J24.5",0
"TMEM59",0
"AL353898.2",0
"TCEANC2",0
"AL353898.3",0
"AL161915.1",0
"CDCP2",0
"RP11-446E24.4",0
"AL357673.1",0
"CYB5RL",0
"MRPL37",0
"SSBP3",0
"SSBP3-AS1",0
"RP5-997D24.3",0
"ACOT11",0
"FAM151A",0
"MROH7",0
"TTC4",0
"PARS2",0
"TTC22",0
"C1orf177",0
"DHCR24",0
"RP11-67L3.4",0
"TMEM61",0
"BSND",0
"PCSK9",0
"USP24",0
"GYG1P3",0
"RP11-466L17.1",0
"RP11-504A18.1",0
"RP4-710M16.2",0
"PPAP2B",0
"PRKAA2",0
"C1orf168",0
"RP11-378I13.1",0
"C8A",0
"C8B",0
"DAB1",0
"RP6-102O10.1",0
"AL137855.1",0
"DAB1-AS1",0
"HNRNPA1P6",0
"RPS26P15",0
"RP11-393I23.4",0
"RP11-414C16.1",0
"OMA1",0
"TACSTD2",0
"RP4-592A1.2",0
"MYSM1",0
"JUN",0
"LINC01135",0
"RP11-63G10.3",0
"RP4-794H19.1",0
"RP4-794H19.4",0
"RP11-145M4.1",0
"RP11-145M4.2",0
"RP11-470E16.1",0
"RP11-467C18.1",0
"FGGY",0
"RP4-782L23.2",0
"RP4-782L23.1",0
"HOOK1",0
"C1orf87",0
"RP11-776H12.1",0
"RP11-436K8.1",0
"NFIA",0
"RP4-668G5.1",0
"RP4-802A10.1",0
"RP5-833A20.1",0
"TM2D1",0
"RP11-430G17.3",0
"INADL",0
"RP5-1155K23.4",0
"KANK4",0
"USP1",0
"DOCK7",0
"RP11-293K19.1",0
"ANGPTL3",0
"AL138847.1",0
"RP5-849H19.2",0
"RP11-230B22.1",0
"ATG4C",0
"RP4-771M4.3",0
"LINC00466",0
"RP4-792G4.2",0
"FOXD3",0
"RP4-792G4.3",0
"ALG6",0
"ITGB3BP",0
"EFCAB7",0
"RNU7-123P",0
"DLEU2L",0
"PGM1",0
"RN7SL130P",0
"ROR1",0
"RP4-597J3.1",0
"CFL1P3",0
"RP11-24J23.2",0
"CACHD1",0
"RAVER2",0
"JAK1",0
"RP11-182I10.3",0
"SLC2A3P2",0
"RP4-535B20.4",0
"MIR3671",0
"AK4",0
"DNAJC6",0
"RP5-1044H5.1",0
"COX6CP13",0
"LEPR",0
"LEPROT",0
"RP4-630A11.3",0
"RP11-430H12.2",0
"PDE4B",0
"RP11-397C12.1",0
"SGIP1",0
"MIR3117",0
"AL139147.1",0
"AL354978.1",0
"INSL5",0
"WDR78",0
"MIER1",0
"SLC35D1",0
"SNORA31",0
"IL23R",0
"IL12RB2",0
"SERBP1",0
"RNU6-387P",0
"GADD45A",0
"GNG12-AS1",0
"DIRAS3",0
"ARL5AP3",0
"WLS",0
"CTBP2P8",0
"RPS7P4",0
"RPE65",0
"DEPDC1",0
"RP4-694A7.4",0
"RP11-424D14.1",0
"RP3-380B4.1",0
"LRRC7",0
"RP11-379C1.1",0
"PIN1P1",0
"RP11-181B18.1",0
"LRRC40",0
"SRSF11",0
"RP4-677H15.4",0
"ANKRD13C",0
"HHLA3",0
"RP11-180O5.2",0
"CTH",0
"RP11-42O15.3",0
"RP11-42O15.2",0
"RP5-952N6.1",0
"PTGER3",0
"RP3-333A15.2",0
"ZRANB2-AS1",0
"MIR186",0
"ZRANB2-AS2",0
"RP11-386O9.2",0
"NEGR1",0
"GDI2P2",0
"RP11-262K1.1",0
"LRRIQ3",0
"FPGT",0
"FPGT-TNNI3K",0
"TNNI3K",0
"RP4-650F12.2",0
"LRRC53",0
"C1orf173",0
"RP11-17E13.2",0
"CRYZ",0
"RP11-510C10.2",0
"LHX8",0
"SLC44A5",0
"RP11-87O11.1",0
"RNU6-503P",0
"RP4-595K12.1",0
"RP4-595K12.2",0
"ACADM",0
"RP4-682C21.2",0
"RABGGTB",0
"MSH4",0
"AL445464.1",0
"RP11-550H2.2",0
"ST6GALNAC3",0
"RP5-1102E8.3",0
"ST6GALNAC5",0
"RP4-564M11.2",0
"PIGK",0
"RP4-706A16.3",0
"AK5",0
"USP33",0
"FAM73A",0
"RP11-181C21.4",0
"NSRP1P1",0
"NEXN-AS1",0
"NEXN",0
"DNAJB4",0
"GIPC2",0
"RP11-386I14.4",0
"RP11-386I14.2",0
"RP11-183M13.1",0
"PTGFR",0
"IFI44L",0
"RP4-641G12.3",0
"ELTD1",0
"PSAT1P3",0
"RN7SKP247",0
"LPHN2",0
"HNRNPA3P14",0
"RP5-837I24.1",0
"RP5-837I24.2",0
"MED28P8",0
"RP5-837I24.4",0
"ST13P20",0
"RP4-601K24.1",0
"RP11-170N11.1",0
"RP11-475O6.1",0
"TTLL7",0
"TTLL7-IT1",0
"RP11-486G15.2",0
"RP11-486G15.1",0
"RP11-82H13.2",0
"SNORA2",0
"SAMD13",0
"RP11-376N17.4",0
"UOX",0
"DNASE2B",0
"RPF1",0
"GNG5",0
"SPATA1",0
"CTBS",0
"SSX2IP",0
"LPAR3",0
"MCOLN2",0
"WDR63",0
"MCOLN3",0
"SYDE2",0
"C1orf52",0
"BCL10",0
"RP11-131L23.1",0
"DDAH1",0
"RP11-290M5.4",0
"CYR61",0
"RP11-290M5.2",0
"ZNHIT6",0
"COL24A1",0
"ODF2L",0
"CLCA2",0
"CLCA4",0
"RP4-651E10.4",0
"CLCA3P",0
"RP4-612B15.3",0
"SH3GLB1",0
"RP4-612B15.2",0
"HS2ST1",0
"RP11-384B12.2",0
"RP11-384B12.3",0
"LINC01140",0
"LMO4",0
"RP4-544H6.2",0
"RP11-76N22.2",0
"PKN2",0
"RNU6-125P",0
"TCEB1P19",0
"GTF2B",0
"RP11-82K18.2",0
"CCBL2",0
"RBMXL1",0
"GBP3",0
"GBP1",0
"PTGES3P1",0
"GBP7",0
"GBP4",0
"GBP5",0
"GBP6",0
"GBP1P1",0
"LRRC8B",0
"RP5-1007M22.2",0
"RP11-413E1.4",0
"LRRC8C",0
"RP5-943J3.2",0
"LRRC8D",0
"RP11-302M6.5",0
"RN7SKP272",0
"GEMIN8P4",0
"ZNF326",0
"U3",0
"BARHL2",0
"RP4-665J23.1",0
"RP4-665J23.2",0
"RP4-665J23.4",0
"PHKA1P1",0
"ZNF644",0
"HFM1",0
"FEN1P1",0
"CDC7",0
"RP11-47K11.2",0
"HSP90B3P",0
"TGFBR3",0
"BRDT",0
"EPHX4",0
"SETSIP",0
"BTBD8",0
"KIAA1107",0
"RP4-621B10.8",0
"C1orf146",0
"GLMN",0
"RPAP2",0
"GFI1",0
"EVI5",0
"HMGB3P9",0
"RP11-330C7.3",0
"RPL5",0
"SNORA66",0
"FAM69A",0
"SNORA51",0
"RP11-386I23.1",0
"MTF2",0
"TMED5",0
"CCDC18",0
"RP4-612C19.2",0
"RP4-717I23.3",0
"RP4-717I23.2",0
"DR1",0
"RP4-713B5.2",0
"FNBP1L",0
"RNA5SP53",0
"BCAR3",0
"RP5-1033H22.2",0
"RP11-488P3.1",0
"MIR760",0
"RP4-561L24.3",0
"DNTTIP2",0
"GCLM",0
"RP5-837O21.2",0
"ABCA4",0
"ABCD3",0
"F3",0
"RP11-86H7.6",0
"LINC01057",0
"PGBD4P7",0
"SLC44A3",0
"RP11-465K1.2",0
"CNN3",0
"RP4-639F20.1",0
"ALG14",0
"TMEM56",0
"TMEM56-RWDD3",0
"RP11-57H12.2",0
"RP11-57H12.3",0
"RWDD3",0
"RP11-57H12.5",0
"RP11-14O19.2",0
"RP4-617C6.1",0
"RP11-286B14.1",0
"EEF1A1P11",0
"RPL7P9",0
"PTBP2",0
"DPYD",0
"DPYD-AS1",0
"SEC63P1",0
"RP11-272L13.4",0
"RP11-272L13.3",0
"RP11-490G2.2",0
"MIR137HG",0
"RP5-1070A16.1",0
"SNX7",0
"RP5-896L10.1",0
"RP11-234N17.1",0
"LPPR4",0
"HMGB3P10",0
"FRRS1",0
"AGL",0
"RP5-884G6.2",0
"SLC35A3",0
"RNU6-1318P",0
"RP4-714D9.5",0
"HIAT1",0
"SASS6",0
"RP4-714D9.4",0
"TRMT13",0
"LRRC39",0
"DBT",0
"RP11-305E17.7",0
"BRI3P1",0
"RP11-305E17.4",0
"RP11-305E17.6",0
"MIR553",0
"CDC14A",0
"BCAS2P2",0
"GPR88",0
"RP11-84O12.4",0
"VCAM1",0
"EXTL2",0
"SLC30A7",0
"HNRNPA1P68",0
"DPH5",0
"AC093157.1",0
"RP11-421L21.2",0
"RP11-421L21.3",0
"RP4-575N6.4",0
"S1PR1",0
"RP4-575N6.5",0
"PPIAP7",0
"RP11-556K13.1",0
"OLFM3",0
"DNAJA1P5",0
"COL11A1",0
"RN7SKP285",0
"RNPC3",0
"AMY2B",0
"AMY2A",0
"AMY1A",0
"AMY1B",0
"AMY1C",0
"SEPT2P1",0
"RP11-90H3.1",0
"PRMT6",0
"AC114491.1",0
"RP11-270C12.3",0
"VAV3",0
"VAV3-AS1",0
"SLC25A24",0
"RP11-483I13.5",0
"FAM102B",0
"HENMT1",0
"PRPF38B",0
"FNDC7",0
"STXBP3",0
"GPSM2",0
"CLCC1",0
"WDR47",0
"RP5-1065J22.2",0
"RP11-20O24.4",0
"RP5-1065J22.8",0
"TMEM167B",0
"SCARNA2",0
"RP5-1065J22.4",0
"C1orf194",0
"KIAA1324",0
"SARS",0
"CELSR2",0
"PSRC1",0
"MYBPHL",0
"SORT1",0
"PSMA5",0
"SYPL2",0
"ATXN7L2",0
"CYB561D1",0
"AMIGO1",0
"GPR61",0
"GNAI3",0
"RNU6V",0
"RP5-1160K1.3",0
"MIR197",0
"GNAT2",0
"AMPD2",0
"RPL7P8",0
"GSTM2",0
"GSTM1",0
"GSTM5",0
"RP4-735C1.4",0
"GSTM3",0
"EPS8L3",0
"RP4-735C1.6",0
"RP11-195M16.1",0
"RP11-195M16.3",0
"CSF1",0
"STRIP1",0
"RP4-773N10.4",0
"ALX3",0
"RP4-773N10.6",0
"UBL4B",0
"SLC6A17",0
"RP5-1028L10.1",0
"RP5-1028L10.2",0
"KCNC4-AS1",0
"KCNC4",0
"SNORA25",0
"RP5-1074L1.1",0
"RBM15",0
"SLC16A4",0
"RP5-1074L1.4",0
"LAMTOR5-AS1",0
"LAMTOR5",0
"PROK1",0
"KCNA10",0
"KCNA2",0
"RP11-284N8.3",0
"KCNA3",0
"NRBF2P3",0
"CD53",0
"RP11-96K19.4",0
"RP11-96K19.2",0
"LRIF1",0
"RP11-96K19.5",0
"DRAM2",0
"CEPT1",0
"DENND2D",0
"CHI3L2",0
"PIFO",0
"CHIAP3",0
"PGCP1",0
"OVGP1",0
"RP11-552M11.8",0
"UBE2FP3",0
"RP11-552M11.4",0
"WDR77",0
"ATP5F1",0
"C1orf162",0
"ADORA3",0
"RAP1A",0
"LINC01160",0
"KRT18P57",0
"FAM212B",0
"FAM212B-AS1",0
"DDX20",0
"KCND3",0
"KCND3-IT1",0
"RP11-88H9.2",0
"CTTNBP2NL",0
"WNT2B",0
"RP4-671G15.2",0
"ST7L",0
"CAPZA1",0
"MOV10",0
"RP11-426L16.3",0
"RHOC",0
"PPM1J",0
"RP11-426L16.9",0
"FAM19A3",0
"RP11-426L16.8",0
"RP3-522D1.2",0
"SLC16A1",0
"AKR7A2P1",0
"SLC16A1-AS1",0
"RP11-389O22.1",0
"RP11-31F15.2",0
"LRIG2",0
"MAGI3",0
"RP11-512F24.1",0
"PHTF1",0
"RP4-730K3.3",0
"RSBN1",0
"RP5-1073O3.2",0
"PTPN22",0
"AP4B1-AS1",0
"BCL2L15",0
"DCLRE1B",0
"RP5-1073O3.7",0
"HIPK1",0
"OLFML3",0
"SYT6",0
"TRIM33",0
"RP4-591B8.2",0
"EIF2S2P5",0
"PKMP1",0
"BCAS2",0
"DENND2C",0
"NRAS",0
"CSDE1",0
"SIKE1",0
"SYCP1",0
"TSHB",0
"TSPAN2",0
"RP4-666F24.3",0
"RP4-663N10.1",0
"NGF",0
"SNORA42",0
"VANGL1",0
"NHLH2",0
"RP11-12L8.2",0
"RP11-12L8.1",0
"SLC22A15",0
"MAB21L3",0
"RP5-1185H19.2",0
"ATP1A1",0
"RP4-655J12.4",0
"RP5-1086K13.1",0
"CD58",0
"NAP1L4P1",0
"IGSF3",0
"AL355794.1",0
"RP4-753F5.1",0
"CD101",0
"RP11-27K13.3",0
"TTF2",0
"MIR942",0
"TRIM45",0
"VTCN1",0
"RP11-188D8.1",0
"MAN1A2",0
"VPS25P1",0
"FAM46C",0
"SNORA40",0
"AL390877.1",0
"GDAP2",0
"WDR3",0
"SPAG17",0
"TBX15",0
"WARS2",0
"WARS2-IT1",0
"RP11-418J17.1",0
"RPL6P2",0
"RP11-418J17.3",0
"RP5-834N19.1",0
"RNU1-75P",0
"HAO2",0
"HSD3B2",0
"RP5-871G17.5",0
"HSD3BP2",0
"GAPDHP23",0
"GAPDHP32",0
"HSD3BP3",0
"GAPDHP27",0
"HSD3BP4",0
"GAPDHP33",0
"LINC00622",0
"HSD3BP5",0
"ZNF697",0
"PHGDH",0
"HMGCS2",0
"REG4",0
"RP5-1042I8.7",0
"NOTCH2",0
"RP11-114O18.1",0
"RP6-42F4.1",0
"FAM72B",0
"RP11-439A17.4",0
"HIST2H3DP1",0
"HIST2H2BA",0
"RP11-439A17.10",0
"RP11-439A17.9",0
"FCGR1B",0
"RP11-343N15.1",0
"SRGAP2C",0
"RP11-343N15.5",0
"RP11-343N15.2",0
"RP11-344P13.6",0
"EMBP1",0
"RP11-344P13.1",0
"RP11-417J8.3",0
"RP11-417J8.6",0
"SNX18P15",0
"SNX18P16",0
"RP11-423O2.3",0
"RP11-423O2.2",0
"RP11-423O2.1",0
"ASNSP5",0
"RP11-423O2.5",0
"ANKRD20A14P",0
"RP11-782C8.2",0
"RP11-782C8.1",0
"RP11-782C8.4",0
"MIR3118-2",0
"RP11-782C8.5",0
"RP11-435B5.3",0
"RP11-435B5.4",0
"RP11-435B5.5",0
"RNVU1-1",0
"RP6-206I17.1",0
"RP6-206I17.2",0
"RNVU1-3",0
"RP6-206I17.4",0
"AL109844.1",0
"FAM72D",0
"SRGAP2B",0
"RP3-365I19.2",0
"NBPF8",0
"LINC00623",0
"AL592284.1",0
"RP11-640M9.1",0
"RNU1-59P",0
"RP11-640M9.2",0
"PFN1P2",0
"WI2-1896O14.1",0
"RP4-791M13.3",0
"PDE4DIP",0
"RP4-791M13.4",0
"RP4-791M13.5",0
"RNU2-38P",0
"AL590452.1",0
"RP11-326G21.1",0
"RN7SKP88",0
"SEC22B",0
"NUDT4P1",0
"RP11-458D21.6",0
"NOTCH2NL",0
"NBPF10",0
"RP11-458D21.1",0
"RNVU1-6",0
"HFE2",0
"TXNIP",0
"POLR3GL",0
"ANKRD34A",0
"RP11-315I20.1",0
"LIX1L",0
"RBM8A",0
"GNRHR2",0
"PEX11B",0
"ITGA10",0
"ANKRD35",0
"PIAS3",0
"NUDT17",0
"POLR3C",0
"RNF115",0
"CD160",0
"PDZK1",0
"GPR89A",0
"GPR89C",0
"PDZK1P1",0
"RNU1-137P",0
"RP11-94I2.1",0
"NBPF11",0
"WI2-3658N16.1",0
"ABHD17AP2",0
"RP4-565E6.1",0
"NBPF12",0
"PFN1P8",0
"RP4-704D21.2",0
"NBPF13P",0
"RP11-325P15.2",0
"PRKAB2",0
"FMO5",0
"RP11-337C18.9",0
"PDIA3P1",0
"CCT8P1",0
"RP11-337C18.7",0
"CHD1L",0
"LINC00624",0
"BCL9",0
"ACP6",0
"GJA5",0
"GPR89B",0
"RP6-74O6.2",0
"RNU1-129P",0
"RP6-74O6.3",0
"XXyac-YX155B6.2",0
"NBPF24",0
"PFN1P4",0
"ABHD17AP1",0
"XXyac-YX155B6.5",0
"XXyac-YX155B6.6",0
"RP11-301M17.1",0
"RP11-495P10.6",0
"RP11-495P10.9",0
"RP11-495P10.8",0
"RP11-495P10.5",0
"RP11-495P10.4",0
"RP11-495P10.3",0
"RNU1-122P",0
"RP6-74O6.6",0
"RNVU1-10",0
"LINC01138",0
"RNVU1-12",0
"RP11-495P10.1",0
"RP11-495P10.10",0
"PPIAL4A",0
"RNVU1-13",0
"RP3-328E19.4",0
"NBPF14",0
"RP11-289I10.2",0
"RNVU1-14",0
"RP11-89F3.2",0
"NBPF20",0
"PFN1P3",0
"NBPF15",0
"PFN1P7",0
"RP11-666A1.5",0
"RP11-666A1.3",0
"RNVU1-15",0
"PFN1P6",0
"NBPF16",0
"RP11-763B22.3",0
"RP11-763B22.6",0
"DRD5P2",0
"RP11-14N7.2",0
"RP11-744H18.1",0
"NBPF23",0
"RNVU1-18",0
"RP11-403I13.5",0
"RP11-403I13.4",0
"RP11-403I13.6",0
"RP11-403I13.10",0
"LINC00869",0
"RNU1-143P",0
"RP11-403I13.8",0
"RP11-403I13.9",0
"FCGR1C",0
"HIST2H2BB",0
"RP5-998N21.4",0
"FAM72C",0
"RP11-353N4.6",0
"RP11-277L2.3",0
"RP11-277L2.5",0
"RP11-353N4.1",0
"RP11-353N4.8",0
"RNVU1-20",0
"RP11-353N4.7",0
"RP11-353N4.2",0
"RP11-353N4.5",0
"RNU1-68P",0
"RP11-353N4.4",0
"FAM231D",0
"AL358813.1",0
"FCGR1A",0
"HIST2H2BF",0
"RP11-196G18.3",0
"HIST2H3D",0
"RP11-196G18.23",0
"HIST2H4A",0
"HIST2H3C",0
"HIST2H2AA3",0
"HIST2H2BD",0
"RP11-196G18.22",0
"HIST2H2BC",0
"HIST2H2AA4",0
"HIST2H3A",0
"HIST2H4B",0
"HIST2H2BE",0
"HIST2H2AC",0
"BOLA1",0
"SV2A",0
"SF3B4",0
"MTMR11",0
"OTUD7B",0
"RP11-458I7.1",0
"VPS45",0
"PLEKHO1",0
"ANP32E",0
"RNU2-17P",0
"RP4-790G17.7",0
"CA14",0
"APH1A",0
"C1orf54",0
"C1orf51",0
"MRPS21",0
"PRPF3",0
"RPRD2",0
"TARS2",0
"LINC00568",0
"RP11-54A4.2",0
"ADAMTSL4",0
"MIR4257",0
"ADAMTSL4-AS1",0
"RN7SL600P",0
"MCL1",0
"ENSA",0
"GOLPH3L",0
"HORMAD1",0
"CTSS",0
"RP11-363I22.3",0
"CTSK",0
"UBE2D3P3",0
"ARNT",0
"RP11-235D19.2",0
"SETDB1",0
"CERS2",0
"RP11-316M1.3",0
"ANXA9",0
"FAM63A",0
"PRUNE",0
"BNIPL",0
"C1orf56",0
"CDC42SE1",0
"MLLT11",0
"GABPB2",0
"SEMA6C",0
"TNFAIP8L2",0
"SCNM1",0
"LYSMD1",0
"VPS72",0
"PIP5K1A",0
"PSMD4",0
"RP11-126K1.2",0
"ZNF687",0
"PI4KB",0
"RN7SL444P",0
"RP11-126K1.9",0
"RFX5",0
"RP11-126K1.6",0
"SELENBP1",0
"PSMB4",0
"POGZ",0
"RNY4P25",0
"CGN",0
"TUFT1",0
"RP11-74C1.4",0
"RP11-74C1.2",0
"RP11-404E16.1",0
"SNX27",0
"RP11-98D18.1",0
"CELF3",0
"RIIAD1",0
"RP11-98D18.15",0
"MRPL9",0
"RP11-98D18.3",0
"RP11-98D18.16",0
"TDRKH",0
"RP11-98D18.9",0
"RP11-98D18.17",0
"LINGO4",0
"RORC",0
"C2CD4D",0
"AL450992.2",0
"THEM5",0
"THEM4",0
"S100A10",0
"NBPF18P",0
"S100A11",0
"TCHH",0
"FLG-AS1",0
"FLG",0
"SPRR1A",0
"SPRR3",0
"SPRR1B",0
"SPRR2A",0
"SPRR2F",0
"SPRR2G",0
"RP1-140J1.1",0
"LOR",0
"S100A9",0
"AL591704.5",0
"BX470102.3",0
"S100A6",0
"S100A5",0
"S100A4",0
"S100A3",0
"S100A2",0
"S100A16",0
"S100A14",0
"S100A13",0
"S100A1",0
"SNAPIN",0
"ILF2",0
"NPR1",0
"INTS3",0
"SLC27A3",0
"RP11-216N14.5",0
"GATAD2B",0
"RP11-216N14.7",0
"RP11-759F5.1",0
"DENND4B",0
"CRTC2",0
"SLC39A1",0
"RP11-422P24.10",0
"JTB",0
"RP11-422P24.11",0
"RPS27",0
"NUP210L",0
"RP11-422P24.9",0
"RNU6-179P",0
"TPM3",0
"RN7SL431P",0
"C1orf189",0
"C1orf43",0
"UBAP2L",0
"AL590431.1",0
"HAX1",0
"ATP8B2",0
"RNU7-57P",0
"RP11-350G8.3",0
"RP11-350G8.5",0
"SHE",0
"TDRD10",0
"UBE2Q1",0
"UBE2Q1-AS1",0
"CHRNB2",0
"KCNN3",0
"PMVK",0
"RP11-307C12.13",0
"PBXIP1",0
"PYGO2",0
"RP11-307C12.12",0
"SHC1",0
"MIR4258",0
"FLAD1",0
"LENEP",0
"ZBTB7B",0
"DCST2",0
"DCST1",0
"RP11-307C12.11",0
"ADAM15",0
"EFNA4",0
"EFNA3",0
"EFNA1",0
"SLC50A1",0
"DPM3",0
"KRTCAP2",0
"TRIM46",0
"MUC1",0
"MIR92B",0
"RP11-263K19.4",0
"MTX1",0
"GBAP1",0
"MTX1P1",0
"GBA",0
"AL713999.1",0
"FAM189B",0
"SCAMP3",0
"CLK2",0
"HCN3",0
"PKLR",0
"FDPS",0
"RUSC1-AS1",0
"RUSC1",0
"ASH1L",0
"ASH1L-IT1",0
"POU5F1P4",0
"ASH1L-AS1",0
"RP11-29H23.7",0
"DAP3P1",0
"RP11-29H23.6",0
"RP11-29H23.4",0
"MSTO1",0
"MSTO2P",0
"RP11-29H23.5",0
"GON4L",0
"RP11-101O6.2",0
"SYT11",0
"RNU4-19P",0
"RIT1",0
"KIAA0907",0
"SCARNA4",0
"RXFP4",0
"ARHGEF2",0
"RP11-336K24.12",0
"RP11-336K24.5",0
"SSR2",0
"UBQLN4",0
"LAMTOR2",0
"RAB25",0
"MEX3A",0
"LMNA",0
"SEMA4A",0
"SLC25A44",0
"PMF1",0
"BGLAP",0
"PAQR6",0
"SMG5",0
"TMEM79",0
"C1orf85",0
"VHLL",0
"CCT3",0
"TSACC",0
"RHBG",0
"RP11-139I14.2",0
"C1orf61",0
"RP11-98G7.1",0
"MEF2D",0
"IQGAP3",0
"TTC24",0
"APOA1BP",0
"GPATCH4",0
"RP11-284F21.11",0
"HAPLN2",0
"RP11-284F21.9",0
"BCAN",0
"RP11-284F21.10",0
"RP11-284F21.7",0
"NES",0
"RP11-66D17.3",0
"CRABP2",0
"RP11-66D17.5",0
"ISG20L2",0
"RRNAD1",0
"MRPL24",0
"PRCC",0
"SH2D2A",0
"NTRK1",0
"INSRR",0
"PEAR1",0
"LRRC71",0
"ARHGEF11",0
"MIR765",0
"RP11-110J1.2",0
"KRT8P45",0
"ETV3L",0
"ETV3",0
"CYCSP52",0
"RP11-85G21.3",0
"FCRL5",0
"FCRL4",0
"RP4-801G22.2",0
"RP4-801G22.3",0
"KIRREL",0
"KIRREL-IT1",0
"ELL2P1",0
"CD1D",0
"RP11-404O13.4",0
"CD1C",0
"RP11-144L1.8",0
"SPTA1",0
"AL359753.1",0
"AIM2",0
"RAD1P2",0
"CADM3",0
"RNA5SP60",0
"CTA-134P22.2",0
"DARC",0
"APCS",0
"CRP",0
"DUSP23",0
"SLAMF8",0
"C1orf204",0
"SNORD64",0
"VSIG8",0
"RP11-190A12.8",0
"TAGLN2",0
"IGSF9",0
"SLAMF9",0
"LINC01133",0
"RP11-226L15.1",0
"RP11-226L15.5",0
"PIGM",0
"KCNJ10",0
"RP11-536C5.2",0
"KCNJ9",0
"IGSF8",0
"ATP1A2",0
"ATP1A4",0
"CASQ1",0
"RP11-536C5.7",0
"DCAF8",0
"RP11-574F21.2",0
"RP11-179G5.1",0
"PEX19",0
"COPA",0
"SUMO1P3",0
"NCSTN",0
"NHLH1",0
"VANGL2",0
"RP11-404F10.2",0
"CD48",0
"RP11-312J18.5",0
"RP11-544M22.1",0
"ITLN2",0
"F11R",0
"RP11-544M22.13",0
"RP11-544M22.3",0
"TSTD1",0
"USF1",0
"ARHGAP30",0
"PVRL4",0
"KLHDC9",0
"PFDN2",0
"NIT1",0
"DEDD",0
"ACA64",0
"UFC1",0
"RP11-297K8.2",0
"USP21",0
"PPOX",0
"B4GALT3",0
"ADAMTS4",0
"NDUFS2",0
"FCER1G",0
"APOA2",0
"TOMM40L",0
"MIR5187",0
"NR1I3",0
"PCP4L1",0
"MPZ",0
"SDHC",0
"C1orf192",0
"RP11-122G18.5",0
"RP11-122G18.8",0
"RRM2P2",0
"RNU6-481P",0
"RP11-122G18.7",0
"FCGR2A",0
"HSPA6",0
"FCGR2B",0
"FCGR2C",0
"HSPA7",0
"FCGR3B",0
"FCRLA",0
"FCRLB",0
"DUSP12",0
"RP11-474I16.8",0
"ATF6",0
"RP11-456P18.2",0
"OLFML2B",0
"NOS1AP",0
"RNA5SP61",0
"MIR556",0
"C1orf226",0
"C1orf111",0
"UHMK1",0
"UAP1",0
"RP11-359K18.4",0
"DDR2",0
"HSD17B7",0
"C1orf110",0
"RGS4",0
"RGS5",0
"RP11-267N12.1",0
"RP11-267N12.3",0
"RP11-77M5.1",0
"NUF2",0
"HMGB3P6",0
"PBX1",0
"RNU6-171P",0
"RP11-477H21.2",0
"RP11-506O24.1",0
"RP11-506O24.2",0
"LMX1A",0
"RXRG",0
"LRRC52",0
"RP11-306I1.2",0
"ALDH9A1",0
"RP11-466F5.3",0
"RP11-466F5.4",0
"RP11-466F5.6",0
"RP11-466F5.10",0
"TMCO1",0
"RP11-466F5.8",0
"UCK2",0
"RP11-525G13.2",0
"FAM78B",0
"RP11-375H19.2",0
"RP11-9L18.3",0
"RP11-9L18.2",0
"RP11-479J7.2",0
"FMO8P",0
"RPL4P2",0
"POGK",0
"TADA1",0
"DUTP6",0
"RP4-782G3.1",0
"ILDR2",0
"MAEL",0
"GPA33",0
"DUSP27",0
"RP11-277B15.1",0
"RP11-277B15.2",0
"RP11-277B15.3",0
"RP11-52A20.2",0
"CD247",0
"RP11-104L21.2",0
"CREG1",0
"RCSD1",0
"MPZL1",0
"ADCY10",0
"RP1-313L4.4",0
"RP1-313L4.3",0
"MPC2",0
"DCAF6",0
"GCSHP5",0
"TIPRL",0
"SFT2D2",0
"TBX19",0
"RP5-968D22.1",0
"XCL2",0
"RP4-738P11.3",0
"XCL1",0
"RP4-738P11.4",0
"DPT",0
"LINC00626",0
"RPL29P7",0
"ATP1B1",0
"NME7",0
"RP4-800F24.1",0
"BLZF1",0
"CCDC181",0
"SLC19A2",0
"RP1-206D15.5",0
"AL021068.1",0
"F5",0
"C1orf112",0
"SELL",0
"METTL18",0
"SCYL3",0
"RN7SL333P",0
"KIFAP3",0
"RN7SL269P",0
"METTL11B",0
"LINC01142",0
"RP11-576I22.2",0
"GORAB",0
"RP1-79C4.1",0
"PRRX1",0
"RP1-79C4.4",0
"FMO3",0
"FMO6P",0
"FMO2",0
"RP1-45C12.1",0
"FMO1",0
"HMGB1P11",0
"FMO4",0
"PRRC2C",0
"RN7SL425P",0
"PFN1P1",0
"RPL4P3",0
"VAMP4",0
"SCARNA20",0
"METTL13",0
"RP4-612B18.3",0
"DNM3",0
"DNM3OS",0
"MIR199A2",0
"PIGC",0
"C1orf105",0
"SUCO",0
"SLC25A38P1",0
"TNFSF18",0
"GOT2P2",0
"RP3-395P12.2",0
"TNFSF4",0
"RP11-296O14.3",0
"PRDX6",0
"SLC9C2",0
"RP3-436N22.3",0
"ANKRD45",0
"KLHL20",0
"RN7SKP160",0
"CENPL",0
"DARS2",0
"GAS5-AS1",0
"GAS5",0
"SNORD78",0
"ZBTB37",0
"SERPINC1",0
"RC3H1",0
"RC3H1-IT1",0
"RP11-160H22.3",0
"RP11-160H22.5",0
"RABGAP1L",0
"GPR52",0
"NDUFAF4P4",0
"RABGAP1L-IT1",0
"RP1-102G20.4",0
"RP1-102G20.5",0
"RNU6-307P",0
"CACYBP",0
"SDCCAG3P2",0
"TNN",0
"KIAA0040",0
"RP3-518E13.2",0
"TNR",0
"RP11-318C24.2",0
"RP11-318C24.1",0
"RFWD2",0
"RP11-492I21.1",0
"RP11-195C7.1",0
"RP11-195C7.3",0
"PAPPA2",0
"ASTN1",0
"BRINP2",0
"RP1-35C21.2",0
"SEC16B",0
"RP4-798P15.3",0
"RP11-568K15.1",0
"RASAL2-AS1",0
"RASAL2",0
"RP4-765C7.2",0
"RP4-593C16.3",0
"TEX35",0
"C1orf220",0
"RNA5SP69",0
"RP5-1098D14.1",0
"RP11-428K3.1",0
"RALGPS2",0
"PTPN2P1",0
"ANGPTL1",0
"FAM20B",0
"RP11-177A2.5",0
"TOR3A",0
"ABL2",0
"SETP10",0
"SNORA67",0
"RP11-345I18.4",0
"SOAT1",0
"AXDND1",0
"HNRNPA1P54",0
"RP11-545A16.1",0
"NPHS2",0
"RP11-545A16.3",0
"RP11-545A16.4",0
"TDRD5",0
"RP11-12M5.1",0
"FAM163A",0
"RP11-12M5.3",0
"RP11-12M5.4",0
"RP11-533E19.7",0
"TOR1AIP1",0
"RP11-533E19.5",0
"CEP350",0
"RP11-533E19.3",0
"RP11-52I18.1",0
"QSOX1",0
"LHX4",0
"RP5-1180C10.2",0
"ACBD6",0
"OVAAL",0
"XPR1",0
"U6",0
"AL590085.1",0
"RP11-46A10.2",0
"KIAA1614",0
"RP11-46A10.5",0
"RP11-46A10.4",0
"RP11-46A10.6",0
"RP11-46A10.8",0
"AL162431.1",0
"STX6",0
"MR1",0
"IER5",0
"RP11-309G3.3",0
"RP11-540K16.1",0
"CACNA1E",0
"RP11-33M22.2",0
"ZNF648",0
"RP11-538D16.2",0
"RP11-416K24.2",0
"GLUL",0
"TEDDM1",0
"RGSL1",0
"RNASEL",0
"RGS16",0
"RP11-317P15.4",0
"RP11-317P15.5",0
"RGS8",0
"NPL",0
"DHX9",0
"HMGN1P4",0
"LAMC1",0
"RP11-181K3.4",0
"LAMC2",0
"NMNAT2",0
"RP11-548N1.1",0
"SMG7-AS1",0
"SMG7",0
"NCF2",0
"RP1-127C7.6",0
"ARPC5",0
"RGL1",0
"APOBEC4",0
"RP11-293B7.1",0
"COLGALT2",0
"RP11-382D12.2",0
"C1orf21",0
"GS1-115G20.1",0
"GS1-115G20.2",0
"EDEM3",0
"FAM129A",0
"RNF2",0
"FTH1P25",0
"TRMT1L",0
"SWT1",0
"CTA-253N17.1",0
"RPL5P5",0
"RP4-635A23.3",0
"RP4-635A23.4",0
"IVNS1ABP",0
"GS1-279B7.2",0
"GS1-279B7.1",0
"HMCN1",0
"GS1-174L6.4",0
"PRG4",0
"TPR",0
"C1orf27",0
"OCLM",0
"PDC",0
"RP11-295K2.3",0
"GS1-304P7.3",0
"GS1-304P7.2",0
"GS1-304P7.1",0
"PTGS2",0
"RP5-973M2.2",0
"PLA2G4A",0
"LINC01037",0
"FDPSP1",0
"ERVMER61-1",0
"RP11-316I3.1",0
"RP11-113I24.1",0
"RP11-547I7.1",0
"RP11-547I7.2",0
"RGS18",0
"RP11-142L4.3",0
"RP11-142L4.2",0
"RP5-1011O1.2",0
"RGS13",0
"MIR4426",0
"RGS2",0
"LINC01032",0
"ZNF101P2",0
"UCHL5",0
"snoU109",0
"TROVE2",0
"RP11-101E13.5",0
"GLRX2",0
"CDC73",0
"B3GALT2",0
"LINC01031",0
"EEF1A1P14",0
"RP11-476B1.1",0
"KCNT2",0
"CFH",0
"CFHR3",0
"CFHR1",0
"CFHR2",0
"CFHR4",0
"F13B",0
"ASPM",0
"RP11-32D17.4",0
"ZBTB41",0
"CRB1",0
"RP11-332L8.1",0
"DENND1B",0
"EEF1A1P32",0
"C1orf53",0
"LHX9",0
"NEK7",0
"PTPRC",0
"MIR181A1HG",0
"MIR181B1",0
"RP11-16L9.2",0
"NR5A2",0
"RP11-532L16.3",0
"RP11-532L16.1",0
"LINC00862",0
"ZNF281",0
"RP11-469A15.2",0
"KIF14",0
"DDX59",0
"RP11-92G12.3",0
"CAMSAP2",0
"RPL34P6",0
"GPR25",0
"C1orf106",0
"MROH3P",0
"RP11-168O16.1",0
"RP11-168O16.2",0
"CACNA1S",0
"ASCL5",0
"TMEM9",0
"IGFN1",0
"RP11-567E21.3",0
"PKP1",0
"TNNT2",0
"LAD1",0
"TNNI1",0
"RP11-134G8.8",0
"PHLDA3",0
"CSRP1",0
"RP11-134G8.7",0
"RPS10P7",0
"AC096677.1",0
"NAV1",0
"RP11-25B7.1",0
"IPO9-AS1",0
"RP11-90L20.2",0
"IPO9",0
"SHISA4",0
"RP11-307B6.3",0
"LMOD1",0
"TIMM17A",0
"RNPEP",0
"RP11-465N4.5",0
"RP11-465N4.4",0
"ELF3",0
"RP11-510N19.5",0
"GPR37L1",0
"ARL8A",0
"PTPN7",0
"PTPRVP",0
"LGR6",0
"UBE2T",0
"PPP1R12B",0
"RP11-175B9.2",0
"RP11-569A11.1",0
"RP11-569A11.2",0
"KDM5B",0
"RP11-480I12.2",0
"SLC25A39P1",0
"RP11-480I12.10",0
"RP11-480I12.4",0
"RP11-480I12.5",0
"RP11-480I12.7",0
"RABIF",0
"KLHL12",0
"HNRNPA1P59",0
"ADIPOR1",0
"CYB5R1",0
"TMEM183A",0
"MYOG",0
"ADORA1",0
"RP11-335O13.8",0
"MYBPH",0
"CHI3L1",0
"CHIT1",0
"RP11-134P9.3",0
"LINC01136",0
"BTG2",0
"FMOD",0
"PRELP",0
"OPTC",0
"ATP2B4",0
"RP11-90O23.1",0
"LAX1",0
"ZC3H11A",0
"ZBED6",0
"RP11-397P13.6",0
"RP11-397P13.7",0
"SNRPE",0
"KRT8P29",0
"CBX1P3",0
"LINC00303",0
"SOX13",0
"ETNK2",0
"RP11-74C13.3",0
"REN",0
"KISS1",0
"GOLT1A",0
"PLEKHA6",0
"RP11-203F10.5",0
"RP11-203F10.6",0
"RP11-739N20.2",0
"RP11-739N20.3",0
"PPP1R15B",0
"PIK3C2B",0
"MDM4",0
"RP11-430C7.2",0
"RP11-430C7.4",0
"LRRN2",0
"RP11-430C7.5",0
"RP11-23I7.1",0
"NFASC",0
"RP11-494K3.2",0
"CNTN2",0
"TMEM81",0
"RBBP5",0
"RP11-536L3.4",0
"DSTYK",0
"RP11-383G10.3",0
"TMCC2",0
"RP11-383G10.5",0
"NUAK2",0
"KLHDC8A",0
"SNRPGP10",0
"LEMD1-AS1",0
"LEMD1",0
"MIR135B",0
"RP11-576D8.4",0
"CDK18",0
"MFSD4",0
"RNU6-418P",0
"ELK4",0
"RP11-6B6.3",0
"SLC45A3",0
"NUCKS1",0
"SNORA72",0
"RAB7L1",0
"SLC41A1",0
"PM20D1",0
"SLC26A9",0
"RP11-312O7.2",0
"FAM72A",0
"RP11-38J22.1",0
"RP11-38J22.2",0
"RP11-38J22.3",0
"AVPR1B",0
"C1orf186",0
"SNORD60",0
"CTSE",0
"RP11-421E17.4",0
"SRGAP2",0
"SRGAP2-AS1",0
"IKBKE",0
"RP11-534L20.5",0
"RASSF5",0
"RP11-534L20.4",0
"EIF2D",0
"RP11-343H5.6",0
"DYRK3",0
"MAPKAPK2",0
"RP11-343H5.4",0
"IL10",0
"IL24",0
"FAIM3",0
"PIGR",0
"FCAMR",0
"C1orf116",0
"YOD1",0
"PFKFB2",0
"C4BPB",0
"C4BPAP1",0
"CD55",0
"CR2",0
"CR1",0
"CR1L",0
"CD46",0
"RP11-454L1.2",0
"C1orf132",0
"CD34",0
"PLXNA2",0
"RP11-385M4.1",0
"RP11-385M4.3",0
"MIR205HG",0
"CAMK1G",0
"LAMB3",0
"RP1-28O10.1",0
"G0S2",0
"HSD11B1",0
"TRAF3IP3",0
"C1orf74",0
"IRF6",0
"DIEXF",0
"SYT14",0
"SERTAD4-AS1",0
"SERTAD4",0
"ST13P19",0
"KCNH1",0
"IPO8P1",0
"KCNH1-IT1",0
"RP11-543B16.1",0
"RCOR3",0
"TRAF5",0
"LINC00467",0
"SNX25P1",0
"RP11-318L16.6",0
"ARPC3P2",0
"RD3",0
"SLC30A1",0
"RP11-359E8.5",0
"FDPSP8",0
"NEK2",0
"RP11-122M14.1",0
"LPGAT1",0
"RP11-552D8.1",0
"RP11-565J7.1",0
"INTS7",0
"DTL",0
"RPL21P28",0
"MIR3122",0
"RP11-15I11.2",0
"RP11-15I11.3",0
"PPP2R5A",0
"RP11-384C4.6",0
"RP11-384C4.7",0
"RP11-384C4.3",0
"SNORA16B",0
"RP11-384C4.2",0
"TMEM206",0
"NENF",0
"RP11-61J19.3",0
"RP11-61J19.4",0
"ATF3",0
"RN7SL512P",0
"RP11-338C15.3",0
"BATF3",0
"RNU6-423P",0
"NSL1",0
"TATDN3",0
"RP11-348H3.2",0
"C1orf227",0
"RP11-348H3.5",0
"VASH2",0
"ANGEL2",0
"RPS6KC1",0
"PROX1-AS1",0
"PROX1",0
"RP11-53A1.2",0
"RP11-176D17.3",0
"PTPN14",0
"RP11-365D23.4",0
"ABHD17AP3",0
"RP11-365D23.2",0
"KCNK2",0
"KCTD3",0
"USH2A",0
"SNORD116",0
"ESRRG",0
"GPATCH2",0
"RP11-361K17.2",0
"SPATA17",0
"UBBP2",0
"RRP15",0
"RP11-224O19.4",0
"RP11-224O19.5",0
"TGFB2",0
"C1orf143",0
"RP11-135J2.4",0
"LYPLAL1",0
"RIMKLBP2",0
"RP11-135J2.3",0
"RP11-392O17.1",0
"RP11-95P13.1",0
"ZC3H11B",0
"SLC30A10",0
"EPRS",0
"BPNT1",0
"MIR215",0
"RPS15AP12",0
"RAB3GAP2",0
"SNORA36B",0
"RP11-568G11.4",0
"MORF4L1P1",0
"AURKAPS1",0
"MARK1",0
"HDAC1P2",0
"C1orf115",0
"MARC2",0
"MARC1",0
"RNU6ATAC35P",0
"RP11-295M18.6",0
"RP11-295M18.2",0
"HLA-AS1",0
"HLX",0
"RP11-421L10.1",0
"DUSP10",0
"RP11-400N13.2",0
"CICP13",0
"HHIPL2",0
"TAF1A",0
"RP11-378J18.3",0
"MIA3",0
"RP11-378J18.6",0
"RP11-378J18.8",0
"AIDA",0
"BROX",0
"FAM177B",0
"RP11-452F19.3",0
"DISP1",0
"NDUFB1P2",0
"TLR5",0
"SUSD4",0
"C1orf65",0
"CAPN8",0
"WI2-2998D17.2",0
"CAPN2",0
"TP53BP2",0
"CICP5",0
"RP11-504P24.8",0
"RP11-504P24.2",0
"RP11-504P24.3",0
"RP11-504P24.4",0
"AC138393.1",0
"RP11-504P24.5",0
"FBXO28",0
"RP11-365O16.1",0
"DEGS1",0
"RP11-365O16.3",0
"RP11-365O16.6",0
"NVL",0
"MIR320B2",0
"CNIH4",0
"WDR26",0
"MIR4742",0
"CNIH3",0
"AKR1B1P1",0
"RP11-100E13.1",0
"RP11-3L21.2",0
"RP11-449J1.1",0
"DNAH14",0
"LBR",0
"AC092811.1",0
"RP11-496N12.6",0
"ENAH",0
"RP11-145A3.1",0
"SRP9",0
"RP11-145A3.4",0
"EPHX1",0
"RP11-285F7.2",0
"TMEM63A",0
"LEFTY1",0
"LEFTY2",0
"SDE2",0
"RP11-396C23.4",0
"H3F3A",0
"RP11-396C23.2",0
"ACBD3",0
"RP11-275I14.4",0
"MIXL1",0
"PARP1",0
"CDKN2AIPNLP1",0
"C1orf95",0
"ITPKB",0
"PSEN2",0
"ADCK3",0
"RP5-1087E8.2",0
"CDC42BPA",0
"RP11-1B20.1",0
"RP11-211A18.2",0
"RP11-275O4.3",0
"ZNF678",0
"RP4-566D2.1",0
"ZNF847P",0
"SNAP47",0
"JMJD4",0
"SNAP47-AS1",0
"WNT9A",0
"MIR5008",0
"CICP26",0
"WNT3A",0
"ARF1",0
"C1orf35",0
"MRPL55",0
"FAM96AP2",0
"RP11-520H14.1",0
"GUK1",0
"GJC2",0
"IBA57-AS1",0
"IBA57",0
"C1orf145",0
"OBSCN",0
"RP5-1139B12.2",0
"RP5-1139B12.3",0
"RP5-1139B12.4",0
"RP11-245P10.6",0
"TRIM11",0
"RP11-245P10.4",0
"TRIM17",0
"HIST3H3",0
"RP5-915N17.3",0
"HIST3H2A",0
"HIST3H2BB",0
"MIR4666A",0
"HIST3H2BA",0
"RNF187",0
"BTNL10",0
"DUSP5P1",0
"RNA5SP18",0
"FTH1P2",0
"RHOU",0
"RP5-1065P14.2",0
"TMEM78",0
"RP5-1061H20.4",0
"RAB4A",0
"RP4-803J11.2",0
"CCSAP",0
"RN7SKP276",0
"ACTA1",0
"RP5-1068B5.3",0
"NUP133",0
"RP4-613A2.1",0
"ABCB10",0
"RNU4-21P",0
"RNA5SP78",0
"TAF5L",0
"URB2",0
"RP11-108F13.2",0
"GALNT2",0
"RP5-956O18.2",0
"AL691479.1",0
"PGBD5",0
"COG2",0
"AGT",0
"RP11-99J16__A.2",0
"CAPN9",0
"C1orf198",0
"RP5-858B6.3",0
"TTC13",0
"ARV1",0
"AL844165.1",0
"FAM89A",0
"RP11-423F24.3",0
"TRIM67",0
"RP5-1097F14.3",0
"C1orf131",0
"GNPAT",0
"EXOC8",0
"SPRTN",0
"EGLN1",0
"RP11-295G20.2",0
"TSNAX",0
"LINC00582",0
"DISC1",0
"RP5-865N13.2",0
"RP5-865N13.1",0
"RP11-284L19.1",0
"RN7SL299P",0
"SIPA1L2",0
"MAP10",0
"NTPCR",0
"PCNXL2",0
"RPS7P3",0
"MLK4",0
"KCNK1",0
"RP11-301G21.1",0
"SLC35F3",0
"RP11-488L4.1",0
"RP4-799P18.2",0
"RP5-827C21.1",0
"RP5-827C21.2",0
"RP5-827C21.6",0
"RP5-827C21.4",0
"COA6",0
"TARBP1",0
"RP5-855F14.1",0
"U8",0
"IRF2BP2",0
"LINC00184",0
"RP4-781K5.4",0
"RP4-781K5.5",0
"RP4-781K5.7",0
"LINC01132",0
"RP11-443B7.1",0
"RP4-597N16.4",0
"TOMM20",0
"SNORA14B",0
"ARID4B",0
"ARID4B-IT1",0
"RPL23AP23",0
"AL391994.1",0
"GGPS1",0
"RP11-382D8.3",0
"RP11-382D8.5",0
"TBCE",0
"TBCE-AS1",0
"RPS21P1",0
"B3GALNT2",0
"GNG4",0
"RP11-293G6__B.8",0
"RP11-365D9.1",0
"LYST",0
"LDHAP2",0
"LYST-AS1",0
"GPR137B",0
"ERO1LB",0
"RNU2-70P",0
"RP11-478H16.1",0
"EDARADD",0
"LGALS8-AS1",0
"RP11-385F5.5",0
"RP11-385F5.4",0
"HEATR1",0
"ACTN2",0
"MTR",0
"RPL35P1",0
"RYR2",0
"LINC01139",0
"RP11-177F15.1",0
"CHRM3",0
"CHRM3-AS2",0
"CHRM3-AS1",0
"FMN2",0
"RP11-567G24.1",0
"ADH5P3",0
"RP11-567G24.3",0
"AL646016.1",0
"GREM2",0
"RP11-80B9.1",0
"PRKRIRP8",0
"RFKP1",0
"HNRNPA1P42",0
"RP11-527D7.1",0
"FH",0
"KMO",0
"OPN3",0
"CHML",0
"WDR64",0
"EXO1",0
"RP11-323D18.5",0
"MAP1LC3C",0
"PLD5",0
"RP11-561I11.4",0
"RN7SKP12",0
"RP11-561I11.3",0
"RP11-513D4.1",0
"RP11-261C10.7",0
"RP11-261C10.3",0
"CEP170",0
"RP11-261C10.5",0
"SDCCAG8",0
"FCF1P7",0
"MIR4677",0
"AKT3",0
"RP11-269F20.1",0
"FABP7P1",0
"AKT3-IT1",0
"RP11-278H7.1",0
"ZBTB18",0
"RP11-278H7.3",0
"C1orf100",0
"TGIF2P1",0
"ADSS",0
"C1orf101",0
"AC099757.1",0
"DESI2",0
"RP11-173A6.2",0
"COX20",0
"HNRNPU-AS1",0
"HNRNPU",0
"RP11-11N7.4",0
"RP11-156E8.1",0
"EFCAB2",0
"RNU6-999P",0
"RNU1-132P",0
"KIF26B",0
"RP11-62I21.1",0
"DNAJC19P8",0
"RP11-522M21.3",0
"SMYD3",0
"RP11-83A16.1",0
"RP11-36N20.1",0
"CHCHD4P5",0
"SMYD3-IT1",0
"TFB2M",0
"CNST",0
"RP11-439E19.1",0
"RP11-452J6.2",0
"RP11-439E19.9",0
"RP11-439E19.7",0
"SCCPDH",0
"RP11-439E19.6",0
"KIF28P",0
"RP11-439E19.10",0
"RP11-439E19.3",0
"RP11-397A15.4",0
"AHCTF1",0
"ZNF670",0
"ZNF695",0
"RP11-551G24.3",0
"RP11-551G24.2",0
"RP11-107G24.3",0
"ZNF669",0
"C1orf229",0
"FGFR3P6",0
"ZNF124",0
"RP11-488L18.6",0
"RP11-488L18.3",0
"RP11-488L18.10",0
"MIR3916",0
"RNA5SP82",0
"RP11-488L18.8",0
"VN1R5",0
"ZNF496",0
"NLRP3",0
"RP11-634B7.4",0
"OR3D1P",0
"OR13G1",0
"OR1C1",0
"OR9H1P",0
"OR14A16",0
"TRIM58",0
"OR2W3",0
"OR2T8",0
"RP11-438H8.8",0
"OR2L13",0
"OR2L8",0
"OR2AK2",0
"OR2L9P",0
"OR2L1P",0
"OR2L6P",0
"OR2L2",0
"OR2L3",0
"OR2T32P",0
"OR2M1P",0
"OR2M4",0
"OR2T33",0
"OR2T12",0
"SH3BP5L",0
"ZNF672",0
"ZNF692",0
"AL672294.1",0
"PGBD2",0
"AL672183.2",0
"FAM110C",0
"SH3YL1",0
"ACP1",0
"FAM150B",0
"AC079779.4",0
"AC079779.6",0
"AC105393.2",0
"TMEM18",0
"AC092159.2",0
"AC092159.3",0
"RP13-539J13.1",0
"AC116609.3",0
"AC116609.2",0
"LINC01115",0
"AC113607.2",0
"AC116614.1",0
"SNTG2",0
"AC114808.2",0
"AC108462.1",0
"TPO",0
"AC144450.1",0
"AC141930.2",0
"AC144450.2",0
"PXDN",0
"MYT1L",0
"AC093390.1",0
"AC018685.1",0
"AC011995.1",0
"AC019118.2",0
"AC019118.3",0
"AC019118.4",0
"TSSC1",0
"TSSC1-IT1",0
"TRAPPC12",0
"TRAPPC12-AS1",0
"RP11-1293J14.1",0
"ADI1",0
"AC142528.1",0
"AC108488.4",0
"RNASEH1",0
"RNASEH1-AS1",0
"RPS7",0
"SNORA73",0
"COLEC11",0
"AC010907.2",0
"ALLC",0
"GAPDHP48",0
"DCDC2C",0
"AC019172.2",0
"AC022311.1",0
"AC073143.1",0
"AC107057.1",0
"AC107057.2",0
"SOX11",0
"AC010729.1",0
"AC010729.2",0
"LINC01105",0
"DKFZP761K2322",0
"AC021021.1",0
"AC021021.2",0
"LINC00487",0
"AC017076.5",0
"CMPK2",0
"RSAD2",0
"RP11-439M11.1",0
"RNF144A-AS1",0
"RNF144A",0
"AC019048.1",0
"RP11-557L19.1",0
"AC013460.1",0
"AC092580.3",0
"AC007463.2",0
"LINC00298",0
"LINC00299",0
"AC011747.4",0
"AC011747.7",0
"ID2",0
"KIDINS220",0
"MBOAT2",0
"RP11-734K21.2",0
"RP11-734K21.5",0
"ASAP2",0
"ITGB1BP1",0
"CPSF3",0
"IAH1",0
"ADAM17",0
"RP11-400L8.2",0
"RP11-214N9.1",0
"YWHAQ",0
"RP11-521D12.5",0
"TAF1B",0
"GRHL1",0
"RP11-254F7.2",0
"KLF11",0
"CYS1",0
"RP11-254F7.4",0
"RRM2",0
"C2orf48",0
"MIR4261",0
"ODC1",0
"SNORA80B",0
"RP11-320M2.1",0
"AC007249.3",0
"NOL10",0
"AC092687.5",0
"RN7SL832P",0
"ATP6V1C2",0
"RP11-791G15.2",0
"PDIA6",0
"RP11-245G13.2",0
"KCNF1",0
"AC062028.1",0
"C2orf50",0
"PQLC3",0
"ROCK2",0
"AC018463.4",0
"LINC00570",0
"E2F6",0
"GREB1",0
"RNU2-13P",0
"RN7SL674P",0
"NTSR2",0
"LPIN1",0
"AC106875.1",0
"MIR548S",0
"AC096559.1",0
"SNORD18",0
"RP11-333O1.1",0
"MIR3125",0
"AC064875.2",0
"AC092635.1",0
"LINC00276",0
"FAM84A",0
"NBAS",0
"AC008278.2",0
"DDX1",0
"MYCNUN",0
"MYCNOS",0
"MYCN",0
"AC130710.1",0
"AC142119.1",0
"AC010745.2",0
"AC010745.4",0
"FAM49A",0
"VSNL1",0
"SMC6",0
"GEN1",0
"MSGN1",0
"KCNS3",0
"RP11-111J6.2",0
"RDH14",0
"NT5C1B",0
"AC092594.1",0
"OSR1",0
"LINC00954",0
"TTC32",0
"RP11-79O8.1",0
"WDR35",0
"AC079145.4",0
"MATN3",0
"LAPTM4A",0
"RP11-644K8.1",0
"AC098828.2",0
"SDC1",0
"AC007041.2",0
"PUM2",0
"RHOB",0
"HS1BP3",0
"RP11-130L8.2",0
"HS1BP3-IT1",0
"AC012065.5",0
"GDF7",0
"AC012065.7",0
"C2orf43",0
"APOB",0
"AC068490.2",0
"AC016768.1",0
"AC012506.2",0
"AC012506.3",0
"AC012506.4",0
"AC011239.1",0
"ATAD2B",0
"PGAM1P6",0
"UBXN2A",0
"MFSD2B",0
"C2orf44",0
"FKBP1B",0
"SF3B14",0
"FAM228B",0
"TP53I3",0
"PFN4",0
"AC008073.7",0
"FAM228A",0
"AC008073.9",0
"ITSN2",0
"AC009228.1",0
"NCOA1",0
"PTRHD1",0
"CENPO",0
"ADCY3",0
"RP11-443B20.1",0
"DNAJC27",0
"DNAJC27-AS1",0
"EFR3B",0
"RN7SL856P",0
"SUCLA2P3",0
"RP11-509E16.1",0
"POMC",0
"RP11-458N5.1",0
"DNMT3A",0
"MIR1301",0
"AC012074.2",0
"AC012074.1",0
"DTNB",0
"AC104699.1",0
"ASXL2",0
"PTGES3P2",0
"KIF3C",0
"AC013449.1",0
"RAB10",0
"RP11-214J9.1",0
"AC011742.3",0
"SMARCE1P6",0
"AC011742.5",0
"PPIL1P1",0
"GAREML",0
"HADHA",0
"HADHB",0
"GPR113",0
"EPT1",0
"OTOF",0
"C2orf70",0
"CIB4",0
"AC015977.6",0
"SLC35F6",0
"CENPA",0
"DPYSL5",0
"AC013472.4",0
"MAPRE3",0
"AC013472.3",0
"TMEM214",0
"AGBL5",0
"RP11-503P10.1",0
"AGBL5-IT1",0
"RP11-195B17.1",0
"OST4",0
"EMILIN1",0
"KHK",0
"ABHD1",0
"PREB",0
"C2orf53",0
"SLC5A6",0
"ATRAID",0
"CAD",0
"DNAJC5G",0
"TRIM54",0
"UCN",0
"MPV17",0
"GTF3C2",0
"AC109828.1",0
"AC074117.10",0
"EIF2B4",0
"SNX17",0
"ZNF513",0
"PPM1G",0
"FTH1P3",0
"NRBP1",0
"KRTCAP3",0
"AC074117.13",0
"FNDC4",0
"GCKR",0
"AC109829.1",0
"C2orf16",0
"ZNF512",0
"CCDC121",0
"GPN1",0
"SNORA36",0
"SUPT7L",0
"SLC4A1AP",0
"AC074091.13",0
"MRPL33",0
"AC110084.1",0
"RBKS",0
"BRE",0
"MIR4263",0
"RP11-674I16.2",0
"AC093690.1",0
"AC104695.3",0
"FOSL2",0
"RP11-373D23.3",0
"PLB1",0
"AC074011.2",0
"AC097724.3",0
"PPP1CB",0
"SPDYA",0
"RP11-713D19.1",0
"TRMT61B",0
"WDR43",0
"SNORD53",0
"SNORD53_SNORD92",0
"FAM179A",0
"C2orf71",0
"CLIP4",0
"ALK",0
"AC016907.3",0
"YPEL5",0
"SNORA64",0
"LBH",0
"AC109642.1",0
"LCLAT1",0
"CAPN13",0
"AC092569.2",0
"GALNT14",0
"CAPN14",0
"EHD3",0
"AL121657.4",0
"XDH",0
"SRD5A2",0
"KRT18P52",0
"AK2P2",0
"RP11-1057B6.1",0
"MEMO1",0
"DPY30",0
"CTC-336P14.1",0
"SPAST",0
"RP11-563N4.1",0
"SLC30A6",0
"DDX50P1",0
"NLRC4",0
"YIPF4",0
"AL133245.2",0
"BIRC6",0
"TTC27",0
"AL121656.5",0
"RNA5SP92",0
"RASGRP3",0
"AC020594.5",0
"FAM98A",0
"ATP6V0E1P3",0
"HNRNPA1P61",0
"AC073218.2",0
"MRPL50P1",0
"RP11-490M8.1",0
"CRIM1",0
"AC007401.2",0
"FEZ2",0
"AC007401.1",0
"VIT",0
"AC007382.1",0
"STRN",0
"RNU6-577P",0
"HEATR5B",0
"GPATCH11",0
"EIF2AK2",0
"SULT6B1",0
"AC007390.4",0
"CEBPZ-AS1",0
"CEBPZ",0
"RP11-423P10.2",0
"NDUFAF7",0
"PRKD3",0
"AC007391.2",0
"QPCT",0
"CDC42EP3",0
"AC010878.3",0
"RMDN2-AS1",0
"CYP1B1",0
"CYP1B1-AS1",0
"AC009229.6",0
"RP11-314C9.2",0
"AC009229.5",0
"ATL2",0
"AC016995.3",0
"RPLP0P6",0
"RP11-541E12.1",0
"AC011247.3",0
"GALM",0
"SRSF7",0
"GEMIN6",0
"DHX57",0
"ASS1P2",0
"MORN2",0
"ARHGEF33",0
"AC019171.1",0
"SOS1",0
"SOS1-IT1",0
"HSPE1P13",0
"CDKL4",0
"MAP4K3",0
"RP11-449G16.1",0
"AC007246.3",0
"TMEM178A",0
"THUMPD2",0
"SLC8A1-AS1",0
"SLC8A1",0
"LDHAP3",0
"AC009413.2",0
"AC104654.2",0
"C2orf91",0
"AC013480.2",0
"PKDCC",0
"AC083949.1",0
"EML4",0
"COX7A2L",0
"KCNG3",0
"AC025750.6",0
"MTA3",0
"RNU6-137P",0
"OXER1",0
"HAAO",0
"FTOP1",0
"AC098824.6",0
"AC016735.1",0
"AC016735.2",0
"AC093609.1",0
"THADA",0
"ZFP36L2",0
"AC010883.5",0
"PLEKHH2",0
"AC011242.6",0
"DYNC2LI1",0
"ABCG5",0
"ABCG8",0
"LRPPRC",0
"RNU6-1048P",0
"AC019129.1",0
"AC019129.2",0
"SLC3A1",0
"PREPL",0
"CAMKMT",0
"RP11-89K21.1",0
"SIX3",0
"AC012354.6",0
"SIX2",0
"AC093702.1",0
"LINC01121",0
"SRBD1",0
"PRKCE",0
"AC017006.3",0
"EPAS1",0
"ATP6V1E2",0
"RHOQ",0
"RP11-417F21.1",0
"PIGF",0
"CRIPT",0
"SOCS5",0
"RP11-333I13.1",0
"LINC01118",0
"LINC01119",0
"AC016722.3",0
"AC016722.4",0
"MCFD2",0
"TTC7A",0
"RP11-15I20.1",0
"AC093732.1",0
"C2orf61",0
"RP11-761B3.1",0
"AC073283.7",0
"CALM2",0
"AC106869.2",0
"BCYRN1",0
"EPCAM",0
"MIR559",0
"MSH2",0
"AC138655.6",0
"KCNK12",0
"AC138655.4",0
"AC138655.1",0
"AC079250.1",0
"MSH6",0
"AC006509.4",0
"FBXO11",0
"RPL36AP15",0
"AC079807.3",0
"AC079807.2",0
"AC079807.4",0
"FOXN2",0
"RP11-191L17.1",0
"PPP1R21",0
"RNU6-282P",0
"STON1",0
"STON1-GTF2A1L",0
"LHCGR",0
"FSHR",0
"SNORA75",0
"NRXN1",0
"AC009234.1",0
"AC007560.1",0
"AC007682.1",0
"AC087073.1",0
"AC139712.4",0
"AC010967.2",0
"GPR75-ASB3",0
"ASB3",0
"CHAC2",0
"ERLEC1",0
"MIR3682",0
"GPR75",0
"PSME4",0
"ACYP2",0
"AC008280.1",0
"HMGB1P31",0
"RP11-477N3.1",0
"TSPYL6",0
"C2orf73",0
"SPTBN1",0
"AC092839.3",0
"RPL23AP32",0
"AC092839.4",0
"AC093110.3",0
"EML6",0
"AC104781.1",0
"RTN4",0
"CLHC1",0
"AC012358.7",0
"AC012358.4",0
"RPS27A",0
"MTIF2",0
"PRORSD1P",0
"CCDC88A",0
"AC012358.8",0
"BTF3P5",0
"CCDC104",0
"SNORA12",0
"PNPT1",0
"EFEMP1",0
"RN7SKP208",0
"RP11-481J13.1",0
"MIR217",0
"AC007743.1",0
"CCDC85A",0
"VRK2",0
"FANCL",0
"RP11-334G22.1",0
"EIF3FP3",0
"LINC01122",0
"AC007238.1",0
"AC007131.1",0
"BCL11A",0
"AC009970.1",0
"ATP1B3P1",0
"PAPOLG",0
"AC010733.4",0
"REL",0
"NONOP2",0
"AC010733.5",0
"PUS10",0
"PEX13",0
"KIAA1841",0
"RP11-493E12.1",0
"AHSA2",0
"USP34",0
"RP11-493E12.2",0
"RP11-355B11.2",0
"XPO1",0
"AC108039.3",0
"FAM161A",0
"RP11-681L4.1",0
"CCT4",0
"AC107081.5",0
"COMMD1",0
"AC018462.2",0
"RP11-270B14.1",0
"B3GNT2",0
"MIR5192",0
"AC093159.1",0
"TMEM17",0
"AC107083.1",0
"AC092155.1",0
"PSAT1P2",0
"RSL24D1P2",0
"AC092155.4",0
"EHBP1",0
"RP11-443F16.1",0
"AC009501.4",0
"OTX1",0
"RP11-511I11.1",0
"DBIL5P2",0
"WDPCP",0
"AC074367.1",0
"MDH1",0
"AC016734.2",0
"RPS4XP5",0
"AC096664.2",0
"HNRNPA1P66",0
"UGP2",0
"ACA59",0
"VPS54",0
"AC012368.1",0
"PELI1",0
"AC074289.1",0
"LINC00309",0
"RP11-547M24.1",0
"AC114752.3",0
"AC008074.3",0
"AC008074.5",0
"LGALSL",0
"AC008074.4",0
"RP11-568N6.1",0
"AFTPH",0
"RNU6-100P",0
"AC007365.1",0
"SERTAD2",0
"AC007365.3",0
"AC007880.1",0
"AC007386.2",0
"AC007386.3",0
"SLC1A4",0
"RNU6-548P",0
"AC007386.4",0
"CEP68",0
"RAB1A",0
"SNORA74",0
"AC007318.5",0
"ACTR2",0
"SPRED2",0
"AC012370.2",0
"AC074391.1",0
"AC012370.3",0
"AC007389.1",0
"AC007389.2",0
"KRT18P33",0
"AC092669.6",0
"AC092669.3",0
"MEIS1-AS3",0
"MEIS1",0
"MEIS1-AS2",0
"AC092669.1",0
"AC007392.3",0
"AC007392.4",0
"AC007403.2",0
"AC007403.3",0
"AC023115.2",0
"AC023115.1",0
"AC078941.1",0
"AC023115.4",0
"ETAA1",0
"C1D",0
"AC017083.2",0
"RP11-474G23.1",0
"PNO1",0
"PPP3R1",0
"RP11-474G23.3",0
"CNRIP1",0
"PLEK",0
"FBXO48",0
"APLF",0
"PROKR1",0
"ARHGAP25",0
"ANTXR1",0
"GFPT1",0
"NFU1",0
"RP11-427H3.3",0
"AAK1",0
"AC092431.2",0
"ANXA4",0
"AC092431.3",0
"GMCL1",0
"RP11-401N16.1",0
"SNRNP27",0
"MXD1",0
"AC019206.1",0
"ASPRV1",0
"PCBP1-AS1",0
"PCBP1",0
"AC016700.2",0
"AC016700.3",0
"AC016700.5",0
"C2orf42",0
"TIA1",0
"AC016700.6",0
"PCYOX1",0
"SNRPG",0
"FAM136A",0
"ADD2",0
"AC007395.3",0
"CLEC4F",0
"CD207",0
"VAX2",0
"TCEB1P21",0
"ANKRD53",0
"TEX261",0
"AC007040.6",0
"AC007040.8",0
"NAGK",0
"RP11-467P9.1",0
"MCEE",0
"AC007881.1",0
"MPHOSPH10",0
"PAIP2B",0
"ZNF638",0
"DYSF",0
"CYP26B1",0
"EXOC6B",0
"AC006461.2",0
"SPR",0
"EMX1",0
"SFXN5",0
"RAB11FIP5",0
"RP11-44N22.3",0
"NOTO",0
"SMYD5",0
"PRADC1",0
"CCT7",0
"FBXO41",0
"EGR4",0
"ALMS1",0
"ALMS1-IT1",0
"NAT8",0
"ALMS1P",0
"AC092653.5",0
"TPRKB",0
"DUSP11",0
"C2orf78",0
"STAMBP",0
"ACTG2",0
"DGUOK",0
"DGUOK-AS1",0
"AC073046.25",0
"RP11-711M9.1",0
"TET3",0
"FNBP1P1",0
"MGC10955",0
"BOLA3",0
"BOLA3-AS1",0
"MOB1A",0
"MTHFD2",0
"RP11-287D1.3",0
"SLC4A5",0
"NECAP1P2",0
"TAF13P2",0
"DCTN1",0
"DCTN1-AS1",0
"AC005041.11",0
"C2orf81",0
"HMGA1P8",0
"WDR54",0
"RTKN",0
"INO80B",0
"WBP1",0
"MOGS",0
"MRPL53",0
"CCDC142",0
"TTC31",0
"LBX2",0
"AC005041.17",0
"RP11-523H20.3",0
"LBX2-AS1",0
"PCGF1",0
"TLX2",0
"DQX1",0
"AUP1",0
"HTRA2",0
"LOXL3",0
"DOK1",0
"M1AP",0
"SEMA4F",0
"RP11-259N19.1",0
"HK2",0
"AC104135.2",0
"AC104135.4",0
"POLE4",0
"TACR1",0
"RP11-355F16.1",0
"EVA1A",0
"MRPL19",0
"AC005034.3",0
"GCFC2",0
"RP11-342K6.1",0
"RP11-342K6.2",0
"RP11-342K6.3",0
"RP11-342K6.4",0
"RN7SKP203",0
"LRRTM4",0
"RNA5SP98",0
"AC079117.1",0
"CYCSP6",0
"REG3G",0
"REG1A",0
"REG3A",0
"AC011754.1",0
"CTNNA2",0
"AC010975.1",0
"AC010975.2",0
"AC016716.2",0
"AC016716.1",0
"LRRTM1",0
"AC008067.2",0
"AC079896.1",0
"FUNDC2P2",0
"SUCLG1",0
"LDHAP7",0
"TRABD2A",0
"TMSB10",0
"AC022210.2",0
"KCMF1",0
"RP11-60H5.1",0
"LSM3P3",0
"TCF7L1",0
"TCF7L1-IT1",0
"AC093162.5",0
"TGOLN2",0
"PEBP1P2",0
"RETSAT",0
"ELMOD3",0
"RN7SL113P",0
"RNU7-162P",0
"CAPG",0
"SH2D6",0
"MAT2A",0
"GGCX",0
"VAMP8",0
"VAMP5",0
"RNF181",0
"TMEM150A",0
"USP39",0
"C2orf68",0
"SFTPB",0
"GNLY",0
"ATOH8",0
"AC105053.3",0
"AC105053.4",0
"RP11-548P2.2",0
"POLR1A",0
"PTCD3",0
"SNORD94",0
"IMMT",0
"RP11-301O19.1",0
"MRPL35",0
"REEP1",0
"SNORA19",0
"KDM3A",0
"CHMP3",0
"AC015971.2",0
"RNF103",0
"RMND5A",0
"CD8A",0
"CD8B",0
"ANAPC1P1",0
"RGPD1",0
"AC111200.7",0
"PLGLB1",0
"AC125232.1",0
"AC083899.3",0
"IGKV3OR2-268",0
"AC068279.2",0
"AC068279.1",0
"AC068279.3",0
"LINC00152",0
"RP11-1399P15.1",0
"AC093616.4",0
"PLGLB2",0
"RGPD2",0
"MTATP8P2",0
"AC108479.2",0
"KRCC1",0
"SMYD1",0
"FABP1",0
"THNSL2",0
"FOXI3",0
"TEX37",0
"AC104134.2",0
"EIF2AK3",0
"AC062029.1",0
"RPIA",0
"ANKRD36BP2",0
"IGKV1D-43",0
"IGKV1D-8",0
"IGKV3D-7",0
"AC113612.2",0
"AC113612.1",0
"CH17-132F21.1",0
"AC233263.2",0
"AC233263.1",0
"IGKV1OR2-118",0
"AC018696.3",0
"AC018696.2",0
"AC018696.5",0
"AC018696.6",0
"AC018696.7",0
"AC018696.4",0
"RP11-575H3.1",0
"AC116050.1",0
"AC027612.6",0
"DRD5P1",0
"AC027612.4",0
"AC027612.1",0
"GGT8P",0
"CYP4F32P",0
"AC073464.7",0
"ANKRD20A8P",0
"AC097374.2",0
"TEKT4",0
"MAL",0
"MRPS5",0
"ZNF514",0
"ZNF2",0
"AC092835.2",0
"PROM2",0
"KCNIP3",0
"FAHD2A",0
"TRIM43B",0
"TRIM51JP",0
"TRIM43",0
"AC008268.2",0
"LINC00342",0
"ANKRD36C",0
"FAHD2CP",0
"GPAT2",0
"ADRA2B",0
"ASTL",0
"DUSP2",0
"STARD7",0
"STARD7-AS1",0
"TMEM127",0
"CIAO1",0
"SNRNP200",0
"AC021188.4",0
"ITPRIPL1",0
"NCAPH",0
"NEURL3",0
"RP11-363D14.1",0
"ARID5A",0
"KANSL3",0
"FER1L5",0
"LMAN2L",0
"CNNM4",0
"MIR3127",0
"RP11-353K11.1",0
"CNNM3",0
"ANKRD23",0
"ANKRD39",0
"SEMA4C",0
"FAM178B",0
"AC018892.9",0
"FAHD2B",0
"RN7SL313P",0
"ANKRD36",0
"AC159540.2",0
"ANKRD36B",0
"AC159540.14",0
"UBTFL6",0
"COX5B",0
"ACTR1B",0
"LINC01125",0
"RNU4-8P",0
"ZAP70",0
"TMEM131",0
"HMGN1P36",0
"VWA3B",0
"AC092675.3",0
"AC092675.4",0
"INPP4A",0
"COA5",0
"UNC50",0
"MGAT4A",0
"KIAA1211L",0
"TSGA10",0
"C2ORF15",0
"LIPT1",0
"MRPL30",0
"MITD1",0
"LYG2",0
"LYG1",0
"TXNDC9",0
"EIF5B",0
"REV1",0
"RP11-527J8.1",0
"AFF3",0
"AC092667.2",0
"LINC01104",0
"LONRF2",0
"CHST10",0
"PDCL3",0
"NPAS2",0
"AC092168.2",0
"AC016738.4",0
"RPL31",0
"TBC1D8",0
"RP11-299H21.1",0
"CNOT11",0
"RNF149",0
"SNORD89",0
"CREG2",0
"AC092570.1",0
"RFX8",0
"MAP4K4",0
"IL1R2",0
"IL1R1",0
"IL1RL2",0
"IL18R1",0
"SLC9A4",0
"SLC9A2",0
"TMEM182",0
"LINC01102",0
"LINC01103",0
"AC013402.5",0
"AC068057.1",0
"LINC01114",0
"LINC01158",0
"RP11-13J10.1",0
"POU3F3",0
"LINC01159",0
"AC010884.1",0
"MRPS9",0
"AC104655.2",0
"AC104655.3",0
"GPR45",0
"RP11-332H14.1",0
"TGFBRAP1",0
"AC012360.4",0
"RP11-332H14.2",0
"C2orf49",0
"FHL2",0
"AC012360.6",0
"NCK2",0
"AC009505.2",0
"C2orf40",0
"UXS1",0
"AC018878.3",0
"AC114755.7",0
"PLGLA",0
"RGPD3",0
"CD8BP",0
"EEF1A1P12",0
"ST6GAL2",0
"ST6GAL2-IT1",0
"AC016994.2",0
"AC096669.3",0
"RGPD4",0
"SLC5A7",0
"AC023672.2",0
"AC019100.3",0
"RP11-443K8.2",0
"SULT1C3",0
"SULT1C2",0
"SULT1C2P1",0
"SULT1C4",0
"GCC2",0
"AC012487.2",0
"LIMS1",0
"AC010095.5",0
"RANBP2",0
"AC073415.2",0
"EDAR",0
"SH3RF3-AS1",0
"SH3RF3",0
"SEPT10",0
"RP11-537E18.1",0
"SOWAHC",0
"RGPD5",0
"LIMS3",0
"AC013271.3",0
"LINC01123",0
"AC013268.3",0
"MALL",0
"NPHP1",0
"AC092664.1",0
"LINC00116",0
"RP11-1223D19.1",0
"AC112229.1",0
"LINC01106",0
"ZBTB45P2",0
"AC112229.4",0
"LIMS3L",0
"RGPD6",0
"AC123886.2",0
"AC114776.1",0
"BUB1",0
"ACOXL",0
"RPL5P9",0
"AC096670.3",0
"BCL2L11",0
"AC108463.1",0
"MIR4435-1HG",0
"AC108463.2",0
"RP11-181E10.3",0
"RP11-803D5.4",0
"AC017002.1",0
"AC017002.2",0
"AC017002.4",0
"ANAPC1",0
"AC104651.1",0
"MERTK",0
"AC104651.2",0
"TMEM87B",0
"FBLN7",0
"ZC3H8",0
"ZC3H6",0
"AC115115.3",0
"RGPD8",0
"TTL",0
"POLR1B",0
"CHCHD5",0
"AC012442.5",0
"AC012442.6",0
"AC079922.2",0
"AC079922.3",0
"SLC20A1",0
"NT5DC4",0
"CKAP2L",0
"IL1A",0
"IL1B",0
"AC079753.4",0
"IL37",0
"AC079753.5",0
"IL36G",0
"PAX8-AS1",0
"AC016745.3",0
"RP11-480C16.1",0
"CBWD2",0
"FOXD4L1",0
"RP11-395L14.4",0
"RP11-395L14.5",0
"FAM138B",0
"MIR1302-3",0
"WASH2P",0
"DDX11L2",0
"RPL23AP7",0
"RABL2A",0
"RP11-395L14.17",0
"AC017074.2",0
"SLC35F5",0
"MIR4782",0
"AC024704.2",0
"AC104653.1",0
"RP11-141B14.1",0
"ACTR3",0
"RNU2-41P",0
"DPP10",0
"DPP10-AS1",0
"MTND1P28",0
"MTND2P21",0
"AC012365.3",0
"AC092170.1",0
"AC009312.1",0
"DDX18",0
"AC009404.2",0
"HTR5BP",0
"CCDC93",0
"AC009303.3",0
"AC009303.1",0
"RP11-98C1.2",0
"INSIG2",0
"AC093901.1",0
"RP11-19E11.1",0
"EN1",0
"MARCO",0
"C1QL2",0
"STEAP3",0
"STEAP3-AS1",0
"C2orf76",0
"DBI",0
"SCTR",0
"AC013275.2",0
"PCDP1",0
"TMEM177",0
"AC069154.4",0
"PTPN4",0
"EPB41L5",0
"AC012363.7",0
"AC012363.8",0
"MTND3P10",0
"AC012363.10",0
"MTND4P26",0
"MTND5P28",0
"TMEM185B",0
"RALB",0
"INHBB",0
"LINC01101",0
"AC073257.2",0
"GLI2",0
"RP11-297J22.1",0
"TFCP2L1",0
"CLASP1",0
"RP11-204L24.2",0
"RNU4ATAC",0
"NIFK-AS1",0
"RPL12P15",0
"NPM1P32",0
"NIFK",0
"TSN",0
"AC018737.3",0
"AC079154.1",0
"YWHAZP2",0
"GYPC",0
"AC013474.4",0
"RP11-521O16.1",0
"BIN1",0
"CYP27C1",0
"ERCC3",0
"MAP3K2",0
"AC068282.3",0
"PROC",0
"IWS1",0
"AC010976.2",0
"RNU4-48P",0
"MYO7B",0
"LIMS2",0
"GPR17",0
"WDR33",0
"RNY4P7",0
"RP5-935K16.1",0
"POLR2D",0
"AMMECR1L",0
"RP11-395A13.2",0
"SAP130",0
"UGGT1",0
"DYNLT3P2",0
"AC017079.3",0
"AC017079.4",0
"HS6ST1",0
"ISCA1P6",0
"AC079586.1",0
"AC079776.1",0
"AC079776.2",0
"AC079776.3",0
"RAB6C-AS1",0
"RAB6C",0
"FAR2P1",0
"AC018865.5",0
"ARHGAP42P2",0
"KLF2P1",0
"POTEF",0
"AC018804.3",0
"MED15P9",0
"CCDC74B",0
"SMPD4",0
"MZT2B",0
"AC018804.1",0
"TUBA3E",0
"AC018804.6",0
"RHOQP3",0
"AC018804.7",0
"CCDC115",0
"IMP4",0
"PTPN18",0
"FAR2P2",0
"KLF2P2",0
"CYP4F62P",0
"POTEI",0
"CFC1B",0
"CFC1",0
"POTEJ",0
"CYP4F30P",0
"FAR2P3",0
"KLF2P3",0
"GPR148",0
"AC140481.8",0
"AMER3",0
"AC133785.1",0
"ARHGEF4",0
"FAM168B",0
"PLEKHB2",0
"NEK2P4",0
"AC009477.7",0
"NF1P8",0
"MED15P8",0
"POTEE",0
"CYP4F31P",0
"KLF2P4",0
"ARHGAP42P1",0
"AC073869.2",0
"AC073869.1",0
"LINC01120",0
"GNAQP1",0
"AC073869.20",0
"RHOQP2",0
"RP11-109E12.1",0
"MZT2A",0
"TUBA3D",0
"AC093838.4",0
"CCDC74A",0
"MED15P4",0
"POTEKP",0
"C2orf27A",0
"AC093724.2",0
"AC103564.9",0
"C2orf27B",0
"AC103564.6",0
"RP1-156L9.1",0
"AC093787.1",0
"AC098826.5",0
"ANKRD30BL",0
"CDC27P1",0
"ZNF806",0
"RP11-725P16.2",0
"FAM201B",0
"GPR39",0
"LYPD1",0
"AC010974.3",0
"NCKAP5",0
"AC016909.1",0
"AC011755.1",0
"AC010890.1",0
"RNU6-579P",0
"NCKAP5-IT1",0
"MGAT5",0
"TMEM163",0
"CCNT2-AS1",0
"AC110620.2",0
"ACMSD",0
"CCNT2",0
"MAP3K19",0
"RAB3GAP1",0
"ZRANB3",0
"AC064850.4",0
"R3HDM1",0
"UBXN4",0
"LCT",0
"MCM6",0
"DARS",0
"AC093391.2",0
"CXCR4",0
"HNRNPKP2",0
"UBBP1",0
"THSD7B",0
"HNMT",0
"AC097523.1",0
"YWHAEP5",0
"AC097721.2",0
"SPOPL",0
"RP11-231E19.1",0
"NXPH2",0
"MTND2P19",0
"MTND1P27",0
"LRP1B",0
"AC010740.1",0
"KYNU",0
"ARHGAP15",0
"RP11-434H14.1",0
"AC016910.1",0
"GTDC1",0
"ZEB2",0
"AC009951.1",0
"ZEB2-AS1",0
"TEX41",0
"snR65",0
"ACVR2A",0
"AC009480.3",0
"ORC4",0
"AC009480.1",0
"MBD5",0
"SNORA48",0
"AC019070.1",0
"EPC2",0
"UBBP3",0
"AC105402.4",0
"AC105402.2",0
"AC105402.3",0
"KIF5C",0
"LYPD6B",0
"LYPD6",0
"MMADHC",0
"AC144449.1",0
"RND3",0
"AC023469.2",0
"AC023469.1",0
"RBM43",0
"NMI",0
"TNFAIP6",0
"RIF1",0
"NEB",0
"ARL5A",0
"CACNB4",0
"STAM2",0
"RPL30P2",0
"AC012066.1",0
"PRPF40A",0
"ARL6IP6",0
"AC012501.3",0
"SNORD56",0
"RPRM",0
"GALNT13",0
"PHBP4",0
"AC009227.2",0
"AC009227.3",0
"AC061961.2",0
"KCNJ3",0
"AC093375.1",0
"AC073551.1",0
"NR4A2",0
"GPD2",0
"AC016732.2",0
"ERMN",0
"FAM133DP",0
"CYTIP",0
"ACVR1C",0
"AC019186.1",0
"ACVR1",0
"UPP2",0
"RP11-546J1.1",0
"RP11-1152H14.1",0
"UPP2-IT1",0
"CCDC148-AS1",0
"CCDC148",0
"PKP4",0
"AC005042.2",0
"AC005042.4",0
"DAPL1",0
"TANC1",0
"BTF3L4P2",0
"WDSUB1",0
"BAZ2B",0
"AC008277.1",0
"RP11-311B14.1",0
"AC009506.1",0
"AC009961.3",0
"AC009961.2",0
"MARCH7",0
"CD302",0
"LY75",0
"PLA2R1",0
"ITGB6",0
"RBMS1",0
"TANK",0
"AC009299.2",0
"AC009299.3",0
"AC009299.4",0
"PSMD14",0
"AC009299.5",0
"5S_rRNA",0
"TBR1",0
"SLC4A10",0
"AHCTF1P1",0
"DPP4",0
"TIMM8AP1",0
"AC007750.5",0
"FAP",0
"IFIH1",0
"KCNH7",0
"AC007740.1",0
"AC092684.1",0
"GRB14",0
"SCN3A",0
"SCN2A",0
"CSRNP3",0
"GALNT3",0
"AC009495.2",0
"AC009495.4",0
"AC009495.3",0
"TTC21B",0
"TTC21B-AS1",0
"AC010127.3",0
"SCN1A",0
"SCN9A",0
"SCN7A",0
"XIRP2",0
"CTAGE14P",0
"AC016723.4",0
"B3GALT1",0
"STK39",0
"AC067940.1",0
"RN7SL95P",0
"RN7SL813P",0
"NOSTRIN",0
"SPC25",0
"ABCB11",0
"DHRS9",0
"LRP2",0
"BBS5",0
"KLHL41",0
"FASTKD1",0
"PPIG",0
"CCDC173",0
"AC016772.4",0
"PHOSPHO2",0
"KLHL23",0
"PTCHD3P2",0
"AC009967.3",0
"SSB",0
"METTL5",0
"UBR3",0
"AC092641.2",0
"MYO3B",0
"AC007277.3",0
"LINC01124",0
"SP5",0
"AC007405.4",0
"EIF2S2P4",0
"AC007405.6",0
"ERICH2",0
"GAD1",0
"AC007405.8",0
"GORASP2",0
"TLK1",0
"METTL8",0
"DCAF17",0
"DAP3P2",0
"AC007969.4",0
"AC007969.5",0
"CYBRD1",0
"DYNC1I2",0
"AC068039.1",0
"AC068039.4",0
"SLC25A12",0
"RNU6-182P",0
"HAT1",0
"METAP1D",0
"DLX1",0
"DLX2",0
"AC104801.1",0
"AC104088.1",0
"ITGA6",0
"AC078883.4",0
"AC078883.3",0
"AC093818.1",0
"PDK1",0
"AC018712.2",0
"RAPGEF4-AS1",0
"RAPGEF4",0
"MLTK",0
"MLK7-AS1",0
"AC092573.2",0
"CDCA7",0
"AC013410.2",0
"RP11-796E10.1",0
"SP3",0
"RP11-394I13.2",0
"RP11-394I13.1",0
"OLA1",0
"RP11-451F14.1",0
"HNRNPA1P39",0
"AC018470.4",0
"SP9",0
"CIR1",0
"SCRN3",0
"GPR155",0
"AC010894.3",0
"AC018890.6",0
"WIPF1",0
"H3F3AP4",0
"CHRNA1",0
"CHN1",0
"ATF2",0
"ATP5G3",0
"KIAA1715",0
"EVX2",0
"HOXD13",0
"HOXD10",0
"HOXD-AS2",0
"HOXD9",0
"HOXD3",0
"MIR10B",0
"HOXD4",0
"RP11-387A1.5",0
"HOXD-AS1",0
"AC009336.24",0
"HOXD1",0
"AC016739.2",0
"MTX2",0
"AC073069.2",0
"RP11-324L17.1",0
"LINC01116",0
"LINC01117",0
"RNU6ATAC14P",0
"AC092162.1",0
"FUCA1P1",0
"AC092162.2",0
"AC073636.1",0
"RNU6-187P",0
"AC079305.11",0
"HNRNPA3",0
"NFE2L2",0
"DNAJC19P5",0
"AC079305.10",0
"AC074286.1",0
"RP11-337N6.2",0
"RP11-337N6.1",0
"AC019080.1",0
"AGPS",0
"TTC30B",0
"AC073834.3",0
"TTC30A",0
"PDE11A",0
"AC012499.1",0
"RBM45",0
"OSBPL6",0
"RP11-65L3.1",0
"AC009948.5",0
"PRKRA",0
"DFNB59",0
"AC009948.7",0
"FKBP7",0
"PLEKHA3",0
"TTN",0
"RP11-65L3.4",0
"RP11-65L3.2",0
"RP11-171I2.2",0
"RP11-171I2.3",0
"RP11-171I2.1",0
"RP11-88L24.4",0
"CCDC141",0
"SESTD1",0
"ZNF385B",0
"SNORA43",0
"CWC22",0
"FTH1P20",0
"UBE2E3",0
"AC104076.3",0
"AC068196.1",0
"ITGA4",0
"CERKL",0
"NEUROD1",0
"AC013733.5",0
"RP11-366L5.1",0
"SSFA2",0
"PPP1R1C",0
"KRT18P29",0
"PDE1A",0
"NCKAP1",0
"KRT8P10",0
"DUSP19",0
"NUP35",0
"RP11-438L19.1",0
"CACYBPP2",0
"AC080125.1",0
"AC007966.1",0
"FSIP2",0
"AC008174.3",0
"RPL21P32",0
"AC097500.2",0
"AC104058.1",0
"RP11-410E4.1",0
"MED28P3",0
"ZC3H15",0
"DPRXP1",0
"AC018867.1",0
"AC018867.2",0
"ITGAV",0
"AC017101.10",0
"FAM171B",0
"ZSWIM2",0
"AC007319.1",0
"CALCRL",0
"TFPI",0
"LINC01090",0
"AC104131.1",0
"GULP1",0
"COL3A1",0
"MIR1245A",0
"COL5A2",0
"WDR75",0
"AC013439.4",0
"SLC40A1",0
"ASNSD1",0
"ANKAR",0
"OSGEPL1",0
"OSGEPL1-AS1",0
"RP11-455J20.3",0
"ORMDL1",0
"AC013468.1",0
"C2orf88",0
"AC008122.1",0
"HNRNPCP2",0
"MSTN",0
"HIBCH",0
"INPP1",0
"MFSD6",0
"RP11-647K16.1",0
"TMEM194B",0
"AC093388.3",0
"NAB1",0
"AC006460.2",0
"AC005540.3",0
"GLS",0
"STAT1",0
"AC067945.3",0
"AC067945.4",0
"STAT4",0
"HMGB1P27",0
"MYO1B",0
"RNU6-1045P",0
"NABP1",0
"SDPR",0
"AC098617.1",0
"TMEFF2",0
"PCGEM1",0
"RP11-764E7.1",0
"GLULP6",0
"HNRNPA1P47",0
"AC018799.1",0
"SLC39A10",0
"RNU6-915P",0
"DNAH7",0
"AC104600.1",0
"STK17B",0
"RP11-347P5.1",0
"HECW2",0
"AC020571.3",0
"CCDC150",0
"GTF3C3",0
"C2orf66",0
"PGAP1",0
"ANKRD44",0
"HNRNPA3P15",0
"AC017035.2",0
"ANKRD44-IT1",0
"ATP5G2P3",0
"AC010746.3",0
"NPM1P46",0
"SF3B1",0
"SNORA4",0
"COQ10B",0
"HSPD1",0
"HSPE1",0
"MOB4",0
"RFTN2",0
"AC011997.1",0
"MARS2",0
"BOLL",0
"PLCL1",0
"SATB2",0
"SATB2-AS1",0
"SEPHS1P6",0
"FTCDNL1",0
"AC073043.1",0
"C2orf69",0
"TYW5",0
"C2orf47",0
"SPATS2L",0
"AC105381.1",0
"KCTD18",0
"SGOL2",0
"AOX1",0
"BZW1",0
"RP11-469M7.1",0
"AC005037.1",0
"CLK1",0
"PPIL3",0
"RNU6-312P",0
"NIF3L1",0
"RNU6-762P",0
"ORC2",0
"RN7SL694P",0
"FAM126B",0
"HNRNPA1P35",0
"AC005037.4",0
"NDUFB3",0
"CFLAR",0
"CFLAR-AS1",0
"CASP10",0
"CASP8",0
"ALS2CR12",0
"TRAK2",0
"STRADB",0
"AC007256.5",0
"ALS2CR11",0
"TMEM237",0
"MPP4",0
"ALS2",0
"AC007279.2",0
"CDK15",0
"AC007358.1",0
"RP11-107N15.1",0
"FZD7",0
"AC079354.1",0
"AC079354.3",0
"AC079354.5",0
"DAZAP2P1",0
"SUMO1",0
"NOP58",0
"SNORD70",0
"SNORD11B",0
"SNORD11",0
"RN7SL753P",0
"AC064836.3",0
"RP11-686O6.1",0
"RN7SL40P",0
"RP11-686O6.2",0
"BMPR2",0
"RP11-27M5.1",0
"AC009960.1",0
"AC009960.2",0
"AC009960.4",0
"AC009960.5",0
"MTND4P30",0
"AC009960.3",0
"FAM117B",0
"AC098831.4",0
"ICA1L",0
"KRT8P15",0
"WDR12",0
"CARF",0
"AC010900.2",0
"NBEAL1",0
"RPL7P14",0
"AC023271.1",0
"CYP20A1",0
"ABI2",0
"RAPH1",0
"CD28",0
"PARD3B",0
"NRP2",0
"AC007362.3",0
"AC007362.1",0
"INO80D",0
"Vault",0
"AC007383.3",0
"NDUFS1",0
"EEF1B2",0
"SNORD51",0
"ZDBF2",0
"ADAM23",0
"AC010731.2",0
"AC010731.4",0
"MDH1B",0
"FASTKD2",0
"RP11-95H11.1",0
"AC008269.2",0
"CPO",0
"KLF7",0
"MIR2355",0
"KLF7-IT1",0
"AC007879.1",0
"AC007879.2",0
"AC007879.4",0
"AC007879.7",0
"AC007879.5",0
"CREB1",0
"METTL21A",0
"PPP1R14BP2",0
"CCNYL1",0
"FZD5",0
"AC096772.6",0
"AC083900.1",0
"AC093698.2",0
"CRYGEP",0
"CRYGD",0
"CRYGC",0
"CRYGB",0
"CRYGA",0
"C2orf80",0
"IDH1",0
"IDH1-AS1",0
"PIKFYVE",0
"PTH2R",0
"HSPA8P6",0
"CRYGFP",0
"PKP4P1",0
"MAP2",0
"RNA5SP118",0
"UNC80",0
"SNAI1P1",0
"RPE",0
"KANSL1L",0
"RP11-260M2.1",0
"AC007038.7",0
"AC006994.1",0
"AC006994.2",0
"ACADL",0
"MYL1",0
"AC007970.1",0
"LANCL1",0
"ERBB4",0
"IKZF2",0
"RP11-105N14.1",0
"RP11-105N14.2",0
"AC079610.2",0
"AC107218.3",0
"VWC2L",0
"BARD1",0
"AC072062.1",0
"AC016708.2",0
"ABCA12",0
"ATIC",0
"FN1",0
"AC012462.1",0
"LINC00607",0
"AC093850.2",0
"AC093382.1",0
"MREG",0
"PECR",0
"TMEM169",0
"XRCC5",0
"POLHP1",0
"AC012513.4",0
"RP11-566E18.3",0
"MARCH4",0
"AC012513.6",0
"AC069155.1",0
"SMARCAL1",0
"AC098820.3",0
"AC098820.4",0
"RPL37A",0
"AC073321.3",0
"AC073321.4",0
"IGFBP2",0
"IGFBP5",0
"AC007563.5",0
"AC007563.3",0
"TNP1",0
"AC009492.1",0
"DIRC3",0
"RPL7L1P9",0
"TNS1",0
"AC010136.2",0
"RUFY4",0
"CXCR2P1",0
"CXCR2",0
"ARPC2",0
"RP11-378A13.1",0
"GPBAR1",0
"AAMP",0
"PNKD",0
"TMBIM1",0
"AC021016.8",0
"AC021016.7",0
"C2orf62",0
"SLC11A1",0
"CTDSP1",0
"VIL1",0
"USP37",0
"RQCD1",0
"PLCD4",0
"ZNF142",0
"BCS1L",0
"RNF25",0
"STK36",0
"TTLL4",0
"CYP27A1",0
"RP11-459I19.1",0
"WNT6",0
"AC073128.10",0
"AC097468.7",0
"KRT8P30",0
"CDK5R2",0
"FEV",0
"CRYBA2",0
"CCDC108",0
"IHH",0
"RP11-33O4.1",0
"NHEJ1",0
"SLC23A3",0
"CNPPD1",0
"FAM134A",0
"ZFAND2B",0
"ABCB6",0
"ATG9A",0
"ANKZF1",0
"GLB1L",0
"STK16",0
"TUBA4A",0
"TUBA4B",0
"DNAJB2",0
"PTPRN",0
"MIR153-1",0
"AC114803.3",0
"RESP18",0
"DNPEP",0
"AC053503.4",0
"DES",0
"SPEG",0
"AC053503.11",0
"RP11-316O14.1",0
"GMPPA",0
"ASIC4",0
"CHPF",0
"TMEM198",0
"RP11-256I23.1",0
"OBSL1",0
"RP11-256I23.2",0
"INHA",0
"STK11IP",0
"AC009955.8",0
"SLC4A3",0
"RP11-256I23.3",0
"EPHA4",0
"CTD-2308L22.1",0
"AC009302.2",0
"HSPA9P1",0
"AC009302.4",0
"PAX3",0
"CCDC140",0
"RP11-384O8.1",0
"AC010980.2",0
"SGPP2",0
"RP11-16P6.1",0
"FARSB",0
"MOGAT1",0
"ACSL3",0
"ATG12P2",0
"AC097461.4",0
"KCNE4",0
"HIGD1AP4",0
"AC013448.1",0
"AC013448.2",0
"SCG2",0
"AC012512.1",0
"AP1S3",0
"WDFY1",0
"MRPL44",0
"AC073641.2",0
"SERPINE2",0
"FAM124B",0
"CUL3",0
"AC073052.1",0
"DOCK10",0
"AC067961.1",0
"NYAP2",0
"AC016717.1",0
"RP11-314B1.2",0
"IRS1",0
"RP11-395N3.2",0
"RP11-395N3.1",0
"RHBDD1",0
"COL4A4",0
"COL4A3",0
"AC097662.2",0
"MFF",0
"TM4SF20",0
"C2orf83",0
"AC064853.2",0
"AC064853.3",0
"SLC19A3",0
"CCL20",0
"DAW1",0
"AC074019.2",0
"AC009410.1",0
"PID1",0
"TRIP12",0
"FBXO36",0
"RNU6-964P",0
"SLC16A14",0
"RNY4P19",0
"AC009950.2",0
"SP110",0
"SP140",0
"SP140L",0
"SP100",0
"RN7SL834P",0
"TPM3P8",0
"AC098823.3",0
"CAB39",0
"BANF1P3",0
"ITM2C",0
"AC012507.3",0
"GPR55",0
"SPATA3-AS1",0
"C2orf72",0
"RP11-223I10.1",0
"PSMD1",0
"HTR2B",0
"ARMC9",0
"AC018738.2",0
"MIR4777",0
"AC017104.6",0
"B3GNT7",0
"ZBTB8OSP2",0
"AC017104.2",0
"NCL",0
"SNORD20",0
"RNU2-22P",0
"LINC00471",0
"NMUR1",0
"MGC4771",0
"PTMA",0
"PDE6D",0
"COPS7B",0
"RP11-690I21.1",0
"RP11-690I21.2",0
"DIS3L2",0
"AC068134.10",0
"ECEL1P3",0
"ALPP",0
"ECEL1P2",0
"ALPPL2",0
"AC068134.5",0
"AC068134.6",0
"ECEL1",0
"PRSS56",0
"CHRND",0
"CHRNG",0
"TIGD1",0
"EIF4E2",0
"AC073254.1",0
"EFHD1",0
"GIGYF2",0
"AC064852.5",0
"KCNJ13",0
"RNU6-107P",0
"C2orf82",0
"NGEF",0
"INPP5D",0
"ATG16L1",0
"SCARNA5",0
"SCARNA6",0
"SAG",0
"RP11-400N9.1",0
"DGKD",0
"USP40",0
"RP11-289A15.1",0
"UGT1A12P",0
"MROH2A",0
"HJURP",0
"MSL3P1",0
"TRPM8",0
"SPP2",0
"RP11-309M7.1",0
"AC097713.3",0
"ARL4C",0
"AC010148.1",0
"SH3BP4",0
"AGAP1",0
"AGAP1-IT1",0
"AC064874.1",0
"GBX2",0
"AC079135.1",0
"ASB18",0
"RNU1-31P",0
"IQCA1",0
"RP11-785G17.1",0
"AC019068.2",0
"RPL3P5",0
"ACKR3",0
"AC105760.3",0
"AC105760.2",0
"COPS8",0
"AC107079.1",0
"AC112715.2",0
"COL6A3",0
"AC112721.1",0
"AC112721.2",0
"MLPH",0
"RAB17",0
"AC104667.3",0
"AC096574.5",0
"LRRFIP1",0
"RBM44",0
"RAMP1",0
"UBE2F",0
"UBE2F-SCLY",0
"RNU6-1333P",0
"SCLY",0
"ESPNL",0
"KLHL30",0
"FAM132B",0
"ILKAP",0
"AC016757.3",0
"AC096574.4",0
"HES6",0
"PER2",0
"AC012485.2",0
"TRAF3IP1",0
"ASB1",0
"AC016999.2",0
"LINC01107",0
"TWIST2",0
"AC114788.2",0
"RP11-648F7.1",0
"HDAC4",0
"AC017028.5",0
"AC017028.8",0
"MIR4441",0
"AC017028.7",0
"AC062017.1",0
"AC079612.1",0
"AC093802.1",0
"NDUFA10",0
"MIR4786",0
"OR6B2",0
"OTOS",0
"GPC1",0
"AC110619.2",0
"AC110619.1",0
"MIR149",0
"ANKMY1",0
"DUSP28",0
"RNPEPL1",0
"CAPN10-AS1",0
"CAPN10",0
"GPR35",0
"AC011298.2",0
"KIF1A",0
"AGXT",0
"C2orf54",0
"AC104809.3",0
"AC104809.4",0
"AC104809.2",0
"SNED1",0
"AC093585.6",0
"AC005237.4",0
"MTERFD2",0
"PASK",0
"AC005237.2",0
"PPP1R7",0
"ANO7",0
"HDLBP",0
"AC104841.1",0
"SEPT2",0
"AC005104.3",0
"FARP2",0
"AC110299.5",0
"STK25",0
"BOK-AS1",0
"BOK",0
"RP11-367H1.1",0
"THAP4",0
"RNA5SP122",0
"ATG4B",0
"DTYMK",0
"AC133528.2",0
"ING5",0
"AC114730.11",0
"D2HGDH",0
"AC114730.8",0
"AC114730.7",0
"GAL3ST2",0
"AC114730.5",0
"AC114730.3",0
"NEU4",0
"PDCD1",0
"CXXC11",0
"AC131097.3",0
"AC093642.3",0
"AC093642.4",0
"AC093642.6",0
"RP11-341N2.1",0
"AC093642.5",0
"ABC7-43041300I9.1",0
"CHL1-AS2",0
"RPS8P6",0
"CHL1-AS1",0
"AC090044.2",0
"CNTN6",0
"AC026214.2",0
"CNTN4",0
"CNTN4-AS2",0
"CNTN4-AS1",0
"IL5RA",0
"TRNT1",0
"CRBN",0
"RP11-97C16.1",0
"AC026188.1",0
"SUMF1",0
"LRRN1",0
"PNPT1P1",0
"SETMAR",0
"ITPR1-AS1",0
"ITPR1",0
"AC018816.3",0
"BHLHE40-AS1",0
"BHLHE40",0
"ARL8B",0
"AC026202.3",0
"EDEM1",0
"AC069277.2",0
"GRM7-AS3",0
"AC024162.2",0
"GRM7",0
"MRPS36P1",0
"GRM7-AS2",0
"RP11-157E16.1",0
"LMCD1-AS1",0
"LMCD1",0
"LINC00312",0
"SSUH2",0
"OR7E122P",0
"CAV3",0
"OXTR",0
"hsa-mir-548ba",0
"RAD18",0
"SRGAP3",0
"SRGAP3-AS1",0
"SRGAP3-AS2",0
"SRGAP3-AS3",0
"SRGAP3-AS4",0
"RP11-380O24.1",0
"PGAM1P4",0
"SETD5-AS1",0
"THUMPD3",0
"SETD5",0
"RP11-58B17.2",0
"LHFPL4",0
"DUSP5P2",0
"MTMR14",0
"CPNE9",0
"BRPF1",0
"CAMK1",0
"TADA3",0
"ARPC4",0
"TTLL3",0
"RP11-266J6.2",0
"RPUSD3",0
"JAGN1",0
"IL17RE",0
"IL17RC",0
"RNU6-882P",0
"CRELD1",0
"RP11-1020A11.1",0
"PRRT3-AS1",0
"RP11-1020A11.2",0
"EMC3",0
"EMC3-AS1",0
"CYCSP10",0
"AC022007.5",0
"CIDECP",0
"FANCD2OS",0
"BRK1",0
"VHL",0
"IRAK2",0
"RNU6-814P",0
"TATDN2",0
"LINC00852",0
"GHRL",0
"GHRLOS",0
"SEC13",0
"ATP2B2",0
"MIR378B",0
"SLC6A1",0
"SLC6A1-AS1",0
"HRH1",0
"ATG7",0
"VGLL4",0
"RP11-169K17.4",0
"RP11-169K17.3",0
"TAMM41",0
"FANCD2P2",0
"SYN2",0
"ACTG1P12",0
"TIMP4",0
"GSTM5P1",0
"PPARG",0
"TSEN2",0
"RNA5SP123",0
"RNU6-377P",0
"MKRN2",0
"RAF1",0
"TMEM40",0
"KRT18P17",0
"CAND2",0
"RP11-767C1.2",0
"RPL32",0
"IQSEC1",0
"NUP210",0
"AC027124.2",0
"HDAC11",0
"FBLN2",0
"LINC00620",0
"WNT7A",0
"VN1R20P",0
"FGD5P1",0
"TPRXL",0
"VN1R21P",0
"CHCHD4",0
"RP11-434D12.1",0
"AC093495.4",0
"XPC",0
"LSM3",0
"RP11-536I6.2",0
"RP11-536I6.1",0
"RNA5SP124",0
"SLC6A6",0
"GRIP2",0
"RHBDF1P1",0
"CCDC174",0
"C3orf20",0
"FGD5",0
"FGD5-AS1",0
"NR2C2",0
"ZFYVE20",0
"COL6A4P1",0
"CAPN7",0
"SH3BP5-AS1",0
"SH3BP5",0
"HMGN2P7",0
"EAF1",0
"RNU6-1024P",0
"COLQ",0
"HACL1",0
"BTD",0
"ANKRD28",0
"MIR3134",0
"RP11-44D5.1",0
"RN7SL4P",0
"MIR563",0
"AC090945.1",0
"GALNT15",0
"DPH3",0
"OXNAD1",0
"RP11-608O8.2",0
"RFTN1",0
"RP11-415F23.2",0
"RP11-415F23.3",0
"RP11-415F23.4",0
"DAZL",0
"AC010139.1",0
"AC091493.2",0
"AC091493.1",0
"PLCL2",0
"TBC1D5",0
"AC104297.1",0
"SATB1",0
"AC144521.1",0
"RAD23BP1",0
"KCNH8",0
"EFHB",0
"HSPA8P18",0
"RAB5A",0
"PP2D1",0
"RNU4-85P",0
"AC097635.4",0
"AC097635.5",0
"KAT2B",0
"SGOL1",0
"SGOL1-AS1",0
"VENTXP7",0
"RP11-180N14.1",0
"ZNF385D",0
"ZNF385D-AS1",0
"HMGB1P5",0
"RPL24P7",0
"UBE2E2",0
"UBE2E1-AS1",0
"UBE2E1",0
"NKIRAS1",0
"RPL15",0
"NR1D2",0
"THRB",0
"THRB-AS1",0
"AC133680.1",0
"RARB",0
"CFL1P7",0
"AC133141.1",0
"SNORD5",0
"TOP2B",0
"MIR4442",0
"NGLY1",0
"AC092798.2",0
"TAF9BP1",0
"OXSM",0
"AC099754.1",0
"LRRC3B",0
"AC114877.3",0
"NEK10",0
"SLC4A7",0
"RPS20P15",0
"AC099535.4",0
"AC098614.2",0
"RP11-222K16.1",0
"EOMES",0
"AC098973.2",0
"AC098973.1",0
"AC092415.1",0
"CMC1",0
"AZI2",0
"ZCWPW2",0
"LINC00693",0
"RBMS3-AS3",0
"RBMS3",0
"RBMS3-AS2",0
"RBMS3-AS1",0
"AC099048.1",0
"TGFBR2",0
"RP11-1024P17.1",0
"GADL1",0
"THRAP3P1",0
"STT3B",0
"OSBPL10",0
"OSBPL10-AS1",0
"ZNF587P1",0
"ZNF860",0
"AC094019.4",0
"RP11-384L8.1",0
"CMTM8",0
"KRT18P15",0
"CMTM7",0
"CMTM6",0
"AC104306.1",0
"DYNC1LI1",0
"CNOT10",0
"SUGT1P2",0
"AC139452.2",0
"TRIM71",0
"CCR4",0
"GLB1",0
"SEC13P1",0
"CRTAP",0
"SUSD5",0
"FBXL2",0
"UBP1",0
"RNU7-110P",0
"CLASP2",0
"COX6CP10",0
"RP11-10C24.2",0
"RP11-10C24.3",0
"RP11-10C24.1",0
"PDCD6IP",0
"AC123023.1",0
"ARPP21",0
"ARPP21-AS1",0
"STAC",0
"NBPF21P",0
"DCLK3",0
"HSPD1P6",0
"TRANK1",0
"RP11-129K12.1",0
"PRADC1P1",0
"RP11-129K12.4",0
"EPM2AIP1",0
"MLH1",0
"RPL29P11",0
"LRRFIP2",0
"UBE2D3P2",0
"RNU6-1301P",0
"UBE2FP1",0
"RP11-285J16.1",0
"AC097359.2",0
"RP11-259K5.1",0
"GOLGA4",0
"TCEA1P2",0
"C3orf35",0
"ITGA9",0
"AC093415.2",0
"RPL21P135",0
"NDUFAF4P3",0
"MIR26A1",0
"VILL",0
"DLEC1",0
"ACAA1",0
"MYD88",0
"OXSR1",0
"SLC22A13",0
"SLC22A14",0
"RNU6-235P",0
"XYLB",0
"ACVR2B-AS1",0
"ACVR2B",0
"EXOG",0
"DDTP1",0
"SCN5A",0
"SCN10A",0
"SCN11A",0
"WDR48",0
"GORASP1",0
"TTC21A",0
"CSRNP1",0
"XIRP1",0
"CX3CR1",0
"CCR8",0
"HNRNPA1P21",0
"EEF1A1P24",0
"SLC25A38",0
"RPSA",0
"AC099332.1",0
"MOBP",0
"MYRIP",0
"EIF1B",0
"ENTPD3-AS1",0
"PGAM1P3",0
"ENTPD3",0
"RPL14",0
"RP11-391M1.4",0
"ZNF619",0
"RNU5B-2P",0
"ZNF620",0
"ZNF621",0
"EEF1GP3",0
"RP11-528N21.1",0
"RP11-761N21.2",0
"CTNNB1",0
"ULK4",0
"RP11-626A1.1",0
"TRAK1",0
"TPMTP2",0
"RNU4-78P",0
"CCK",0
"VIPR1",0
"VIPR1-AS1",0
"SEC22C",0
"SS18L2",0
"NKTR",0
"RP4-613B23.1",0
"KLHL40",0
"CCDC13",0
"HHATL",0
"HHATL-AS1",0
"CCDC13-AS1",0
"HIGD1A",0
"RP11-70C1.1",0
"ACKR2",0
"RP11-141M3.5",0
"KRBOX1",0
"CYP8B1",0
"HNRNPA1P22",0
"ZNF662",0
"FAM198A",0
"POMGNT2",0
"RP11-136C24.2",0
"SNRK",0
"RN7SL517P",0
"RP11-188P20.3",0
"SNRK-AS1",0
"ANO10",0
"ABHD5",0
"RP4-555D20.3",0
"RP4-555D20.4",0
"MIR138-1",0
"RP4-555D20.2",0
"TOPAZ1",0
"TCAIM",0
"LINC00694",0
"ZNF445",0
"ZNF852",0
"RP11-944L7.4",0
"ZNF660",0
"MPRIPP1",0
"ZNF197",0
"ZNF197-AS1",0
"ZNF35",0
"RP11-348P10.2",0
"KIAA1143",0
"KIF15",0
"TMEM42",0
"TGM4",0
"ZDHHC3",0
"RPL12P44",0
"EXOSC7",0
"CLEC3B",0
"RNU5B-3P",0
"CDCP1",0
"RPS24P8",0
"TMEM158",0
"LARS2",0
"LARS2-AS1",0
"LIMD1",0
"LIMD1-AS1",0
"SACM1L",0
"RN7SL145P",0
"SLC6A20",0
"LZTFL1",0
"CCR9",0
"FYCO1",0
"CXCR6",0
"XCR1",0
"CCR3",0
"CCR1",0
"RP11-24F11.2",0
"LTF",0
"RTP3",0
"LRRC2",0
"LUZPP1",0
"TDGF1",0
"ALS2CL",0
"TMIE",0
"PRSS50",0
"PRSS46",0
"PRSS45",0
"PRSS44",0
"PRSS42",0
"MYL3",0
"PTH1R",0
"AC109583.1",0
"CCDC12",0
"NBEAL2",0
"NRADDP",0
"SETD2",0
"KIF9-AS1",0
"KIF9",0
"KLHL18",0
"RP11-708J19.1",0
"PTPN23",0
"SCAP",0
"ELP6",0
"RP11-708J19.2",0
"CSPG5",0
"SMARCC1",0
"RP11-717D12.1",0
"DHX30",0
"MAP4",0
"VPS26BP1",0
"CDC25A",0
"SNRPFP4",0
"NDUFB1P1",0
"CAMP",0
"ZNF589",0
"MRPS18AP1",0
"FCF1P2",0
"NME6",0
"SPINK8",0
"FBXW12",0
"PLXNB1",0
"CCDC51",0
"TMA7",0
"RP11-24C3.2",0
"ATRIP",0
"TREX1",0
"SHISA5",0
"PFKFB4",0
"UCN2",0
"COL7A1",0
"UQCRC1",0
"TMEM89",0
"SLC26A6",0
"CELSR3",0
"MIR4793",0
"RP11-148G20.1",0
"NCKIPSD",0
"RP11-572O6.1",0
"IP6K2",0
"PRKAR2A",0
"PRKAR2A-AS1",0
"SLC25A20",0
"ARIH2OS",0
"ARIH2",0
"RP13-131K19.1",0
"RP13-131K19.2",0
"P4HTM",0
"WDR6",0
"DALRD3",0
"NDUFAF3",0
"IMPDH2",0
"RP13-131K19.6",0
"QRICH1",0
"RN7SL182P",0
"QARS",0
"USP19",0
"LAMB2",0
"RP11-694I15.7",0
"CCDC71",0
"KLHDC8B",0
"C3orf84",0
"CCDC36",0
"RP11-3B7.1",0
"C3orf62",0
"USP4",0
"GPX1",0
"RHOA",0
"RHOA-IT1",0
"TCTA",0
"AMT",0
"NICN1",0
"DAG1",0
"BSN-AS2",0
"BSN",0
"BSN-AS1",0
"APEH",0
"RNF123",0
"GMPPB",0
"IP6K1",0
"COX6CP14",0
"RP13-1056D16.2",0
"CDHR4",0
"FAM212A",0
"UBA7",0
"RN7SL217P",0
"ACTBP13",0
"MST1R",0
"CTD-2330K9.3",0
"MON1A",0
"RBM6",0
"RBM5",0
"RP11-493K19.3",0
"SEMA3F",0
"GNAT1",0
"SLC38A3",0
"GNAI2",0
"U73169.1",0
"U73166.2",0
"SEMA3B-AS1",0
"SEMA3B",0
"LSMEM2",0
"IFRD2",0
"HYAL3",0
"NAT6",0
"HYAL1",0
"HYAL2",0
"TUSC2",0
"ZMYND10",0
"NPRL2",0
"CYB561D2",0
"TMEM115",0
"CACNA2D2",0
"XXcos-LUCA11.4",0
"C3orf18",0
"HEMK1",0
"CISH",0
"MAPKAPK3",0
"RP11-804H8.6",0
"MIR4787",0
"DOCK3",0
"ZNF652P1",0
"RBM15B",0
"VPRBP",0
"RAD54L2",0
"TEX264",0
"RNA5SP132",0
"GRM2",0
"RP11-314A5.3",0
"IQCF3",0
"IQCF1",0
"RRP9",0
"PARP3",0
"GPR62",0
"ABHD14B",0
"ABHD14A",0
"ACY1",0
"ABHD14A-ACY1",0
"RPL29",0
"DUSP7",0
"POC1A",0
"ALAS1",0
"TLR9",0
"TWF2",0
"RP5-1157M23.2",0
"PPM1M",0
"WDR82",0
"MIRLET7G",0
"GLYCTK",0
"GLYCTK-AS1",0
"DNAH1",0
"RP11-168J18.6",0
"BAP1",0
"PHF7",0
"SEMA3G",0
"TNNC1",0
"NISCH",0
"STAB1",0
"NT5DC2",0
"SMIM4",0
"PBRM1",0
"RNU6-856P",0
"RNU6ATAC16P",0
"GNL3",0
"SNORD19B",0
"SNORD19",0
"SNORD69",0
"GLT8D1",0
"SPCS1",0
"NEK4",0
"RP5-966M1.5",0
"RP5-966M1.4",0
"ITIH1",0
"ITIH3",0
"ITIH4",0
"MUSTN1",0
"TMEM110-MUSTN1",0
"TMEM110",0
"SFMBT1",0
"RP11-894J14.5",0
"SERBP1P3",0
"RFT1",0
"PRKCD",0
"TKT",0
"DCP1A",0
"SNORD38",0
"CACNA1D",0
"SNORD63",0
"RP11-884K10.6",0
"CHDH",0
"IL17RB",0
"RP11-884K10.7",0
"ACTR8",0
"SELK",0
"CACNA2D3",0
"RPS15P5",0
"ESRG",0
"CACNA2D3-AS1",0
"LRTM1",0
"WNT5A",0
"WNT5A-AS1",0
"RP11-875H7.5",0
"ERC2",0
"CCDC66",0
"FAM208A",0
"ARHGEF3",0
"SPATA12",0
"RP11-157F20.3",0
"IL17RD",0
"RP11-157F20.1",0
"HESX1",0
"APPL1",0
"ASB14",0
"DNAH12",0
"RNF7P1",0
"RNU6-483P",0
"PDE12",0
"ARF4",0
"RP11-755B10.4",0
"DENND6A",0
"RP11-755B10.2",0
"RP11-755B10.3",0
"SLMAP",0
"FLNB",0
"FLNB-AS1",0
"DNASE1L3",0
"ABHD6",0
"RPP14",0
"RP11-80H18.4",0
"PXK",0
"PDHB",0
"RP11-802O23.3",0
"RP11-359I18.5",0
"KCTD6",0
"ACOX2",0
"FAM107A",0
"RP11-475O23.2",0
"RP11-475O23.3",0
"FAM3D",0
"C3orf67",0
"RP11-147N17.1",0
"PTPRG",0
"RPL10AP6",0
"PTPRG-AS1",0
"C3orf14",0
"FEZF2",0
"CADPS",0
"LINC00698",0
"KRT8P35",0
"SYNPR",0
"SYNPR-AS1",0
"SNTN",0
"AC136289.1",0
"C3orf49",0
"THOC7",0
"THOC7-AS1",0
"ATXN7",0
"PSMD6-AS2",0
"RP11-245J9.5",0
"PSMD6",0
"RP11-245J9.6",0
"RP11-129B22.1",0
"LINC00994",0
"PRICKLE2",0
"PRICKLE2-AS2",0
"PRDX3P4",0
"PRICKLE2-AS3",0
"RP11-14D22.1",0
"ADAMTS9",0
"ADAMTS9-AS1",0
"ADAMTS9-AS2",0
"MAGI1",0
"RP11-88H12.2",0
"AC104438.1",0
"MAGI1-IT1",0
"SLC25A26",0
"LRIG1",0
"KBTBD8",0
"SUCLG2",0
"RP11-81N13.1",0
"FAM19A1",0
"COPS8P2",0
"PSMC1P1",0
"FAM19A4",0
"EOGT",0
"CTD-2013N24.2",0
"TMF1",0
"MIR3136",0
"UBA3",0
"ARL6IP5",0
"LMOD3",0
"FRMD4B",0
"RBM43P1",0
"RP11-62G11.1",0
"MITF",0
"RP11-460N16.1",0
"RP11-963H1.1",0
"FOXP1",0
"FOXP1-AS1",0
"MIR1284",0
"FOXP1-IT1",0
"RP11-154H23.3",0
"EIF4E3",0
"GPR27",0
"PROK2",0
"UBE2Q2P9",0
"LINC00877",0
"LINC00870",0
"RYBP",0
"SHQ1",0
"PSMD12P",0
"RP11-728B21.3",0
"GXYLT2",0
"FTH1P23",0
"PPP4R2",0
"EBLN2",0
"PDZRN3",0
"PDZRN3-AS1",0
"RP11-20B7.1",0
"CNTN3",0
"MIR4444-1",0
"HNRNPA3P6",0
"MYLKP1",0
"OR7E22P",0
"RP11-803B1.2",0
"LSP1P2",0
"RP11-803B1.3",0
"ALG1L6P",0
"FAM86DP",0
"RP11-803B1.8",0
"ENPP7P2",0
"CTD-2026G6.3",0
"UNC93B3",0
"RP11-413E6.1",0
"MIR1324",0
"AGGF1P3",0
"RARRES2P1",0
"FRG2C",0
"RP11-413E6.7",0
"ROBO2",0
"RP11-550F7.1",0
"VDAC1P7",0
"ROBO1",0
"RN7SL751P",0
"AC117479.1",0
"RP11-47P18.1",0
"RP11-6B4.1",0
"RP11-520D19.2",0
"GBE1",0
"RNU2-28P",0
"RP11-142L1.1",0
"CYP51A1P1",0
"CADM2",0
"CADM2-AS1",0
"PRKRIRP2",0
"RP11-331K15.1",0
"VGLL3",0
"PPATP1",0
"CHMP2B",0
"POU1F1",0
"RP11-451B8.1",0
"HTR1F",0
"CGGBP1",0
"RP11-159G9.5",0
"CBX5P1",0
"ZNF654",0
"ABCF2P1",0
"EPHA3",0
"PROSP",0
"PROS1",0
"ARL13B",0
"HMGN1P7",0
"STX19",0
"DHFRL1",0
"NSUN3",0
"RBBP4P2",0
"RNU7-108P",0
"ARMC10P1",0
"WDR82P1",0
"HNRNPKP4",0
"MTRNR2L12",0
"EPHA6",0
"RP11-389G6.3",0
"ARL6",0
"CRYBG3",0
"MINA",0
"OR5H5P",0
"OR5H6",0
"OR5H8P",0
"OR5K2",0
"CLDND1",0
"CPOX",0
"WWP1P1",0
"ST3GAL6-AS1",0
"ST3GAL6",0
"PDLIM1P4",0
"DCBLD2",0
"RNU6-26P",0
"CTD-2021J15.1",0
"RNU6-1263P",0
"LINC00973",0
"COL8A1",0
"RP11-383I23.2",0
"CMSS1",0
"FILIP1L",0
"RP11-15N24.4",0
"TBC1D23",0
"NIT2",0
"RP11-114I8.4",0
"TOMM70A",0
"LNP1",0
"TMEM45A",0
"GPR128",0
"TFG",0
"ABI3BP",0
"IMPG2",0
"SENP7",0
"ZNF90P1",0
"RP11-144C15.1",0
"FAM172BP",0
"TRMT10C",0
"PCNP",0
"ZBTB11",0
"ZBTB11-AS1",0
"RPL24",0
"CEP97",0
"NXPE3",0
"NFKBIZ",0
"ZPLD1",0
"RP11-280H21.1",0
"ALCAM",0
"CBLB",0
"LINC00882",0
"FCF1P3",0
"RP11-561O4.1",0
"LINC00883",0
"RP11-446H18.5",0
"RP11-446H18.1",0
"RP11-446H18.6",0
"CCDC54",0
"RP11-115H18.1",0
"BBX",0
"CD47",0
"RP11-861A13.4",0
"IFT57",0
"HHLA2",0
"MYH15",0
"RP11-381E24.1",0
"KIAA1524",0
"DZIP3",0
"MORC1",0
"LINC00488",0
"DPPA2",0
"DPPA4",0
"RP11-397K18.1",0
"RP11-702L6.4",0
"RP11-457K10.2",0
"RP11-553A10.1",0
"PVRL3-AS1",0
"PVRL3",0
"CD96",0
"ZBED2",0
"PLCXD2",0
"PLCXD2-AS1",0
"ABHD10",0
"TAGLN3",0
"TMPRSS7",0
"C3orf52",0
"MIR567",0
"GCSAM",0
"RP11-757F18.5",0
"SLC9C1",0
"RP11-757F18.3",0
"CD200",0
"RP11-231E6.1",0
"BTLA",0
"OR7E100P",0
"ATG3",0
"SLC35A5",0
"RP11-572C15.6",0
"CCDC80",0
"RP11-572C15.3",0
"CD200R1L",0
"CD200R1",0
"RP11-484K9.4",0
"GTPBP8",0
"C3orf17",0
"RP11-572M11.4",0
"RP11-572M11.2",0
"RP11-572M11.1",0
"RP11-572M11.3",0
"BOC",0
"WDR52",0
"RP11-553D4.2",0
"WDR52-AS1",0
"SPICE1",0
"SIDT1",0
"SIDT1-AS1",0
"RN7SL767P",0
"KIAA2018",0
"NAA50",0
"RP11-271C24.3",0
"RP11-271C24.2",0
"GRAMD1C",0
"RP11-435F17.3",0
"RP11-255E6.6",0
"ZDHHC23",0
"KIAA1407",0
"QTRTD1",0
"DRD3",0
"RP11-553L6.2",0
"ZNF80",0
"TIGIT",0
"RP11-553L6.5",0
"MIR568",0
"ZBTB20",0
"ZBTB20-AS1",0
"GAP43",0
"RP11-326J18.1",0
"LSAMP",0
"RN7SL815P",0
"LSAMP-AS1",0
"LINC00903",0
"RN7SL582P",0
"BZW1P2",0
"TUSC7",0
"LINC00901",0
"PTMAP8",0
"RNU6-1200P",0
"RP11-384F7.2",0
"RP11-768G7.1",0
"RP11-768G7.2",0
"IGSF11",0
"UPK1B",0
"B4GALT4",0
"B4GALT4-AS1",0
"ARHGAP31",0
"ARHGAP31-AS1",0
"TMEM39A",0
"POGLUT1",0
"RP11-190C22.8",0
"TIMMDC1",0
"CD80",0
"ADPRH",0
"PLA1A",0
"RP11-190C22.1",0
"POPDC2",0
"COX17",0
"MAATS1",0
"RP11-169N13.4",0
"NR1I2",0
"GSK3B",0
"RP11-767L7.1",0
"RP11-18H7.1",0
"RN7SL762P",0
"GPR156",0
"RP11-174O3.1",0
"LRRC58",0
"RP11-174O3.3",0
"FSTL1",0
"RP11-359H3.1",0
"NDUFB4",0
"HGD",0
"RABL3",0
"GTF2E1",0
"NAP1L1P3",0
"STXBP5L",0
"POLQ",0
"RPL7AP11",0
"ARGFX",0
"FBXO40",0
"HCLS1",0
"GOLGB1",0
"EAF2",0
"SLC15A2",0
"ILDR1",0
"CD86",0
"CASR",0
"CSTA",0
"CCDC58",0
"FAM162A",0
"WDR5B",0
"RP11-299J3.8",0
"RP11-299J3.6",0
"KPNA1",0
"PARP9",0
"DTX3L",0
"PARP15",0
"PARP14",0
"HSPBAP1",0
"DIRC2",0
"RP11-67L2.2",0
"SEMA5B",0
"AC078794.1",0
"PDIA5",0
"SEC22A",0
"RP11-797D24.3",0
"ADCY5",0
"PTPLB",0
"MYLK-AS1",0
"MYLK",0
"MYLK-AS2",0
"RP11-9N20.3",0
"CCDC14",0
"ROPN1",0
"KALRN",0
"RPL7P15",0
"UMPS",0
"MIR544B",0
"RP11-71H17.1",0
"RP11-71H17.9",0
"ITGB5",0
"ITGB5-AS1",0
"MUC13",0
"HEG1",0
"SLC12A8",0
"ZNF148",0
"DUTP1",0
"RP11-775J23.2",0
"SNX4",0
"OSBPL11",0
"OR7E130P",0
"OR7E29P",0
"RP11-379B18.6",0
"RP11-379B18.1",0
"MIR548I1",0
"RPS3AP14",0
"RP11-379B18.3",0
"RP11-379B18.5",0
"AC092902.1",0
"ENPP7P4",0
"RP11-666A20.4",0
"FAM86JP",0
"ALG1L",0
"RP11-666A20.3",0
"ROPN1B",0
"SLC41A3",0
"RP11-158I23.1",0
"RP11-124N2.1",0
"ALDH1L1",0
"ALDH1L1-AS2",0
"RP11-71E19.1",0
"RP11-71E19.2",0
"KLF15",0
"CCDC37",0
"ZXDC",0
"UROC1",0
"CHST13",0
"C3orf22",0
"TXNRD3",0
"RP11-390G14.1",0
"CHCHD6",0
"RCC2P4",0
"PLXNA1",0
"RP11-88I21.1",0
"RP11-88I21.2",0
"TPRA1",0
"PODXL2",0
"AC023593.1",0
"ABTB1",0
"MGLL",0
"KBTBD12",0
"SEC61A1",0
"RUVBL1",0
"RNU2-37P",0
"RUVBL1-AS1",0
"EEFSEC",0
"DNAJB8",0
"DNAJB8-AS1",0
"GATA2",0
"RP11-475N22.4",0
"TMED10P2",0
"C3orf27",0
"RPN1",0
"POU5F1P6",0
"RAB7A",0
"MARK2P8",0
"FTH1P4",0
"RPS15AP16",0
"RP11-221E20.5",0
"RP11-221E20.4",0
"MARK2P6",0
"RP11-723O4.2",0
"RP11-723O4.3",0
"ACAD9",0
"KIAA1257",0
"RP11-723O4.6",0
"EFCC1",0
"RP11-434H6.2",0
"RAB43",0
"RP11-434H6.6",0
"ISY1",0
"RP11-434H6.7",0
"CNBP",0
"COPG1",0
"HMCES",0
"H1FX",0
"H1FX-AS1",0
"NUP210P3",0
"RP13-685P2.8",0
"RP13-685P2.7",0
"RP11-529F4.1",0
"RPL32P3",0
"SNORA7B",0
"EFCAB12",0
"MBD4",0
"IFT122",0
"H1FOO",0
"PLXND1",0
"RP11-263I1.1",0
"TMCC1",0
"RNU6-1142P",0
"AC083799.1",0
"TMCC1-AS1",0
"RP11-93K22.6",0
"TRH",0
"RP11-93K22.1",0
"RP11-93K22.13",0
"AC083906.2",0
"FAM86HP",0
"RP11-77P16.4",0
"COL6A4P2",0
"COL6A5",0
"COL6A6",0
"PIK3R4",0
"ATP2C1",0
"RP11-39E3.4",0
"RP11-39E3.5",0
"ASTE1",0
"RP11-265F19.1",0
"RP11-933H2.4",0
"NUDT16P1",0
"NUDT16",0
"RP11-517B11.7",0
"MRPL3",0
"RP11-517B11.4",0
"RP11-517B11.2",0
"CPNE4",0
"RP11-517B11.6",0
"RP11-64K7.1",0
"ACPP",0
"RP11-65E22.2",0
"NIP7P2",0
"DNAJC13",0
"ACAD11",0
"NPHP3",0
"ACKR4",0
"HSPA8P19",0
"UBA5",0
"NPHP3-AS1",0
"RP11-469L4.1",0
"TMEM108",0
"RP11-402L6.1",0
"BFSP2",0
"BFSP2-AS1",0
"RP11-91K8.5",0
"RP11-91K8.2",0
"SNORA33",0
"CDV3",0
"TOPBP1",0
"TFP1",0
"RNU6-678P",0
"RP11-404G16.2",0
"SRPRB",0
"RAB6B",0
"C3orf36",0
"SLCO2A1",0
"RYK",0
"HMGB3P14",0
"RP11-200A1.1",0
"RP11-375I20.6",0
"RPL39P5",0
"AMOTL2",0
"ANAPC13",0
"CEP63",0
"EPHB1",0
"KY",0
"RP11-657O9.1",0
"PPP2R3A",0
"RP11-305O4.2",0
"RP11-305O4.3",0
"MSL2",0
"TDGF1P6",0
"PCCB",0
"STAG1",0
"RNY4P4",0
"RP11-102M11.1",0
"RP11-102M11.2",0
"RP11-731C17.1",0
"SLC35G2",0
"RP11-85F14.5",0
"NCK1",0
"IL20RB",0
"SOX14",0
"RP11-2A4.3",0
"RP11-2A4.4",0
"HSPA8P9",0
"CLDN18",0
"RP11-461M2.2",0
"DZIP1L",0
"KRT8P36",0
"A4GNT",0
"DBR1",0
"ARMC8",0
"NME9",0
"ESYT3",0
"CEP70",0
"RP11-79L9.2",0
"PIK3CB",0
"GAPDHP39",0
"EEF1A1P25",0
"RP11-548O1.3",0
"FOXL2",0
"C3orf72",0
"MRPS22",0
"RP11-219D15.3",0
"COPB2",0
"RNU6-736P",0
"RP11-319G6.1",0
"RBP2",0
"RP11-319G6.3",0
"ACTG1P1",0
"RBP1",0
"NMNAT3",0
"RP11-553K23.2",0
"RP11-442N1.2",0
"RP11-442N1.1",0
"RP11-166D18.1",0
"CLSTN2",0
"RP11-68L1.2",0
"RP11-68L1.1",0
"CLSTN2-AS1",0
"TRIM42",0
"SLC25A36",0
"RP11-231L11.3",0
"SPSB4",0
"RP11-231L11.1",0
"ACPL2",0
"RP11-764I5.1",0
"RP11-438D8.2",0
"RP11-789L4.1",0
"ZBTB38",0
"RASA2",0
"RASA2-IT1",0
"YWHAQP6",0
"RP11-340E6.1",0
"GRK7",0
"ATP1B3",0
"RNU6-509P",0
"ATP1B3-AS1",0
"TFDP2",0
"RP11-343B5.1",0
"RP11-485G4.2",0
"GK5",0
"XRN1",0
"ATR",0
"RP11-383G6.3",0
"RPL6P9",0
"RNA5SP143",0
"PLS1",0
"PLS1-AS1",0
"RN7SKP25",0
"TRPC1",0
"RNU7-47P",0
"PCOLCE2",0
"RP11-372E1.1",0
"PAQR9",0
"RP11-372E1.7",0
"RP11-372E1.6",0
"U2SURP",0
"CHST2",0
"RP11-80H8.4",0
"PBX2P1",0
"SLC9A9",0
"ST13P15",0
"C3orf58",0
"RPL21P39",0
"RP11-88H10.2",0
"RP11-274H2.5",0
"RP11-274H2.2",0
"AC107021.1",0
"RP11-274H2.3",0
"PLOD2",0
"PLSCR4",0
"PLSCR2",0
"PLSCR1",0
"PLSCR5",0
"RP11-649A16.1",0
"RPL21P71",0
"ZIC4",0
"ZIC1",0
"RP11-71N10.1",0
"AGTR1",0
"CPB1",0
"UBQLN4P1",0
"GYG1",0
"HLTF",0
"HPS3",0
"CP",0
"CPHL1P",0
"RP11-206M11.7",0
"TM4SF18",0
"TM4SF1",0
"TM4SF4",0
"RP11-278L15.6",0
"WWTR1",0
"RNU6-1098P",0
"WWTR1-AS1",0
"COMMD2",0
"ANKUB1",0
"RNF13",0
"RNU6-720P",0
"NPM1P29",0
"RP11-651P23.5",0
"RP11-651P23.4",0
"RP11-651P23.2",0
"HNRNPA1P24",0
"RP11-167H9.4",0
"RP11-63E16.1",0
"TSC22D2",0
"EIF2A",0
"SELT",0
"RP11-392O18.2",0
"FAM194A",0
"RP11-103G8.2",0
"RP11-103G8.1",0
"SIAH2",0
"SIAH2-AS1",0
"CLRN1-AS1",0
"FAM188B2",0
"CLRN1",0
"MED12L",0
"GPR171",0
"P2RY14",0
"SETP11",0
"GPR87",0
"P2RY13",0
"P2RY12",0
"IGSF10",0
"RP11-454C18.1",0
"SUCNR1",0
"MBNL1",0
"MBNL1-AS1",0
"TMEM14E",0
"P2RY1",0
"RP11-38P22.2",0
"RP11-529G21.3",0
"RP11-529G21.2",0
"RAP2B",0
"ARHGEF26-AS1",0
"ARHGEF26",0
"GPR149",0
"DDX50P2",0
"MME-AS1",0
"RP11-451G4.1",0
"RP11-451G4.2",0
"PLCH1",0
"Metazoa_SRP",0
"PLCH1-AS1",0
"PLCH1-AS2",0
"AC104472.1",0
"RP11-674E16.1",0
"C3orf33",0
"SLC33A1",0
"GMPS",0
"SETP14",0
"KCNAB1",0
"ALG1L15P",0
"RP11-305K5.1",0
"SSR3",0
"TIPARP-AS1",0
"TIPARP",0
"METTL15P1",0
"PA2G4P4",0
"LEKR1",0
"LINC00880",0
"RP11-6F2.5",0
"LINC00881",0
"KRT18P34",0
"RP11-555M1.3",0
"RP11-550I24.2",0
"VEPH1",0
"PTX3",0
"C3orf55",0
"SHOX2",0
"RSRC1",0
"MLF1",0
"GFM1",0
"LXN",0
"RP11-379F4.7",0
"RP11-379F4.6",0
"RARRES1",0
"MFSD1",0
"RP11-379F4.1",0
"RP11-379F4.8",0
"RP11-379F4.9",0
"GPR79",0
"IQCJ-SCHIP1",0
"IQCJ",0
"RP11-441M10.1",0
"RP11-564C24.1",0
"IQCJ-SCHIP1-AS1",0
"SCHIP1",0
"IL12A-AS1",0
"IL12A",0
"BRD7P2",0
"C3orf80",0
"IFT80",0
"RP11-432B6.1",0
"SMC4",0
"TRIM59",0
"RP11-227J5.3",0
"KPNA4",0
"SCARNA7",0
"RP11-16N11.2",0
"PPM1L",0
"B3GALNT1",0
"NMD3",0
"RP11-3P17.4",0
"RP11-3P17.3",0
"OTOL1",0
"RP11-10O22.1",0
"RP11-418B12.1",0
"RP11-71H9.2",0
"RP11-71H9.1",0
"SI",0
"SLITRK3",0
"RP11-85M11.2",0
"BCHE",0
"RP11-440K22.1",0
"ZBBX",0
"SERPINI2",0
"WDR49",0
"PDCD10",0
"HMGN1P8",0
"SERPINI1",0
"RP11-298O21.2",0
"RP11-298O21.5",0
"GOLIM4",0
"EGFEM1P",0
"RP11-694D5.1",0
"RPL21P43",0
"RP11-368I23.2",0
"RP11-368I23.3",0
"RP11-368I23.4",0
"MECOM",0
"RP11-641D5.1",0
"TERC",0
"ACTRT3",0
"RP11-816J6.3",0
"MYNN",0
"RP11-362K14.5",0
"LRRC34",0
"LRRIQ4",0
"LRRC31",0
"RP11-379K17.4",0
"SEC62",0
"SEC62-AS1",0
"PHC3",0
"PRKCI",0
"RP11-543D10.2",0
"SKIL",0
"RP11-469J4.3",0
"CLDN11",0
"SLC7A14",0
"KRT8P13",0
"RP11-373E16.3",0
"RPL22L1",0
"EIF5A2",0
"RNU1-70P",0
"SLC2A2",0
"TNIK",0
"RP11-185E8.1",0
"PLD1",0
"PP13439",0
"FNDC3B",0
"BZW1P1",0
"TNFSF10",0
"NCEH1",0
"ECT2",0
"RNU4-4P",0
"ATP5G1P4",0
"SPATA16",0
"NLGN1",0
"RP11-521A24.1",0
"NLGN1-AS1",0
"RP11-393N4.2",0
"NAALADL2",0
"NAALADL2-AS2",0
"UBE2V1P2",0
"RP11-523G9.3",0
"RP11-71G7.1",0
"RP11-644C3.1",0
"MTND5P15",0
"TBL1XR1",0
"LINC00501",0
"ASS1P7",0
"LINC00578",0
"SNORA18",0
"RP11-91K9.1",0
"RP11-33A14.1",0
"KCNMB2",0
"LINC01014",0
"RP11-33A14.3",0
"RP11-385J1.2",0
"ZMAT3",0
"PIK3CA",0
"KCNMB3",0
"LRRFIP1P1",0
"ZNF639",0
"RP11-255C15.4",0
"RP11-255C15.3",0
"MFN1",0
"RP11-145M9.4",0
"AC007620.3",0
"GNB4",0
"RP11-145M9.5",0
"MTHFD2P7",0
"ACTL6A",0
"RP11-15L13.4",0
"RP11-145M9.6",0
"MRPL47",0
"NDUFB5",0
"USP13",0
"PEX5L",0
"RP11-494H4.3",0
"PEX5L-AS1",0
"PEX5L-AS2",0
"RP11-496B10.3",0
"TTC14",0
"CCDC39",0
"CCDC39-AS1",0
"FXR1",0
"DNAJC19",0
"SOX2-OT",0
"SOX2",0
"RP11-416O18.1",0
"RP11-139K4.2",0
"RPL7L1P8",0
"RP11-225N10.1",0
"ATP11B",0
"RP11-225N10.3",0
"RP11-531F16.4",0
"DCUN1D1",0
"RP11-531F16.3",0
"MCCC1",0
"MCCC1-AS1",0
"LAMP3",0
"B3GNT5",0
"RNA5SP151",0
"LINC00888",0
"SNORA81",0
"KLHL6",0
"RP11-14I2.2",0
"KLHL24",0
"YEATS2",0
"YEATS2-AS1",0
"MAP6D1",0
"PARL",0
"RP11-315J22.5",0
"ABCC5",0
"ABCC5-AS1",0
"HTR3C",0
"RP11-778D9.9",0
"HSP90AA5P",0
"RP11-778D9.13",0
"RP11-778D9.12",0
"EIF2B5",0
"RP11-778D9.4",0
"AP2M1",0
"ABCF3",0
"VWA5B2",0
"ALG3",0
"ECE2",0
"CAMK2N2",0
"PSMD2",0
"FAM131A",0
"CLCN2",0
"POLR2H",0
"THPO",0
"CHRD",0
"RP11-433C9.2",0
"MAGEF1",0
"RP11-329B9.4",0
"RP11-329B9.3",0
"RP11-329B9.5",0
"RP11-329B9.1",0
"VPS8",0
"C3orf70",0
"EHHADH",0
"MAP3K13",0
"RPL4P4",0
"LIPH",0
"SENP2",0
"RP11-537I16.2",0
"IGF2BP2",0
"C3orf65",0
"TRA2B",0
"RP11-443P15.2",0
"ETV5",0
"ETV5-AS1",0
"DGKG",0
"CRYGS",0
"TBCCD1",0
"DNAJB11",0
"AHSG",0
"FETUB",0
"RP11-134F2.2",0
"HRG",0
"KNG1",0
"PSMD10P2",0
"RP11-573D15.9",0
"EIF4A2",0
"RFC4",0
"RP11-573D15.3",0
"RP11-573D15.2",0
"RP11-573D15.1",0
"RPS20P14",0
"ST6GAL1",0
"AC007690.1",0
"RPL39L",0
"RP11-208N14.4",0
"RTP1",0
"MASP1",0
"RTP4",0
"RP11-567G11.1",0
"SST",0
"RP11-211G3.3",0
"BCL6",0
"RP11-211G3.2",0
"RP11-30O15.1",0
"RP11-430L16.1",0
"LPP-AS2",0
"LPP",0
"AC022498.1",0
"TPRG1-AS1",0
"TP63",0
"LEPREL1",0
"MTAPP2",0
"LEPREL1-AS1",0
"NMNAT1P3",0
"CLDN1",0
"CLDN16",0
"IL1RAP",0
"RN7SKP296",0
"RP11-268E23.2",0
"GMNC",0
"OSTN",0
"UTS2B",0
"CCDC50",0
"FGF12",0
"FGF12-AS1",0
"FGF12-AS2",0
"FGF12-AS3",0
"MB21D2",0
"RP11-143P4.2",0
"VEZF1P1",0
"HRASLS",0
"ATP13A5",0
"ATP13A5-AS1",0
"ATP13A4",0
"RP11-175P19.2",0
"OPA1",0
"OPA1-AS1",0
"RP11-699L21.1",0
"RP11-407B7.1",0
"RP11-135A1.2",0
"RP11-513G11.4",0
"RP11-513G11.3",0
"RP11-513G11.2",0
"LINC00887",0
"CPN2",0
"GP5",0
"ATP13A3",0
"LINC00884",0
"AC108676.1",0
"TMEM44-AS1",0
"TMEM44",0
"AC046143.3",0
"RP11-534C12.1",0
"LSG1",0
"AC046143.2",0
"FAM43A",0
"AC090505.6",0
"AC090505.1",0
"XXYLT1",0
"XXYLT1-AS1",0
"RN7SL36P",0
"XXYLT1-AS2",0
"ACAP2",0
"ACAP2-IT1",0
"PPP1R2",0
"RNU6ATAC24P",0
"AC091633.3",0
"AC091633.2",0
"APOD",0
"AC069213.1",0
"RP11-141C7.4",0
"RP11-141C7.3",0
"AC069513.4",0
"LINC00969",0
"MIR570",0
"MUC20",0
"MUC4",0
"AC124944.5",0
"AC124944.4",0
"TNK2",0
"TNK2-AS1",0
"AC124944.3",0
"RP11-352G9.1",0
"RN7SL773P",0
"RNU2-11P",0
"AC024937.6",0
"RP11-480A16.1",0
"AC024937.4",0
"AC024937.2",0
"ZDHHC19",0
"SLC51A",0
"PCYT1A",0
"AC069257.8",0
"TCTEX1D2",0
"AC069257.6",0
"TM4SF19",0
"TM4SF19-AS1",0
"UBXN7",0
"RN7SL434P",0
"RN7SL738P",0
"AC083822.2",0
"UBXN7-AS1",0
"RNF168",0
"CTD-2002J20.1",0
"SMCO1",0
"WDR53",0
"FBXO45",0
"LINC01063",0
"NRROS",0
"PIGX",0
"CEP19",0
"RNU6-646P",0
"U4",0
"SENP5",0
"AC127904.2",0
"NCBP2",0
"NCBP2-AS1",0
"NCBP2-AS2",0
"PIGZ",0
"AC011322.1",0
"MFI2",0
"MFI2-AS1",0
"DLG1",0
"DLG1-AS1",0
"AC128709.3",0
"AC128709.4",0
"AC128709.2",0
"BDH1",0
"AC024560.3",0
"AC132008.1",0
"RP11-496H1.1",0
"RP11-496H1.2",0
"AC024560.2",0
"KIAA0226",0
"FYTTD1",0
"RP11-803P9.1",0
"LRCH3",0
"AC055764.1",0
"AC144530.1",0
"IQCG",0
"RPL35A",0
"LMLN",0
"ANKRD18DP",0
"TUBB8P8",0
"FAM157A",0
"CICP6",0
"AC073135.7",0
"ZNF595",0
"Z95704.1",0
"Z95704.3",0
"Z95704.5",0
"ZNF718",0
"AC118278.1",0
"RP11-1365D11.1",0
"ZNF876P",0
"AC079140.1",0
"RP11-478C6.6",0
"ZNF732",0
"RP11-478C6.1",0
"ZNF141",0
"RP11-478C6.2",0
"RP11-478C6.4",0
"MIR571",0
"RP11-2H3.2",0
"AC092574.1",0
"RP11-2H3.6",0
"ABCA11P",0
"ZNF721",0
"AC092574.2",0
"PIGG",0
"RP11-1263C18.1",0
"RN7SL358P",0
"PDE6B",0
"RP11-1191J2.5",0
"ATP5I",0
"MYL5",0
"MFSD7",0
"PCGF3",0
"RP11-1191J2.4",0
"RP11-440L14.4",0
"RP11-440L14.1",0
"AC139887.4",0
"CPLX1",0
"RP11-440L14.3",0
"GAK",0
"TMEM175",0
"DGKQ",0
"SLC26A1",0
"FGFRL1",0
"RNF212",0
"RP11-20I20.1",0
"RP11-20I20.2",0
"AC092535.3",0
"SPON2",0
"RP11-20I20.4",0
"CTBP1",0
"CTBP1-AS2",0
"MAEA",0
"UVSSA",0
"AC078852.1",0
"AC078852.2",0
"CRIPAK",0
"NKX1-1",0
"RP13-1016M1.2",0
"RP11-1398P2.1",0
"FAM53A",0
"SLBP",0
"RP11-572O17.1",0
"TMEM129",0
"TACC3",0
"AC016773.1",0
"FGFR3",0
"RN7SL671P",0
"WHSC1",0
"AL132868.1",0
"SCARNA22",0
"NELFA",0
"C4orf48",0
"NAT8L",0
"POLN",0
"RP11-317B7.2",0
"HAUS3",0
"COX6B1P5",0
"MXD4",0
"ZFYVE28",0
"RP11-478C1.7",0
"RN7SL589P",0
"RP11-478C1.8",0
"RP11-503N18.1",0
"RP11-503N18.3",0
"RNF4",0
"RP11-503N18.4",0
"RP11-503N18.5",0
"FAM193A",0
"TNIP2",0
"SH3BP2",0
"ADD1",0
"MFSD10",0
"NOP14-AS1",0
"NOP14",0
"GRK4",0
"RNU6-204P",0
"HTT-AS",0
"MSANTD1",0
"RGS12",0
"RP11-357G3.2",0
"RP11-357G3.1",0
"HGFAC",0
"DOK7",0
"RP11-529E10.6",0
"LRPAP1",0
"RP11-529E10.7",0
"AC141928.1",0
"ADRA2C",0
"ALG1L7P",0
"FAM86EP",0
"ENPP7P9",0
"AC116562.2",0
"RP11-489M13.1",0
"OTOP1",0
"TMEM128",0
"LYAR",0
"ZBTB49",0
"RP11-265O12.1",0
"NSG1",0
"STX18",0
"STX18-IT1",0
"STX18-AS1",0
"RP11-326I19.3",0
"MSX1",0
"CYTL1",0
"STK32B",0
"RN7SKP275",0
"C4orf6",0
"EVC2",0
"EVC",0
"CRMP1",0
"C4orf50",0
"JAKMIP1",0
"RP11-586D19.1",0
"RP11-586D19.2",0
"RP11-1406H17.1",0
"WFS1",0
"PPP2R2C",0
"MAN2B2",0
"RP11-539L10.3",0
"AC093323.3",0
"RP11-539L10.2",0
"AC093323.1",0
"S100P",0
"MRFAP1L1",0
"BLOC1S4",0
"KIAA0232",0
"TBC1D14",0
"AC097382.5",0
"RN7SKP292",0
"RP11-367J11.2",0
"CCDC96",0
"TADA2B",0
"RP11-367J11.3",0
"RN7SKP36",0
"SORCS2",0
"PSAPL1",0
"AFAP1-AS1",0
"AFAP1",0
"AC097381.1",0
"ABLIM2",0
"RP11-338K13.1",0
"GMPSP1",0
"SH3TC1",0
"HTRA3",0
"RP11-774O3.3",0
"ACOX3",0
"TRMT44",0
"RP11-689P11.2",0
"GPR78",0
"CPZ",0
"RP11-1338A24.1",0
"HMX1",0
"RP13-582L3.4",0
"RP11-747H12.7",0
"RP11-747H12.5",0
"RP11-747H12.6",0
"FAM86KP",0
"ALG1L14P",0
"FAM90A26",0
"UNC93B7",0
"RP11-1396O13.1",0
"MIR548I2",0
"RP11-1396O13.2",0
"RP11-264E23.1",0
"ENPP7P11",0
"FAM86MP",0
"SLC2A9",0
"DRD5",0
"RP11-448G15.3",0
"WDR1",0
"MIR3138",0
"RNA5SP155",0
"CLNK",0
"RNPS1P1",0
"HS3ST1",0
"RP11-281P23.1",0
"RP11-281P23.2",0
"RP11-74M11.2",0
"RP11-352E6.1",0
"RP11-22A3.2",0
"HSP90AB2P",0
"RAB28",0
"NKX3-2",0
"LINC01096",0
"BOD1L1",0
"MIR5091",0
"AC006445.7",0
"RP11-341G5.1",0
"LINC01085",0
"LINC00504",0
"CPEB2",0
"RP11-665G4.1",0
"C1QTNF7",0
"RP11-484O2.1",0
"CC2D2A",0
"RP11-799M12.2",0
"FBXL5",0
"BST1",0
"RP11-115L11.1",0
"CD38",0
"FGFBP1",0
"FGFBP2",0
"PROM1",0
"TAPT1",0
"RP11-452J21.2",0
"TAPT1-AS1",0
"ZEB2P1",0
"RP11-446J8.1",0
"LDB2",0
"RPS7P6",0
"QDPR",0
"LAP3",0
"AC006160.5",0
"DCAF16",0
"NCAPG",0
"LCORL",0
"KRT18P63",0
"RP13-585F24.1",0
"SLIT2-IT1",0
"MIR218-1",0
"PACRGL",0
"KCNIP4",0
"RP11-362J17.1",0
"RP11-120A1.1",0
"RP11-556G22.3",0
"RP11-556G22.1",0
"RP11-556G22.2",0
"RP11-17E2.2",0
"GPR125",0
"GBA3",0
"CDC42P6",0
"RP11-380P13.1",0
"RP11-380P13.2",0
"PPARGC1A",0
"RP13-497K6.1",0
"DHX15",0
"MIR573",0
"RP11-496D24.2",0
"SOD3",0
"CCDC149",0
"LGI2",0
"SEPSECS",0
"PI4K2B",0
"RP11-660M5.1",0
"ZCCHC4",0
"AC108218.1",0
"ANAPC4",0
"RP11-206P5.2",0
"SLC34A2",0
"MTND4P9",0
"SEL1L3",0
"RP11-302F12.10",0
"SMIM20",0
"RBPJ",0
"CCKAR",0
"TBC1D19",0
"SNORD74",0
"STIM2",0
"RP11-293A21.1",0
"RP11-415C15.2",0
"RP11-123O22.1",0
"MESTP3",0
"RP11-769N22.1",0
"RP11-472K22.2",0
"PCDH7",0
"RP11-619J20.1",0
"RP11-93M12.1",0
"RP11-617I14.1",0
"RP11-734I18.1",0
"RP11-240A16.1",0
"RP11-141P6.1",0
"ARAP2",0
"RP11-698E18.1",0
"MIR4801",0
"KIAA1239",0
"C4orf19",0
"RP11-36B15.1",0
"RELL1",0
"PGM2",0
"RP11-177C12.1",0
"TBC1D1",0
"RP11-177C12.4",0
"RP11-617D20.1",0
"RP11-617D20.2",0
"AC021860.1",0
"KLF3",0
"TLR10",0
"TLR1",0
"TLR6",0
"FAM114A1",0
"TMEM156",0
"KLHL5",0
"RP11-360F5.1",0
"RP11-360F5.3",0
"WDR19",0
"RFC1",0
"RNU6-32P",0
"KLB",0
"RPL9",0
"LIAS",0
"RP11-472B18.1",0
"UGDH",0
"UGDH-AS1",0
"SMIM14",0
"RP11-539G18.2",0
"UBE2K",0
"RN7SL558P",0
"ZBTB12P1",0
"PDS5A",0
"TCEB1P33",0
"RP11-333E13.2",0
"PABPC1P1",0
"KRT18P25",0
"RP11-333E13.4",0
"N4BP2",0
"RP11-395I6.3",0
"RHOH",0
"AC195454.1",0
"CHRNA9",0
"RBM47",0
"RP11-588L15.2",0
"NSUN7",0
"RP11-632F7.1",0
"APBB2",0
"RP11-632F7.3",0
"UCHL1",0
"LIMCH1",0
"RP11-124A7.1",0
"RP11-227F19.5",0
"PHOX2B",0
"RP11-227F19.1",0
"RP11-227F19.2",0
"RNU1-49P",0
"HMGB1P28",0
"RP11-457P14.5",0
"TMEM33",0
"DCAF4L1",0
"RP11-814H16.2",0
"SLC30A9",0
"ATP1B1P1",0
"BEND4",0
"RP11-63A11.1",0
"SHISA3",0
"ATP8A1",0
"RPS7P7",0
"RP11-473D24.1",0
"RP11-109E24.2",0
"GRXCR1",0
"RP11-663P9.2",0
"RP11-328N19.1",0
"KCTD8",0
"YIPF7",0
"GUF1",0
"GNPDA2",0
"RP11-700J17.1",0
"GABRG1",0
"RP11-320H14.1",0
"GABRA2",0
"RP11-436F23.1",0
"GABRA4",0
"GABRB1",0
"RP11-731J8.2",0
"COMMD8",0
"ATP10D",0
"AC092597.3",0
"CORIN",0
"RP11-100N21.1",0
"RP11-121C2.2",0
"NFXL1",0
"NIPAL1",0
"CNGA1",0
"TEC",0
"SLAIN2",0
"SLC10A4",0
"ZAR1",0
"FRYL",0
"OCIAD1",0
"OCIAD1-AS1",0
"OCIAD2",0
"RNU6-158P",0
"RP11-317G22.2",0
"AC118282.4",0
"RP11-241F15.1",0
"ANKRD20A17P",0
"RP11-241F15.9",0
"RP11-241F15.10",0
"DCUN1D4",0
"DUTP7",0
"RP11-365H22.2",0
"LRRC66",0
"SGCB",0
"SPATA18",0
"USP46",0
"USP46-AS1",0
"DANCR",0
"MIR4449",0
"RP11-177B4.1",0
"ERVMER34-1",0
"AC104066.1",0
"RP11-752D24.3",0
"RASL11B",0
"SCFD2",0
"RP11-752D24.2",0
"FIP1L1",0
"LNX1",0
"LNX1-AS2",0
"RP11-89B16.1",0
"RPL21P44",0
"RP11-571I18.4",0
"CHIC2",0
"GSX2",0
"PDGFRA",0
"KIT",0
"KDR",0
"SRD5A3",0
"SRD5A3-AS1",0
"RP11-177J6.1",0
"TMEM165",0
"AC069200.1",0
"CLOCK",0
"RN7SKP30",0
"RP11-528I4.2",0
"PDCL2",0
"NMU",0
"RP11-345F18.1",0
"EXOC1",0
"RNU6-652P",0
"CEP135",0
"RNA5SP161",0
"KIAA1211",0
"MRPL22P1",0
"RNA5SP162",0
"AASDH",0
"RPL7AP31",0
"RP11-646I6.5",0
"PPAT",0
"RP11-646I6.6",0
"AC068620.1",0
"PAICS",0
"RP11-393M11.2",0
"SRP72",0
"ARL9",0
"THEGL",0
"GLDCP1",0
"RP11-533F5.2",0
"SPINK2",0
"REST",0
"RP11-738E22.3",0
"NOA1",0
"POLR2B",0
"RNU6-998P",0
"IGFBP7",0
"IGFBP7-AS1",0
"RP11-319E12.2",0
"LPHN3",0
"RPL17P19",0
"RP11-798L4.1",0
"RP11-621K7.1",0
"RP11-84A1.3",0
"EXOC5P1",0
"TECRL",0
"RP11-707A18.1",0
"EPHA5",0
"RP11-408P14.1",0
"RP11-807H7.1",0
"RP11-807H7.2",0
"RP11-25H12.1",0
"RP11-19C24.1",0
"RP11-396M11.1",0
"RP11-584P21.2",0
"RNU1-63P",0
"RP11-584P21.4",0
"CENPC",0
"STAP1",0
"UBA6",0
"RP11-17P16.2",0
"UBA6-AS1",0
"ST3GAL1P1",0
"RP11-453E17.3",0
"RP11-453E17.4",0
"GNRHR",0
"TMPRSS11CP",0
"TMPRSS11D",0
"TMPRSS11A",0
"TMPRSS11GP",0
"GCOM2",0
"TMPRSS11F",0
"SYT14L",0
"YTHDC1",0
"MT2P1",0
"TMPRSS11E",0
"UGT2B15",0
"UGT2B10",0
"RP11-468N14.7",0
"RP11-468N14.13",0
"UGT2A3",0
"UGT2B7",0
"RP11-704M14.1",0
"UGT2B11",0
"RP11-618I10.2",0
"UGT2B4",0
"SULT1B1",0
"SULT1E1",0
"STATH",0
"HTN3",0
"HTN1",0
"C4orf40",0
"ODAM",0
"FDCSP",0
"CABS1",0
"SMR3B",0
"MUC7",0
"AMTN",0
"ENAM",0
"IGJ",0
"UTP3",0
"RNU6-520P",0
"RP11-46J23.1",0
"RUFY3",0
"GRSF1",0
"MOB1B",0
"DCK",0
"SLC4A4",0
"GC",0
"NPFFR2",0
"ADAMTS3",0
"RP11-373J21.1",0
"HNRNPA1P67",0
"RP11-352E8.2",0
"ANKRD17",0
"HMGA1P2",0
"RP11-692D12.1",0
"SNORA3",0
"ALB",0
"AFP",0
"AFM",0
"RP11-622A1.2",0
"RASSF6",0
"CXCL6",0
"PF4V1",0
"CXCL1",0
"PF4",0
"PPBP",0
"CXCL5",0
"CXCL3",0
"PPBPP2",0
"RP11-629B11.4",0
"CXCL2",0
"MTHFD2L",0
"AC093677.1",0
"EPGN",0
"EREG",0
"AREG",0
"BTC",0
"PARM1",0
"RP11-44F21.3",0
"RP11-44F21.2",0
"RP11-44F21.5",0
"RP11-44F21.4",0
"RP11-567N4.3",0
"THAP6",0
"C4orf26",0
"CDKL2",0
"G3BP2",0
"USO1",0
"RP11-556N4.1",0
"PPEF2",0
"NAAA",0
"SDAD1",0
"RP11-630D6.5",0
"ART3",0
"CXCL11",0
"NUP54",0
"SCARB2",0
"FAM47E",0
"FAM47E-STBD1",0
"CCDC158",0
"SNX5P1",0
"SHROOM3",0
"MIR548AH",0
"AC107072.2",0
"RP11-359D14.2",0
"SOWAHB",0
"SEPT11",0
"TXNP6",0
"CCNI",0
"RPL7P17",0
"RP11-1E1.2",0
"CCNG2",0
"CXCL13",0
"CNOT6L",0
"MRPL1",0
"RP11-777B9.1",0
"HMGB1P44",0
"FRAS1",0
"SERBP1P5",0
"ANXA3",0
"LINC01094",0
"RP11-109G23.3",0
"BMP2K",0
"PAQR3",0
"LINC01088",0
"NAA11",0
"RP11-452C8.1",0
"PCAT4",0
"ANTXR2",0
"AC097711.1",0
"RP11-377G16.2",0
"PRDM8",0
"FGF5",0
"C4orf22",0
"BMP3",0
"PRKG2",0
"RASGEF1B",0
"RP11-689K5.3",0
"RP11-112L18.1",0
"NPM1P41",0
"RP11-127B20.2",0
"HNRNPD",0
"IGBP1P4",0
"HNRNPDL",0
"ENOPH1",0
"TMEM150C",0
"RPL7AP26",0
"RP11-791G16.2",0
"RP11-791G16.4",0
"LINC00575",0
"SCD5",0
"RP11-57B24.1",0
"RP11-57B24.2",0
"SEC31A",0
"THAP9-AS1",0
"THAP9",0
"LIN54",0
"COPS4",0
"PLAC8",0
"RP11-576N17.5",0
"RP11-576N17.2",0
"RP11-576N17.3",0
"COQ2",0
"HPSE",0
"HELQ",0
"MRPS18C",0
"FAM175A",0
"SLC25A14P1",0
"AGPAT9",0
"RP11-8L2.1",0
"RP11-42A4.1",0
"NKX6-1",0
"RPL3P13",0
"CDS1",0
"WDFY3",0
"RN7SL552P",0
"WDFY3-AS2",0
"ARHGAP24",0
"RP13-514E23.2",0
"RP13-514E23.1",0
"MAPK10",0
"RP11-778J15.1",0
"PTPN13",0
"SLC10A6",0
"C4orf36",0
"RP11-397E7.4",0
"AFF1",0
"TECRP1",0
"KLHL8",0
"RP11-476C8.2",0
"GAPDHP60",0
"HSD17B13",0
"HSD17B11",0
"NUDT9",0
"RP11-710E1.2",0
"SPARCL1",0
"DSPP",0
"DMP1",0
"CHCHD2P7",0
"MEPE",0
"HSP90AB3P",0
"RNU1-36P",0
"PKD2",0
"ABCG2",0
"RP11-10L7.1",0
"HERC6",0
"HERC5",0
"RP11-466G12.3",0
"RP11-466G12.2",0
"NAP1L5",0
"FAM13A-AS1",0
"FAM13A",0
"TIGD2",0
"RP11-84C13.2",0
"RNU6-907P",0
"GPRIN3",0
"RP11-115D19.1",0
"SNCA",0
"RP11-67M1.1",0
"MMRN1",0
"CCSER1",0
"TMSB4XP8",0
"AC004054.1",0
"RP11-562F9.1",0
"RP11-562F9.2",0
"RP11-9B6.1",0
"GRID2",0
"MTND1P19",0
"RP11-428L21.2",0
"RP11-428L21.1",0
"RP11-131K17.1",0
"ATOH1",0
"RP11-363G15.2",0
"SMARCAD1",0
"HPGDS",0
"PDLIM5",0
"RP11-168E14.1",0
"BMPR1B",0
"UNC5C",0
"RP11-710C12.1",0
"RP11-431J17.1",0
"STPG2",0
"RP11-681L8.1",0
"STPG2-AS1",0
"RPL5P12",0
"RP11-323J4.1",0
"RAP1GDS1",0
"TSPAN5",0
"RP11-724M22.1",0
"RP11-1299A16.3",0
"EIF4E",0
"RP11-571L19.7",0
"METAP1",0
"RP11-571L19.8",0
"ADH5",0
"RP11-696N14.1",0
"ADH4",0
"ADH6",0
"ADH1A",0
"ADH1B",0
"ADH1C",0
"TRMT10A",0
"MTTP",0
"RP11-766F14.2",0
"DAPP1",0
"LAMTOR3",0
"DNAJB14",0
"RP11-15B17.1",0
"RP11-15B17.2",0
"DDIT4L",0
"EMCN",0
"PPP3CA",0
"AP001816.1",0
"BANK1",0
"SLC39A8",0
"RP11-499E18.1",0
"AF213884.2",0
"NFKB1",0
"AF213884.3",0
"MANBA",0
"AF224669.3",0
"LRRC37A15P",0
"KRT8P46",0
"RP11-10L12.1",0
"RP11-10L12.2",0
"UBE2D3",0
"RP11-10L12.4",0
"RNU7-151P",0
"CISD2",0
"PABPC1P7",0
"SLC9B2",0
"BDH2",0
"CENPE",0
"RP11-328K4.1",0
"DDX3YP3",0
"CXXC4",0
"AC004053.1",0
"AC004069.2",0
"TET2",0
"TET2-AS1",0
"PPA2",0
"RNU6-553P",0
"EEF1A1P9",0
"AC004066.3",0
"ARHGEF38",0
"INTS12",0
"RP11-45L9.1",0
"RP11-710F7.2",0
"RP11-710F7.3",0
"TBCK",0
"AIMP1",0
"DKK2",0
"PAPSS1",0
"SGMS2",0
"RP11-286E11.1",0
"CYP2U1",0
"RP11-286E11.2",0
"HADH",0
"LEF1",0
"LEF1-AS1",0
"RPL34-AS1",0
"RPL34",0
"OSTC",0
"RNU6-431P",0
"ETNPPL",0
"AC004051.2",0
"RBMXP4",0
"SEC24B-AS1",0
"SEC24B",0
"MIR576",0
"SETP20",0
"CDC42P4",0
"CCDC109B",0
"HIGD1AP14",0
"CASP6",0
"AC004067.5",0
"PLA2G12A",0
"CFI",0
"RP11-602N24.3",0
"GAR1",0
"RRH",0
"LRIT3",0
"EGF",0
"ELOVL6",0
"RP11-115A14.1",0
"ZBED1P1",0
"ENPEP",0
"snoU2_19",0
"RP11-380D23.1",0
"RP11-380D23.2",0
"PITX2",0
"RP11-269F21.3",0
"C4orf32",0
"RP11-73K9.2",0
"AP1AR",0
"RP11-73K9.3",0
"TIFA",0
"ALPK1",0
"TOX4P1",0
"NEUROG2",0
"RP11-402J6.1",0
"C4orf21",0
"RP11-402J6.3",0
"LARP7",0
"MIR302B",0
"MIR367",0
"MIR302A",0
"MIR302C",0
"OSTCP4",0
"RP11-148B6.2",0
"RP11-119H12.1",0
"RPL7AP30",0
"RP11-119H12.3",0
"ANK2",0
"RP11-119H12.4",0
"RP11-119H12.6",0
"RP11-650J17.1",0
"RP11-650J17.2",0
"AC004057.1",0
"CAMK2D",0
"ARSJ",0
"RP11-26P13.2",0
"UGT8",0
"CIR1P2",0
"NDST4",0
"ACTN4P1",0
"AC107399.2",0
"AC113617.1",0
"AC092661.1",0
"NT5C3AP1",0
"NDST3",0
"FKBP4P1",0
"SNHG8",0
"PRSS12",0
"CEP170P1",0
"CICP16",0
"RP11-384K6.4",0
"METTL14",0
"SEC24D",0
"SYNPO2",0
"RP11-21I10.2",0
"MYOZ2",0
"RP11-455G16.1",0
"USP53",0
"C4orf3",0
"KLHL2P1",0
"RP11-548H18.2",0
"RP11-33B1.4",0
"RP11-33B1.2",0
"RP11-33B1.1",0
"RP11-33B1.3",0
"PDE5A",0
"SNORA11",0
"RP11-96A1.5",0
"MAD2L1",0
"RP11-679C8.2",0
"PRDM5",0
"SETP12",0
"NDNF",0
"RP11-647P12.1",0
"TNIP3",0
"QRFPR",0
"ANXA5",0
"TMEM155",0
"AC079341.1",0
"EXOSC9",0
"CCNA2",0
"BBS7",0
"TRPC3",0
"AC097533.1",0
"KIAA1109",0
"IL21-AS1",0
"CETN4P",0
"BBS12",0
"FGF2",0
"RP11-170N16.2",0
"RP11-170N16.3",0
"NUDT6",0
"SPATA5",0
"SPRY1",0
"LINC01091",0
"RP11-93I21.3",0
"ANKRD50",0
"FAT4",0
"INTU",0
"SLC25A31",0
"HSPA4L",0
"RP11-50D9.1",0
"RP11-50D9.3",0
"PLK4",0
"RNU6-583P",0
"MFSD8",0
"C4orf29",0
"LARP1B",0
"RP11-214O14.1",0
"FOSL1P1",0
"PGRMC2",0
"RP11-420A23.1",0
"RP11-184M15.1",0
"JADE1",0
"SCLT1",0
"C4orf33",0
"RP11-519M16.1",0
"RP11-422J15.1",0
"RP11-789C2.1",0
"RP11-404I7.2",0
"RP11-404I7.1",0
"RP11-9G1.3",0
"R3HDM2P1",0
"PCDH10",0
"RP11-427M20.1",0
"PABPC4L",0
"RP11-553P9.1",0
"RP11-553P9.3",0
"RP11-775H9.3",0
"RP11-775H9.2",0
"TERF1P3",0
"RP11-138I17.1",0
"PCDH18",0
"RP11-714L20.1",0
"RP13-884E18.4",0
"SLC7A11-AS1",0
"SLC7A11",0
"RP11-173E2.1",0
"RP11-371F15.3",0
"CCRN4L",0
"ELF2",0
"RNU6-531P",0
"RN7SL382P",0
"PPP1R14BP3",0
"MGARP",0
"NDUFC1",0
"NAA15",0
"RP11-83A24.1",0
"RAB33B",0
"SETD7",0
"FTH1P24",0
"RP11-342I1.2",0
"RP11-308D13.3",0
"MGST2",0
"H3F3AP6",0
"MAML3",0
"RP11-392B6.1",0
"SCOC",0
"RP11-425I13.3",0
"RP11-425I13.1",0
"CLGN",0
"ELMOD2",0
"UCP1",0
"RN7SL152P",0
"TBC1D9",0
"TNRC18P1",0
"RP11-102N12.3",0
"RNF150",0
"ZNF330",0
"RP11-362F19.1",0
"INPP4B",0
"RP11-223C24.2",0
"RP11-284M14.1",0
"USP38",0
"AC097658.1",0
"GAB1",0
"RP11-364L4.1",0
"RP11-58H15.1",0
"SMARCA5",0
"SMARCA5-AS1",0
"GUSBP5",0
"FREM3",0
"RP13-578N3.3",0
"RP11-780M14.1",0
"GYPE",0
"RP11-673E1.3",0
"RP11-673E1.1",0
"RP11-673E1.4",0
"GYPB",0
"GYPA",0
"HHIP-AS1",0
"HHIP",0
"HSPD1P5",0
"RP13-539F13.3",0
"ANAPC10",0
"ABCE1",0
"OTUD4",0
"RP11-142A22.4",0
"RTN3P1",0
"SMAD1",0
"SMAD1-AS2",0
"SMAD1-AS1",0
"MMAA",0
"RP11-557J10.3",0
"RP11-557J10.4",0
"C4orf51",0
"ZNF827",0
"RP11-181K12.2",0
"LSM6",0
"RP11-6L6.2",0
"SLC10A7",0
"POU4F2",0
"TTC29",0
"RP11-292D4.1",0
"EDNRA",0
"GTF2F2P1",0
"RP11-752L20.5",0
"RP11-425A23.1",0
"TMEM184C",0
"PRMT10",0
"ARHGAP10",0
"RP11-563M4.1",0
"RP11-24I21.1",0
"RP11-526A4.1",0
"DCLK2",0
"LRBA",0
"RP11-174F8.1",0
"RP11-1336O20.2",0
"MAB21L2",0
"RPS3A",0
"SNORD73",0
"SH3D19",0
"RP11-731D1.1",0
"PRSS48",0
"RP11-731D1.4",0
"RP11-610P16.1",0
"FAM160A1",0
"RP11-164P12.4",0
"PET112",0
"RP11-164P12.3",0
"RP11-424M21.1",0
"RP11-73G16.1",0
"RP11-461L13.5",0
"RP11-461L13.3",0
"FBXW7",0
"RP11-461L13.2",0
"MIR4453",0
"RP11-555K12.1",0
"TMEM154",0
"TIGD4",0
"ARFIP1",0
"RP11-206F17.2",0
"FHDC1",0
"RP11-285C1.2",0
"TRIM2",0
"ANXA2P1",0
"MND1",0
"KIAA0922",0
"RP11-153M7.3",0
"TLR2",0
"RNF175",0
"RP11-153M7.5",0
"SFRP2",0
"AC020703.1",0
"DCHS2",0
"RP11-158C21.2",0
"PLRG1",0
"RNU6-1285P",0
"FGB",0
"FGA",0
"FGG",0
"LRAT",0
"RBM46",0
"RP11-92A5.2",0
"NPY2R",0
"AC097467.2",0
"MAP9",0
"GUCY1A3",0
"RP11-588K22.2",0
"GUCY1B3",0
"ASIC5",0
"TDO2",0
"CTSO",0
"FTH1P21",0
"PDGFC",0
"GLRB",0
"GRIA2",0
"AC079233.1",0
"FAM198B",0
"RP11-597D13.9",0
"NUDT19P5",0
"TMEM144",0
"RP11-597D13.7",0
"RXFP1",0
"C4orf46",0
"ETFDH",0
"PPID",0
"FNIP2",0
"C4orf45",0
"RP11-815N9.2",0
"RAPGEF2",0
"RP11-502M1.2",0
"RP11-234O6.2",0
"FSTL5",0
"RP11-580J4.1",0
"RP11-563E2.2",0
"NAF1",0
"NPY5R",0
"TKTL2",0
"TMA16",0
"AC093788.1",0
"MARCH1",0
"RP11-218F10.3",0
"RP11-39C10.1",0
"ANP32C",0
"RP11-366M4.3",0
"TRIM60P14",0
"NACA3P",0
"RP11-366M4.8",0
"TRIM61",0
"FAM218A",0
"RP11-366M4.11",0
"RP11-219C20.1",0
"RP11-219C20.3",0
"TMEM192",0
"KLHL2",0
"GK3P",0
"MSMO1",0
"CPE",0
"MIR578",0
"HADHAP1",0
"TLL1",0
"RP11-217C7.1",0
"ANXA10",0
"DDX60L",0
"PALLD",0
"RPL9P16",0
"RP11-635L1.3",0
"CBR4",0
"RNU6-853P",0
"RNY4P17",0
"SH3RF1",0
"RP11-327O17.2",0
"NEK1",0
"CLCN3",0
"C4orf27",0
"PTGES3P3",0
"RP11-205M3.3",0
"RP11-6E9.5",0
"RP11-6E9.4",0
"MFAP3L",0
"AADAT",0
"RP11-789C1.1",0
"HSP90AA6P",0
"GALNTL6",0
"RP11-10K16.1",0
"GALNT7",0
"RP11-798M19.3",0
"HMGB2",0
"RP11-798M19.6",0
"SAP30",0
"SCRG1",0
"RPL5P11",0
"RP11-489G11.3",0
"HAND2",0
"HAND2-AS1",0
"MORF4",0
"RP11-148L24.1",0
"CEP44",0
"RP11-51M24.1",0
"HPGD",0
"GLRA3",0
"ADAM29",0
"RP11-598D14.1",0
"GPM6A",0
"RP11-806K15.1",0
"WDR17",0
"SPATA4",0
"ASB5",0
"RP11-87F15.2",0
"SPCS3",0
"VEGFC",0
"RP11-765K14.1",0
"NEIL3",0
"RP11-376O6.2",0
"AGA",0
"RP11-130F10.1",0
"RP11-140M13.1",0
"LINC01098",0
"LINC01099",0
"SNORD65",0
"RP11-404J23.1",0
"RP11-751A18.1",0
"RP11-460H9.1",0
"LINC00290",0
"RP11-665C14.2",0
"RP11-433O3.1",0
"AC108142.1",0
"TENM3",0
"RP11-402C9.1",0
"MIR1305",0
"RNU2-34P",0
"RP11-18D7.3",0
"RP11-18D7.2",0
"RP11-188P17.2",0
"DCTD",0
"RP11-335L23.5",0
"WWC2-AS2",0
"WWC2",0
"CLDN24",0
"RP11-451F20.1",0
"CDKN2AIP",0
"VTI1BP2",0
"RP11-367N14.2",0
"ING2",0
"RWDD4",0
"RNU6-479P",0
"TRAPPC11",0
"RNU6-1053P",0
"STOX2",0
"RP11-739P1.2",0
"RP11-616K6.1",0
"ENPP6",0
"RP11-290F5.2",0
"RP11-290F5.1",0
"IRF2",0
"RP11-326I11.5",0
"RP11-326I11.3",0
"RP11-326I11.4",0
"RP11-242J7.1",0
"CASP3",0
"PRIMPOL",0
"CENPU",0
"ACSL1",0
"HELT",0
"SLC25A4",0
"KIAA1430",0
"SNX25",0
"LRP2BP",0
"RP11-714G18.1",0
"ANKRD37",0
"UFSP2",0
"C4orf47",0
"CCDC110",0
"RP11-279O9.4",0
"PDLIM3",0
"SORBS2",0
"RP11-301L8.2",0
"RP11-626E13.1",0
"RP11-45I20.1",0
"TLR3",0
"FAM149A",0
"RP11-173M11.2",0
"ORAOV1P1",0
"AC110771.1",0
"CYP4V2",0
"KLKB1",0
"F11",0
"MTNR1A",0
"FAT1",0
"AC108865.1",0
"RP11-11N5.1",0
"RP11-11N5.3",0
"RP11-138B4.1",0
"ZFP42",0
"TRIML2",0
"RP11-713C19.1",0
"LINC01060",0
"RP11-756P10.1",0
"RP11-756P10.3",0
"HSP90AA4P",0
"RP11-462G22.1",0
"RP11-462G22.2",0
"AF146191.4",0
"RP11-463J17.1",0
"FRG1",0
"TUBB7P",0
"DUX4L9",0
"RARRES2P4",0
"AGGF1P1",0
"RP11-811I15.1",0
"CTD-2231H16.1",0
"PLEKHG4B",0
"LRRC14B",0
"CTD-2083E4.7",0
"CCDC127",0
"CTD-2083E4.4",0
"SDHA",0
"CTD-2083E4.6",0
"PDCD6",0
"CTD-2083E4.5",0
"AHRR",0
"CTD-2228K2.1",0
"EXOC3",0
"CTD-2228K2.5",0
"CTD-2228K2.7",0
"RP11-310P5.1",0
"CEP72",0
"TPPP",0
"AC026740.1",0
"CTD-2589H19.6",0
"ZDHHC11",0
"ZDHHC11B",0
"CTD-2589H19.4",0
"SPCS2P3",0
"BRD9",0
"TRIP13",0
"RP11-661C8.2",0
"RP11-43F13.3",0
"RP11-43F13.4",0
"NKD2",0
"SLC12A7",0
"MIR4635",0
"SLC6A19",0
"SLC6A18",0
"TERT",0
"CLPTM1L",0
"RP11-325I22.2",0
"SLC6A3",0
"LPCAT1",0
"CTD-2245E15.3",0
"SDHAP3",0
"CTD-2012J19.3",0
"CTD-2012J19.2",0
"RP11-43F13.1",0
"CTD-2012J19.1",0
"CTD-2587M23.1",0
"MRPL36",0
"NDUFS6",0
"IRX4",0
"RP11-259O2.1",0
"RP11-129I19.2",0
"IRX2",0
"C5orf38",0
"CTD-2029E14.1",0
"LINC01019",0
"IRX1",0
"RP11-445O3.3",0
"RP11-445O3.2",0
"RP11-445O3.1",0
"CTD-2247C11.5",0
"CTD-2297D10.2",0
"ADAMTS16",0
"RP11-531A21.3",0
"KIAA0947",0
"CTC-471C19.1",0
"CTD-2324F15.2",0
"MED10",0
"UBE2QL1",0
"LINC01018",0
"NSUN2",0
"SRD5A1",0
"CTD-2044J15.2",0
"CTD-2044J15.1",0
"RP11-332J15.3",0
"RP11-332J15.4",0
"RP11-332J15.1",0
"RP11-122F24.1",0
"RP11-404K5.1",0
"RP11-404K5.2",0
"ADCY2",0
"RP11-711G10.1",0
"MTRR",0
"FASTKD3",0
"CTD-2072I24.1",0
"RP11-480D4.1",0
"RP11-480D4.2",0
"RP11-480D4.6",0
"SEMA5A",0
"CTD-2201E9.1",0
"SNORD123",0
"TAS2R1",0
"CTD-2143L24.1",0
"CTD-2199O4.1",0
"AC034229.1",0
"CTD-2199O4.6",0
"FAM173B",0
"CTD-2256P15.1",0
"CCT5",0
"CTD-2256P15.4",0
"CTD-2256P15.5",0
"CMBL",0
"CTD-2256P15.2",0
"MARCH6",0
"ROPN1L",0
"RP11-1C1.7",0
"ANKRD33B",0
"RP11-54F2.1",0
"RP11-215G15.5",0
"RP11-215G15.4",0
"CTNND2",0
"CT49",0
"RP11-419C19.3",0
"RP11-419C19.2",0
"RPS23P5",0
"DNAH5",0
"TRIO",0
"FAM105A",0
"CTD-2165H16.3",0
"CCT6P2",0
"EEF1A1P13",0
"CTD-2165H16.4",0
"ANKH",0
"RBBP4P1",0
"CTB-40H15.4",0
"UQCRBP3",0
"HNRNPKP5",0
"FBXL7",0
"MARCH11",0
"RP11-19O2.1",0
"RP11-19O2.2",0
"RP1-167G20.1",0
"RP1-167G20.2",0
"ZNF622",0
"FAM134B",0
"RP11-260E18.1",0
"CTC-461F20.1",0
"MYO10",0
"CTB-55B8.1",0
"BASP1",0
"CTD-2228A4.1",0
"AC091878.1",0
"RNA5SP180",0
"DCAF13P2",0
"RNU6-1003P",0
"FTH1P10",0
"CTD-2139B15.5",0
"RP11-321E2.3",0
"RP11-432M8.8",0
"RP11-432M8.9",0
"RP11-432M8.17",0
"RP11-454P21.1",0
"RPL36AP21",0
"RN7SL58P",0
"CDH18",0
"RP11-420O16.2",0
"RP11-374A4.1",0
"GUSBP1",0
"RP11-823P9.3",0
"AC138951.1",0
"RP11-360I2.1",0
"CDH12",0
"PRDM9",0
"C5orf17",0
"CTD-2015B23.2",0
"CTD-2074D8.1",0
"CDH10",0
"RP11-116O11.1",0
"RP11-116O11.2",0
"RP11-549K20.1",0
"RP11-184E9.1",0
"RP11-192H6.2",0
"MSNP1",0
"CDH9",0
"LINC01021",0
"RNU6-909P",0
"CTD-2269E23.3",0
"CDH6",0
"DROSHA",0
"C5orf22",0
"CTD-2152M20.2",0
"GOLPH3",0
"CTD-2186M15.3",0
"MTMR12",0
"RNU6-1079P",0
"ZFR",0
"MIR579",0
"CTD-2290P7.1",0
"SUB1",0
"CTD-2066L21.3",0
"RP11-36C20.1",0
"CTD-2203K17.1",0
"TARS",0
"ADAMTS12",0
"RXFP3",0
"SLC45A2",0
"RP11-1084J3.1",0
"AMACR",0
"RP11-1084J3.4",0
"RP11-1084J3.3",0
"C1QTNF3",0
"RP11-1250I15.3",0
"RP11-1023L17.1",0
"RP11-1023L17.2",0
"CTD-2024P10.2",0
"RAI14",0
"CTD-2024P10.1",0
"CTD-2517O10.6",0
"TTC23L",0
"CTD-2517O10.5",0
"RPL21P54",0
"BRIX1",0
"DNAJC21",0
"AGXT2",0
"PRLR",0
"SPEF2",0
"IL7R",0
"CAPSL",0
"UGT3A1",0
"UGT3A2",0
"LMBRD2",0
"MIR580",0
"SKP2",0
"NADK2",0
"NADK2-AS1",0
"RANBP3L",0
"SLC1A3",0
"CTD-2353F22.1",0
"CTD-2653M23.3",0
"NIPBL",0
"KRT18P31",0
"RPS4XP6",0
"C5orf42",0
"OFD1P17",0
"RN7SL37P",0
"CTD-2124B8.2",0
"NUP155",0
"RNU7-75P",0
"WDR70",0
"RP11-648M2.2",0
"RNU6-484P",0
"GDNF",0
"GDNF-AS1",0
"CTD-2130F23.2",0
"EGFLAM",0
"LIFR-AS1",0
"CTD-2196P11.2",0
"CTD-2127H9.1",0
"OSMR",0
"RICTOR",0
"AIG1P1",0
"FYB",0
"C9",0
"DAB2",0
"CTD-2078B5.2",0
"INTS6P1",0
"PTGER4",0
"TTC33",0
"PRKAA1",0
"SNORA57",0
"RPL37",0
"SNORD72",0
"C7",0
"MROH2B",0
"C6",0
"PLCXD3",0
"OXCT1",0
"OXCT1-AS1",0
"C5orf51",0
"FBXO4",0
"GHR",0
"SERBP1P6",0
"SEPP1",0
"CTD-2325A15.3",0
"CTD-2201E18.4",0
"CTD-2201E18.5",0
"CTD-2201E18.3",0
"CTD-2035E11.3",0
"CTD-2035E11.4",0
"ANXA2R",0
"AC025171.1",0
"CTD-2035E11.5",0
"ZNF131",0
"NIM1K",0
"RP11-447H19.3",0
"RP11-447H19.1",0
"CTD-2636A23.2",0
"HMGCS1",0
"CCL28",0
"C5orf28",0
"RP11-159F24.3",0
"C5orf34",0
"EEF1A1P19",0
"RP11-159F24.6",0
"RP11-159F24.5",0
"PAIP1",0
"NNT-AS1",0
"CTD-2210P15.2",0
"NNT",0
"FGF10",0
"FGF10-AS1",0
"RP11-473L15.3",0
"RP11-53O19.1",0
"RP11-53O19.2",0
"MRPS30",0
"RP11-53O19.3",0
"HCN1",0
"RP11-484L7.1",0
"EMB",0
"PARP8",0
"CTD-2089N3.1",0
"CTD-2089N3.2",0
"CTD-2089N3.3",0
"CTD-2314G24.2",0
"ISL1",0
"HMGB1P47",0
"CTD-2335O3.2",0
"CTD-2335O3.3",0
"CTD-2288O8.1",0
"ITGA1",0
"ITGA2",0
"CTD-2366F13.2",0
"MOCS2",0
"CTD-2366F13.1",0
"FST",0
"NDUFS4",0
"CTD-2081C10.7",0
"ARL15",0
"HSPB3",0
"SNX18",0
"AC112198.1",0
"ESM1",0
"GZMA",0
"CDC20B",0
"GPX8",0
"MCIDAS",0
"CCNO",0
"RP11-506H20.1",0
"DHX29",0
"SKIV2L2",0
"RP11-506H20.2",0
"PPAP2A",0
"RNF138P1",0
"SLC38A9",0
"DDX4",0
"IL31RA",0
"IL6ST",0
"CTD-2031P19.4",0
"CTD-2031P19.3",0
"ANKRD55",0
"RNU6-299P",0
"RP11-365H8.2",0
"AC008391.1",0
"CTC-236F12.4",0
"AC022431.1",0
"AC022431.2",0
"AC008940.1",0
"AC008937.2",0
"AC008937.3",0
"SETD9",0
"MIER3",0
"CTD-2310F14.1",0
"AC016644.1",0
"GPBP1",0
"CTD-2023N9.1",0
"CTD-2023N9.3",0
"PLK2",0
"RAB3C",0
"RP11-479O16.1",0
"RPL5P15",0
"CTD-2176I21.2",0
"PDE4D",0
"RP11-266N13.2",0
"SETP21",0
"PART1",0
"DEPDC1B",0
"CTD-2003D5.1",0
"AC109133.1",0
"ELOVL7",0
"RP11-231G3.1",0
"ERCC8",0
"GNL3LP1",0
"AC104113.3",0
"NDUFAF2",0
"SMIM15",0
"CTC-436P18.1",0
"ZSWIM6",0
"RP11-631M6.3",0
"RP11-631M6.2",0
"RPL3P6",0
"C5orf64",0
"RP11-2O17.2",0
"CTD-2170G1.2",0
"KIF2A",0
"DIMT1",0
"IPO11",0
"RP11-95I19.2",0
"RP11-95I19.1",0
"LRRC70",0
"ISCA1P1",0
"CTD-2049O17.1",0
"RP11-158J3.2",0
"HTR1A",0
"RNF180",0
"RGS7BP",0
"FAM159B",0
"SREK1IP1",0
"CWC27",0
"RP11-307L14.1",0
"RP11-307L14.2",0
"ADAMTS6",0
"CTD-2375G15.1",0
"CTD-2116N20.1",0
"CENPK",0
"PPWD1",0
"TRIM23",0
"RNU6-540P",0
"TRAPPC13",0
"CTC-534A2.2",0
"SGTB",0
"NLN",0
"CTD-2353N24.1",0
"CTD-2033C11.1",0
"ERBB2IP",0
"SNORA76",0
"SREK1",0
"CTD-2016O11.1",0
"MAST4",0
"MAST4-AS1",0
"CD180",0
"RP11-434D9.1",0
"RP11-357D18.1",0
"RP11-83M16.5",0
"RP11-83M16.2",0
"RP11-83M16.3",0
"RP11-83M16.4",0
"RP11-83M16.6",0
"RP11-434D9.2",0
"PIK3R1",0
"CTC-537E7.3",0
"CTC-340D7.1",0
"7SK",0
"SLC30A5",0
"CTC-498J12.3",0
"SNORA50",0
"CENPH",0
"MRPS36",0
"CDK7",0
"CCDC125",0
"CHCHD2P2",0
"TAF9",0
"RAD17",0
"MARVELD2",0
"OCLN",0
"GUSBP3",0
"GTF2H2C",0
"RP11-848G14.2",0
"RP11-848G14.5",0
"RP11-98J23.2",0
"RP11-98J23.1",0
"CDH12P2",0
"SERF1B",0
"SMN2",0
"RN7SL9P",0
"RP11-1319K7.1",0
"CDH12P3",0
"RP11-1415C14.4",0
"GTF2H2B",0
"RP11-497H16.9",0
"RP11-497H16.7",0
"RP11-497H16.2",0
"RP11-497H16.8",0
"RP11-497H16.6",0
"RP11-497H16.5",0
"RP11-497H16.4",0
"RP11-589F5.4",0
"RP11-589F5.3",0
"CDH12P1",0
"SERF1A",0
"NAIP",0
"RP11-195E2.4",0
"GTF2H2",0
"RP11-195E2.1",0
"RP11-1280N14.3",0
"GUSBP9",0
"RP11-136K7.2",0
"PMCHL2",0
"BDP1",0
"HMGN1P12",0
"MCCC2",0
"CARTPT",0
"MAP1B",0
"MIR4803",0
"MRPS27",0
"RN7SL153P",0
"PTCD2",0
"CTC-365E16.1",0
"RP11-389C8.3",0
"RP11-389C8.1",0
"CTC-347C20.1",0
"RPL7P22",0
"CTD-2631K10.1",0
"TNPO1",0
"CTD-2339M3.1",0
"CTD-2376I4.1",0
"CTD-2376I4.2",0
"FCHO2",0
"CTC-250P20.2",0
"TMEM171",0
"RP11-60A8.1",0
"FOXD1",0
"RP11-79P5.7",0
"RP11-79P5.9",0
"BTF3",0
"AC099522.2",0
"ANKRA2",0
"UTP15",0
"ARHGEF28",0
"CTD-2372A4.1",0
"CTC-419K13.1",0
"ENC1",0
"HEXB",0
"GFM2",0
"RNU6-658P",0
"NSA2",0
"FAM169A",0
"CTD-2060C23.1",0
"CTD-2377O17.1",0
"GCNT4",0
"RP11-229C3.2",0
"ANKRD31",0
"CTD-2235C13.2",0
"HMGCR",0
"CTD-2235C13.3",0
"COL4A3BP",0
"CTD-2235C13.1",0
"POLK",0
"RNU7-175P",0
"ANKDD1B",0
"POC5",0
"CTC-235G5.1",0
"CTC-235G5.2",0
"CTC-235G5.3",0
"SV2C",0
"RP11-466P24.2",0
"HMGN2P4",0
"RP11-466P24.7",0
"RP11-156N15.1",0
"IQGAP2",0
"CTD-2236F14.1",0
"F2RL2",0
"CTD-2384B11.2",0
"F2R",0
"F2RL1",0
"S100Z",0
"CRHBP",0
"AGGF1",0
"ZBED3",0
"SNORA47",0
"ZBED3-AS1",0
"PDE8B",0
"ALDH7A1P1",0
"WDR41",0
"RPL7P23",0
"OTP",0
"TBCA",0
"ACTBP2",0
"AP3B1",0
"CTD-2179L22.1",0
"CTD-2037K23.2",0
"SCAMP1",0
"LHFPL2",0
"HMGB1P21",0
"DMGDH",0
"BHMT2",0
"BHMT",0
"JMY",0
"CTC-451P13.1",0
"HOMER1",0
"PAPD4",0
"CMYA5",0
"MTX3",0
"THBS4",0
"RP11-168A11.4",0
"CTD-2201I18.1",0
"SERINC5",0
"CTC-458I2.2",0
"CTC-512J14.5",0
"HNRNPA1P12",0
"ZFYVE16",0
"CTD-2015H6.3",0
"FAM151B",0
"CTD-2015H6.2",0
"RPL7P24",0
"ANKRD34B",0
"CTC-325J23.3",0
"DHFR",0
"CTC-325J23.2",0
"MTRNR2L2",0
"MSH3",0
"CTC-459I6.1",0
"RASGRF2",0
"CTD-2193P3.2",0
"CKMT2-AS1",0
"CKMT2",0
"CTD-2248H3.1",0
"ZCCHC9",0
"ACOT12",0
"SSBP2",0
"ATG10",0
"PPIAP11",0
"RPS23",0
"ATP6AP1L",0
"CTD-2218K11.3",0
"RP11-78C3.1",0
"CTD-2227C6.2",0
"RP11-343L5.2",0
"TMEM167A",0
"XRCC4",0
"VCAN",0
"VCAN-AS1",0
"HAPLN1",0
"CTC-484M2.1",0
"EDIL3",0
"CTD-2269F5.1",0
"RBBP4P6",0
"RP11-1072N2.3",0
"CTD-2331D11.2",0
"CTD-2331D11.3",0
"CTD-2331D11.4",0
"RPL5P17",0
"AC026700.1",0
"CTC-534B23.1",0
"CTC-480C2.1",0
"COX7C",0
"CTD-2161E19.1",0
"RASA1",0
"CTC-428H11.2",0
"CCNH",0
"CTD-2316B1.2",0
"TMEM161B",0
"AC010243.1",0
"RNA5SP187",0
"CTC-498M16.2",0
"CTC-498M16.4",0
"LINC00461",0
"MEF2C",0
"MEF2C-AS1",0
"RP11-61G23.1",0
"CTD-2373J6.1",0
"CETN3",0
"AC093510.1",0
"POLR3G",0
"LYSMD3",0
"GPR98",0
"RP11-213H15.1",0
"LUCAT1",0
"ARRDC3",0
"RAB5CP2",0
"RP11-348J24.2",0
"CTC-529L17.1",0
"CTC-529L17.2",0
"CCT7P2",0
"CTC-458G6.2",0
"CTD-2091N23.1",0
"NR2F1-AS1",0
"NR2F1",0
"FAM172A",0
"NPM1P27",0
"POU5F2",0
"RP11-549J18.1",0
"KIAA0825",0
"CTC-303L1.1",0
"CTC-303L1.2",0
"ANKRD32",0
"MCTP1",0
"FAM81B",0
"CTD-2538A21.1",0
"TTC37",0
"RNU6-308P",0
"ARSK",0
"GPR150",0
"RFESD",0
"SPATA9",0
"CTD-2154I11.2",0
"RHOBTB3",0
"GLRX",0
"HSPD1P11",0
"AC008592.3",0
"C5orf27",0
"ELL2",0
"CTD-2337A12.1",0
"PCSK1",0
"CAST",0
"CTC-506B8.1",0
"ERAP1",0
"CTD-2260A17.1",0
"CTD-2260A17.3",0
"CTD-2260A17.2",0
"ERAP2",0
"LNPEP",0
"CTD-2215E18.1",0
"LIX1",0
"RIOK2",0
"RNU1-73P",0
"CTD-2215E18.3",0
"YTHDF1P1",0
"RP11-1E3.1",0
"AC008834.1",0
"RP11-274E7.2",0
"CTBP2P4",0
"RGMB",0
"RGMB-AS1",0
"CHD1",0
"RNU6-402P",0
"CTD-2007H13.1",0
"RP11-475J5.6",0
"RP11-346J10.1",0
"CTD-2001C12.1",0
"FAM174A",0
"ST8SIA4",0
"SLCO4C1",0
"SLCO6A1",0
"CTD-2340E1.2",0
"LINC00491",0
"EIF3KP1",0
"GIN1",0
"PPIP5K2",0
"C5orf30",0
"CTD-2193G5.1",0
"NUDT12",0
"RP11-138J23.1",0
"CTC-278L1.1",0
"CTC-254B4.1",0
"EFNA5",0
"RP11-252I13.2",0
"FBXL17",0
"RP11-120B7.1",0
"LINC01023",0
"FER",0
"CTC-329H14.1",0
"GJA1P1",0
"CTD-2587M2.1",0
"PJA2",0
"CTC-332L22.1",0
"MAN2A1",0
"RN7SKP230",0
"CTC-287O8.1",0
"PGAM5P1",0
"TMEM232",0
"MIR548F3",0
"SLC25A46",0
"CTD-2089O24.1",0
"TSLP",0
"WDR36",0
"AC010468.1",0
"CAMK4",0
"CTC-499J9.1",0
"STARD4-AS1",0
"HMGN1P13",0
"CTD-2367A17.1",0
"NREP",0
"RN7SKP57",0
"NREP-AS1",0
"EPB41L4A",0
"EPB41L4A-AS1",0
"SNORA13",0
"CTC-459M5.1",0
"CTC-459M5.2",0
"RP11-526F3.1",0
"EPB41L4A-AS2",0
"RP11-159K7.2",0
"APC",0
"CBX3P3",0
"CTC-487M23.8",0
"SRP19",0
"REEP5",0
"XBP1P1",0
"CTC-487M23.5",0
"CTC-487M23.7",0
"MCC",0
"CTD-2201G3.1",0
"YTHDC2",0
"RP11-371M22.1",0
"KCNN2",0
"RP11-492A10.1",0
"TRIM36",0
"TRIM36-IT1",0
"CTC-428G20.2",0
"CTC-428G20.3",0
"PGGT1B",0
"CTC-428G20.6",0
"CTC-428G20.1",0
"CCDC112",0
"HMGN1P15",0
"CCT5P1",0
"FEM1C",0
"TICAM2",0
"TMED7-TICAM2",0
"AC010226.4",0
"TMED7",0
"CDO1",0
"ATG12",0
"AP3S1",0
"AQPEP",0
"CTC-555I19.1",0
"AC034236.2",0
"ARL14EPL",0
"CTD-2287O16.1",0
"CTD-2287O16.4",0
"CTD-2287O16.5",0
"COMMD10",0
"CTC-339F2.2",0
"SEMA6A",0
"CTB-118N6.3",0
"CTB-118N6.1",0
"CTB-118N6.2",0
"LINC00992",0
"CTD-3179P9.1",0
"CTD-2281M20.1",0
"DTWD2",0
"PTMAP2",0
"CTB-161M19.4",0
"CTB-161M19.1",0
"CTB-161M19.2",0
"DMXL1",0
"RP11-950K24.2",0
"LAMTOR3P2",0
"RNU6-701P",0
"TNFAIP8",0
"HSD17B4",0
"CTD-2158P22.1",0
"FABP5P6",0
"FAM170A",0
"PRR16",0
"RNU4-69P",0
"CTD-2334D19.1",0
"CTC-546K23.1",0
"RP11-510I6.3",0
"SRFBP1",0
"LOX",0
"CTC-441N14.2",0
"ZNF474",0
"CTC-441N14.1",0
"CTC-441N14.4",0
"SNCAIP",0
"CTD-2544H17.1",0
"CTD-2280E9.1",0
"CTC-210G5.1",0
"SNX2",0
"CTB-36H16.2",0
"SNX24",0
"RN7SL689P",0
"PPIC",0
"RP11-359P5.1",0
"AC106786.1",0
"PRDM6",0
"CEP120",0
"KRT8P33",0
"HMGB3P17",0
"CSNK1G3",0
"LINC01170",0
"ZNF608",0
"RP11-43D2.2",0
"RP11-436H11.2",0
"RP11-436H11.3",0
"RP11-436H11.4",0
"RP11-436H11.6",0
"RP11-756H20.1",0
"GRAMD3",0
"RP11-517I3.1",0
"ALDH7A1",0
"PHAX",0
"RP11-395C3.1",0
"C5orf48",0
"RP11-772E11.1",0
"RP11-434D11.4",0
"LMNB1",0
"MARCH3",0
"C5orf63",0
"MEGF10",0
"CTD-2195M15.1",0
"CTD-2195M15.3",0
"HNRNPKP1",0
"PRRC1",0
"CTXN3",0
"CTC-548H10.2",0
"CTC-228N24.1",0
"CTC-228N24.3",0
"SLC12A2",0
"KDELC1P1",0
"FBN2",0
"SLC27A6",0
"CTC-573M9.1",0
"ISOC1",0
"ADAMTS19-AS1",0
"ADAMTS19",0
"CTC-575N7.1",0
"KIAA1024L",0
"CHSY3",0
"HSPA8P4",0
"LYRM7",0
"CDC42SE2",0
"RAPGEF6",0
"FNIP1",0
"ACSL6",0
"AC034228.4",0
"AC034228.3",0
"AC034228.2",0
"AC063976.1",0
"AC063976.3",0
"P4HA2-AS1",0
"P4HA2",0
"AC063976.7",0
"PDLIM4",0
"SLC22A4",0
"AC034220.3",0
"MIR3936",0
"SLC22A5",0
"C5orf56",0
"AC116366.6",0
"IRF1",0
"IL5",0
"RAD50",0
"AC004041.2",0
"IL13",0
"IL4",0
"AC004237.1",0
"KIF3A",0
"CCNI2",0
"SEPT8",0
"SOWAHA",0
"SHROOM1",0
"GDF9",0
"LEAP2",0
"AFF4",0
"AC010240.2",0
"ATP6V0E1P1",0
"CTC-350I8.1",0
"ZCCHC10",0
"RP11-485M7.1",0
"CTB-49A3.2",0
"FSTL4",0
"CTB-49A3.5",0
"CTB-49A3.4",0
"CTB-3M24.3",0
"C5orf15",0
"VDAC1",0
"CTB-113I20.2",0
"CTB-113I20.1",0
"TCF7",0
"SKP1",0
"PPP2CA",0
"CDKL3",0
"CTD-2410N18.3",0
"UBE2B",0
"RP11-215P8.3",0
"CDKN2AIPNL",0
"RP11-215P8.1",0
"RP11-215P8.4",0
"AC005355.1",0
"AC005355.2",0
"JADE2",0
"SAR1B",0
"SEC24A",0
"RNU6-757P",0
"CAMLG",0
"DDX46",0
"C5orf24",0
"TXNDC15",0
"PCBD2",0
"CTB-36O1.7",0
"MTND6P4",0
"MTND5P11",0
"MTND4P12",0
"MIR4461",0
"CTB-36O1.3",0
"CATSPER3",0
"PITX1",0
"C5orf66",0
"H2AFY",0
"CTC-203F4.2",0
"NEUROG1",0
"CTC-321K16.1",0
"CXCL14",0
"RP11-119J18.1",0
"SLC25A48",0
"LECT2",0
"FBXL21",0
"TGFBI",0
"SMAD5-AS1",0
"SMAD5",0
"AC009014.3",0
"TRPC7-AS1",0
"HNRNPA1P13",0
"RP11-114H21.2",0
"CTB-1I21.1",0
"SPOCK1",0
"KLHL3",0
"HNRNPA0",0
"NPY6R",0
"RP11-381K20.2",0
"MYOT",0
"PKD2L2",0
"FAM13B",0
"RP11-325L7.1",0
"RP11-325L7.2",0
"WNT8A",0
"NME5",0
"RNU6-460P",0
"BRD8",0
"KIF20A",0
"CDC23",0
"GFRA3",0
"CDC25C",0
"FAM53C",0
"KDM3B",0
"REEP2",0
"EGR1",0
"RPL7P19",0
"ETF1",0
"AC011385.1",0
"AC011385.2",0
"HSPA9",0
"CTNNA1",0
"AC034243.1",0
"LRRTM2",0
"SIL1",0
"CTB-46B19.2",0
"CTB-46B19.1",0
"MATR3",0
"SNORA74A",0
"RNA5SP195",0
"RN7SKP64",0
"PAIP2",0
"SLC23A1",0
"MZB1",0
"PROB1",0
"SPATA24",0
"DNAJC18",0
"ECSCR",0
"TMEM173",0
"UBE2D2",0
"CTD-3224K15.3",0
"CXXC5",0
"CTD-3224K15.2",0
"CTB-35F21.1",0
"CTB-35F21.2",0
"CTB-35F21.3",0
"PSD2",0
"NRG2",0
"CTB-35F21.4",0
"LINC01024",0
"PURA",0
"IGIP",0
"CTB-131B5.5",0
"CYSTM1",0
"CTB-131B5.2",0
"PFDN1",0
"HBEGF",0
"CTC-329D1.3",0
"SLC4A9",0
"CTC-329D1.2",0
"ANKHD1",0
"SNORD45",0
"SRA1",0
"EIF4EBP3",0
"APBB3",0
"SLC35A4",0
"HAUS1P1",0
"CD14",0
"NDUFA2",0
"TMCO6",0
"IK",0
"WDR55",0
"HARS",0
"HARS2",0
"ZMAT2",0
"VTRNA1-1",0
"VTRNA1-3",0
"PCDHA1",0
"PCDHA2",0
"PCDHA5",0
"PCDHA6",0
"PCDHA7",0
"PCDHA8",0
"PCDHA9",0
"PCDHA10",0
"AC005609.1",0
"PCDHA11",0
"PCDHA12",0
"PCDHA13",0
"PCDHAC1",0
"PCDHB1",0
"PCDHB2",0
"AC005754.7",0
"PCDHB3",0
"AC005754.8",0
"PCDHB4",0
"PCDHB6",0
"PCDHB17",0
"PCDHB7",0
"PCDHB8",0
"PCDHB16",0
"PCDHB9",0
"PCDHB10",0
"PCDHB12",0
"PCDHB13",0
"PCDHB14",0
"PCDHB18",0
"PCDHB19P",0
"SLC25A2",0
"TAF7",0
"AC005618.6",0
"PCDHGA1",0
"PCDHGA3",0
"PCDHGB1",0
"PCDHGA4",0
"PCDHGB2",0
"PCDHGA5",0
"PCDHGB3",0
"PCDHGA6",0
"PCDHGA7",0
"PCDHGA9",0
"PCDHGB6",0
"PCDHGA10",0
"PCDHGB7",0
"PCDHGB8P",0
"PCDHGA12",0
"PCDHGC3",0
"RN7SL68P",0
"PCDHGC4",0
"PCDHGC5",0
"CTD-2024I7.13",0
"AC008781.7",0
"HDAC3",0
"RELL2",0
"FCHSD1",0
"ARAP3",0
"PCDH1",0
"AC005740.3",0
"KIAA0141",0
"PCDH12",0
"AC005740.6",0
"RNF14",0
"AC005740.5",0
"GNPDA1",0
"AC005740.4",0
"NDFIP1",0
"SPRY4",0
"AC005592.2",0
"FGF1",0
"AC005592.3",0
"AC005592.1",0
"ARHGAP26",0
"ARHGAP26-IT1",0
"NR3C1",0
"RPL7P21",0
"YIPF5",0
"KCTD16",0
"CTC-218H9.1",0
"ASS1P10",0
"CTC-806A22.1",0
"PRELID2",0
"CTB-78O21.1",0
"SH3RF2",0
"PLAC8L1",0
"RP11-118M9.3",0
"LARS",0
"RP11-449H3.1",0
"RP11-449H3.2",0
"POU4F3",0
"TCERG1",0
"GPR151",0
"CTB-99A3.1",0
"RNA5SP196",0
"PPP2R2B",0
"KRT8P48",0
"PPP2R2B-IT1",0
"CTC-255N20.1",0
"STK32A",0
"DPYSL3",0
"CTB-108O6.2",0
"JAKMIP2",0
"SPINK1",0
"CTC-327F10.1",0
"SCGB3A2",0
"C5orf46",0
"CTC-327F10.5",0
"CTC-327F10.4",0
"SPINK6",0
"HMGN1P16",0
"CTC-295J13.3",0
"SPINK13",0
"RP11-373N22.3",0
"PGBD4P3",0
"SPINK7",0
"AC091948.1",0
"SPINK9",0
"FBXO38",0
"CTD-2283N19.1",0
"HTR4",0
"ADRB2",0
"SH3TC2",0
"AC012613.2",0
"AFAP1L1",0
"GRPEL2",0
"GRPEL2-AS1",0
"PCYOX1L",0
"IL17B",0
"RP11-394O4.3",0
"MIR143HG",0
"AC131025.8",0
"MIR143",0
"MIR145",0
"CSNK1A1",0
"CTB-89H12.4",0
"RPL29P14",0
"ARHGEF37",0
"PPARGC1B",0
"PDE6A",0
"AC008427.2",0
"SLC26A2",0
"TIGD6",0
"HMGXB3",0
"AC011406.2",0
"RPS20P4",0
"CSF1R",0
"RPL7P1",0
"PDGFRB",0
"CDX1",0
"SLC6A7",0
"CAMK2A",0
"ARSI",0
"TCOF1",0
"CD74",0
"RPS14",0
"CTC-367J11.1",0
"NDST1",0
"SYNPO",0
"MYOZ3",0
"RBM22",0
"DCTN4",0
"SMIM3",0
"IRGM",0
"ZNF300P1",0
"GPX3",0
"TNIP1",0
"ANXA6",0
"CCDC69",0
"GM2A",0
"SLC36A3",0
"SLC36A2",0
"SLC36A1",0
"FAT2",0
"CTC-251D13.1",0
"CTB-113P19.4",0
"SPARC",0
"CTB-113P19.1",0
"CTB-113P19.5",0
"ATOX1",0
"CTB-113P19.3",0
"RP11-54C4.1",0
"G3BP1",0
"GLRA1",0
"RP11-54C4.2",0
"NMUR2",0
"AC091969.1",0
"FAM114A2",0
"MFAP3",0
"GALNT10",0
"SAP30L-AS1",0
"SAP30L",0
"HAND1",0
"MIR1303",0
"LARP1",0
"FAXDC2",0
"MIR378H",0
"CNOT8",0
"GEMIN5",0
"MRPL22",0
"KIF4B",0
"SGCD",0
"PPP1R2P3",0
"HAVCR1",0
"HAVCR2",0
"CTB-120L21.1",0
"MED7",0
"ITK",0
"CTC-248O19.1",0
"CYFIP2",0
"FNDC9",0
"CTB-109A12.1",0
"CTB-47B11.3",0
"ADAM19",0
"NIPAL4",0
"AC106801.1",0
"SOX30",0
"C5orf52",0
"THG1L",0
"LSM11",0
"CTC-370J7.1",0
"CLINT1",0
"EBF1",0
"CTD-2363C16.1",0
"CTD-2363C16.2",0
"RP11-175K6.1",0
"RNF145",0
"SNORA68",0
"UBLCP1",0
"AC008697.1",0
"IL12B",0
"ADRA1B",0
"GAPDHP40",0
"TTC1",0
"AC068657.2",0
"PWWP2A",0
"FABP6",0
"RP11-34P1.2",0
"C1QTNF2",0
"C5orf54",0
"SLU7",0
"PTTG1",0
"MIR146A",0
"ATP10B",0
"GABRB2",0
"GABRA6",0
"GABRA1",0
"GABRG2",0
"RP11-167P20.1",0
"RP11-541P9.3",0
"CCNG1",0
"NUDCD2",0
"HMMR",0
"RP11-80G7.1",0
"MAT2B",0
"CTC-340A15.2",0
"CTB-181F24.1",0
"CTC-535M15.2",0
"RPL7P20",0
"CTB-63M22.1",0
"TENM2",0
"CTB-180C19.1",0
"CTC-286N12.1",0
"CTB-78F1.1",0
"CTB-78F1.2",0
"CTC-353G13.1",0
"CTB-178M22.1",0
"CTB-178M22.2",0
"WWC1",0
"RARS",0
"FBLL1",0
"PANK3",0
"CTC-558O2.2",0
"SLIT3",0
"CTC-558O2.1",0
"MIR218-2",0
"CTB-174D11.1",0
"SPDL1",0
"DOCK2",0
"FAM196B",0
"C5orf58",0
"LCP2",0
"CTB-114C7.3",0
"KCNIP1",0
"KCNMB1",0
"CTC-265N9.1",0
"MIR4454",0
"GABRP",0
"RANBP17",0
"CTC-455F18.3",0
"RP11-546B8.3",0
"TLX3",0
"NPM1",0
"FGF18",0
"FBXW11",0
"STK10",0
"EFCAB9",0
"UBTD2",0
"KLF3P1",0
"SH3PXD2B",0
"NEURL1B",0
"CTB-79E8.3",0
"RP11-779O18.1",0
"RP11-779O18.2",0
"RP11-779O18.3",0
"DUSP1",0
"ERGIC1",0
"CTC-308K20.1",0
"RPL26L1",0
"CTC-308K20.3",0
"ATP6V0E1",0
"SNORA74B",0
"CREBRF",0
"BNIP1",0
"NKX2-5",0
"STC2",0
"CTB-33O18.1",0
"CTB-33O18.2",0
"CTB-33O18.3",0
"BOD1",0
"CTB-43E15.2",0
"CTB-43E15.3",0
"CPEB4",0
"C5orf47",0
"NSG2",0
"RP11-619L12.4",0
"RP11-267A15.1",0
"GAPDHP71",0
"SUMO2P6",0
"MSX2",0
"CTD-2532K18.2",0
"DRD1",0
"SFXN1",0
"CTC-571O20.1",0
"HRH2",0
"RNU6-226P",0
"CPLX2",0
"RP11-91H12.4",0
"AC138965.1",0
"RP11-826N14.2",0
"FAM153B",0
"RP11-844P9.2",0
"SIMC1",0
"RP11-844P9.3",0
"KIAA1191",0
"RP11-843P14.1",0
"ARL10",0
"MIR1271",0
"NOP16",0
"HIGD2A",0
"CLTB",0
"FAF2",0
"CDHR2",0
"RN7SL684P",0
"GPRIN1",0
"SNCB",0
"EIF4E1B",0
"TSPAN17",0
"RP11-375B1.3",0
"UNC5A",0
"HK3",0
"UIMC1",0
"ZNF346",0
"ZNF346-IT1",0
"FGFR4",0
"NSD1",0
"CTD-2301A4.5",0
"RAB24",0
"MXD3",0
"PRELID1",0
"LMAN2",0
"RGS14",0
"PFN3",0
"F12",0
"GRK6",0
"PRR7-AS1",0
"PRR7",0
"DBN1",0
"PDLIM7",0
"RP11-1334A24.6",0
"DDX41",0
"FAM193B",0
"RP11-1277A3.3",0
"TMED9",0
"B4GALT7",0
"RP11-1277A3.1",0
"RP11-1277A3.2",0
"RP11-1101H11.1",0
"FAM153A",0
"RP11-1026M7.2",0
"RP11-423H2.1",0
"RP11-1252I4.2",0
"RP11-423H2.3",0
"SUDS3P1",0
"FAM153C",0
"RP11-889L3.1",0
"N4BP3",0
"RMND5B",0
"NHP2",0
"RP11-889L3.4",0
"GMCL1P1",0
"HNRNPAB",0
"PHYKPL",0
"COL23A1",0
"RP11-1259L22.1",0
"CTB-26E19.1",0
"CLK4",0
"RN7SKP70",0
"ZNF354A",0
"AACSP1",0
"ZNF354B",0
"ZFP2",0
"RP11-281O15.2",0
"PIGFP1",0
"RP11-281O15.8",0
"RP11-281O15.5",0
"ZNF879",0
"ZNF354C",0
"ADAMTS2",0
"RP11-798K23.5",0
"PRDX2P3",0
"RP11-1379J22.2",0
"HNRNPH1",0
"C5orf60",0
"AC136604.1",0
"RP11-1379J22.5",0
"CBY3",0
"CANX",0
"HMGB3P22",0
"MAML1",0
"LTC4S",0
"MGAT4B",0
"SQSTM1",0
"C5orf45",0
"RN7SKP150",0
"CTC-241N9.1",0
"TBC1D9B",0
"RNF130",0
"RPS15AP18",0
"CTC-563A5.4",0
"CTC-563A5.2",0
"RP11-39H3.1",0
"RASGEF1C",0
"RP11-252I14.1",0
"MAPK9",0
"RP11-252I14.2",0
"CTB-129O4.1",0
"GFPT2",0
"CNOT6",0
"SCGB3A1",0
"FLT4",0
"CTC-205M6.5",0
"MGAT1",0
"LINC00847",0
"ZFP62",0
"BTNL8",0
"CTC-338M12.5",0
"TRIM7",0
"CTC-338M12.6",0
"CTC-338M12.1",0
"TRIM41",0
"GNB2L1",0
"CTC-338M12.4",0
"TRIM52",0
"TRIM52-AS1",0
"CTC-338M12.9",0
"RNU6-705P",0
"AC138035.2",0
"AC138035.1",0
"AC138031.1",0
"LINC00266-3",0
"CICP18",0
"RP3-416J7.1",0
"RP3-416J7.4",0
"DUSP22",0
"IRF4",0
"EXOC2",0
"RP1-20B11.2",0
"HUS1B",0
"RP11-532F6.2",0
"RP11-532F6.3",0
"RP11-532F6.4",0
"RP11-532F6.5",0
"RP11-284J1.1",0
"FOXQ1",0
"FOXF2",0
"RP11-157J24.1",0
"FOXC1",0
"GMDS-AS1",0
"HMGN2P28",0
"RP1-136B1.1",0
"C6orf195",0
"RP11-145H9.3",0
"MYLK4",0
"WRNIP1",0
"SERPINB1",0
"RP11-420G6.4",0
"SERPINB9",0
"SERPINB6",0
"NQO2",0
"RP1-90J20.8",0
"RP1-90J20.12",0
"HTATSF1P2",0
"RP1-90J20.11",0
"RP1-40E16.2",0
"RIPK1",0
"RP1-40E16.12",0
"RNA5SP201",0
"BPHL",0
"TUBB2A",0
"TUBB2BP1",0
"RP1-40E16.9",0
"TUBB2B",0
"RP11-506K6.4",0
"RP1-223B1.1",0
"PXDC1",0
"RP11-420L9.5",0
"RP11-420L9.2",0
"FAM50B",0
"RP1-140K8.5",0
"RP3-406P24.1",0
"C6ORF50",0
"RP3-406P24.4",0
"RP3-406P24.3",0
"PRPF4B",0
"FAM217A",0
"C6orf201",0
"ECI2",0
"RP3-400B16.1",0
"RP3-400B16.2",0
"CDYL",0
"RPP40",0
"RP11-428J1.5",0
"RP11-428J1.4",0
"RMRPP2",0
"RP11-530A18.1",0
"PPP1R3G",0
"LYRM4",0
"FARS2",0
"RP1-182O16.2",0
"RP3-380B8.4",0
"RN7SL221P",0
"PKMP5",0
"NRN1",0
"F13A1",0
"RP1-80N2.3",0
"RP1-80N2.2",0
"RP11-405O10.2",0
"SSR1",0
"RP11-69L16.4",0
"CAGE1",0
"RP11-69L16.5",0
"RP11-69L16.6",0
"RIOK1",0
"HNRNPLP1",0
"RP3-512B11.3",0
"DSP",0
"SNRNP48",0
"RP3-336K20__B.2",0
"BMP6",0
"TXNDC5",0
"PIP5K1P1",0
"BLOC1S5",0
"EEF1E1",0
"SLC35B3",0
"HULC",0
"RP11-314C16.1",0
"OFCC1",0
"TFAP2A",0
"LINC00518",0
"GCNT2",0
"RP11-360O19.5",0
"C6orf52",0
"PAK1IP1",0
"RP11-421M1.8",0
"TMEM14B",0
"SYCP2L",0
"RNA5SP203",0
"MAK",0
"GCM2",0
"RP11-637O19.2",0
"ELOVL2",0
"ELOVL2-AS1",0
"SMIM13",0
"ERVFRD-1",0
"RP3-510L9.1",0
"NEDD9",0
"TMEM170B",0
"ADTRP",0
"RP11-456H18.2",0
"HIVEP1",0
"EDN1",0
"RPL15P3",0
"PHACTR1",0
"RP1-257A7.4",0
"TBC1D7",0
"RP1-257A7.5",0
"GFOD1-AS1",0
"RPS4XP7",0
"SIRT5",0
"RP1-223E5.4",0
"NOL7",0
"RANBP9",0
"MCUR1",0
"RP3-500L14.2",0
"RNF182",0
"CD83",0
"LINC01108",0
"RP3-448I9.2",0
"RP3-448I9.1",0
"RP11-330A16.1",0
"RP11-146I2.1",0
"RP11-560J1.2",0
"JARID2",0
"JARID2-AS1",0
"DTNBP1",0
"ARPC3P5",0
"RP11-401E14.2",0
"RP1-13D10.5",0
"MYLIP",0
"MIR4639",0
"RP1-13D10.2",0
"RP1-13D10.3",0
"GMPR",0
"ATXN1",0
"RP1-151F17.1",0
"RP1-151F17.2",0
"STMND1",0
"RBM24",0
"CAP2",0
"RPL7P26",0
"FAM8A1",0
"NUP153",0
"RNU6-190P",0
"KIF13A",0
"RP3-525L6.2",0
"TPMT",0
"KDM1B",0
"DEK",0
"RP11-528A10.2",0
"RNF144B",0
"RP1-167F1.2",0
"UQCRFS1P3",0
"RP3-471C18.2",0
"RP3-471C18.1",0
"RP4-625H18.2",0
"ID4",0
"RP1-130G2.1",0
"MBOAT1",0
"E2F3",0
"RN7SL128P",0
"AL136303.1",0
"E2F3-IT1",0
"RNU6-141P",0
"CDKAL1",0
"RP11-204E9.1",0
"SOX4",0
"CASC15",0
"RN7SKP240",0
"CASC14",0
"RP11-524C21.1",0
"RP11-524C21.2",0
"RP3-404K8.2",0
"PRL",0
"HDGFL1",0
"NRSN1",0
"DCDC2",0
"MRS2",0
"GPLD1",0
"ALDH5A1",0
"KIAA0319",0
"KRT8P43",0
"TDP2",0
"ACOT13",0
"RP1-30M3.5",0
"C6orf62",0
"RP1-30M3.6",0
"GMNN",0
"C6orf229",0
"FAM65B",0
"AL512428.1",0
"PPIAP29",0
"RP11-367G6.3",0
"CMAHP",0
"RP3-425P12.4",0
"LRRC16A",0
"SCGN",0
"SLC17A1",0
"SLC17A3",0
"TRIM38",0
"U91328.19",0
"U91328.22",0
"HIST1H1A",0
"HIST1H3A",0
"HIST1H4A",0
"HIST1H4B",0
"HIST1H3B",0
"HIST1H2AB",0
"HIST1H3C",0
"HIST1H1C",0
"HFE",0
"HIST1H4C",0
"HIST1H2BC",0
"HIST1H2AC",0
"HIST1H1E",0
"HIST1H2BD",0
"LARP1P1",0
"HIST1H2BE",0
"HIST1H4D",0
"HIST1H1PS1",0
"HIST1H3D",0
"HIST1H2BF",0
"RP1-34B20.4",0
"HIST1H4E",0
"HIST1H2BG",0
"HIST1H2AE",0
"HIST1H3E",0
"HIST1H1D",0
"HIST1H4F",0
"HIST1H3F",0
"HIST1H2BH",0
"HIST1H3G",0
"HIST1H2APS4",0
"HIST1H2BI",0
"HIST1H4H",0
"HIST1H3PS1",0
"BTN3A2",0
"BTN2A2",0
"BTN3A1",0
"BTN2A3P",0
"BTN3A3",0
"BTN2A1",0
"BTN1A1",0
"HCG11",0
"CTA-14H9.5",0
"HMGN4",0
"ABT1",0
"RP11-457M11.6",0
"VN1R14P",0
"RP11-457M11.2",0
"ZNF322",0
"RP11-457M11.5",0
"GUSBP2",0
"RP11-239L20.3",0
"LINC00240",0
"RP11-239L20.6",0
"TRNAI2",0
"VN1R12P",0
"RP1-86C11.7",0
"HIST1H2BJ",0
"HIST1H2AG",0
"HIST1H2BK",0
"HIST1H2AH",0
"PRSS16",0
"POM121L2",0
"VN1R10P",0
"ZNF204P",0
"RP1-153G14.4",0
"MCFD2P1",0
"ZNF184",0
"RSL24D1P1",0
"HIST1H4PS1",0
"HIST1H2BL",0
"HIST1H2AI",0
"HIST1H3H",0
"HIST1H2AJ",0
"HIST1H2BM",0
"HIST1H4J",0
"HIST1H4K",0
"HIST1H2AK",0
"HIST1H2BN",0
"HIST1H2AL",0
"HIST1H1B",0
"HIST1H3I",0
"HIST1H4L",0
"HIST1H3J",0
"HIST1H2AM",0
"HIST1H2BO",0
"OR2W6P",0
"OR2B6",0
"IQCB2P",0
"OR2B7P",0
"OR2B8P",0
"OR1F12",0
"RP1-313I6.12",0
"ZNF165",0
"ZSCAN12P1",0
"RP1-265C24.5",0
"ZSCAN16-AS1",0
"ZSCAN16",0
"RP1-265C24.8",0
"AL022393.7",0
"ZNF192P2",0
"TOB2P1",0
"ZSCAN9",0
"ZKSCAN4",0
"NKAPL",0
"RP5-874C20.3",0
"PGBD1",0
"ZSCAN31",0
"ZKSCAN3",0
"ZSCAN12",0
"ZSCAN23",0
"COX11P1",0
"GPX6",0
"GPX5",0
"SCAND3",0
"RP5-1186N24.3",0
"RP11-373N24.2",0
"LINC00533",0
"RPSAP2",0
"AL662890.1",0
"NOL5BP",0
"XXbac-BPG308K3.5",0
"XXbac-BPG308K3.6",0
"HCG14",0
"TRIM27",0
"RNU6-930P",0
"C6orf100",0
"HCG15",0
"HCG16",0
"ZNF311",0
"SAR1P1",0
"OR2B4P",0
"OR2H1",0
"OR2I1P",0
"UBD",0
"GABBR1",0
"OR2H5P",0
"TMEM183AP1",0
"SNORD32B",0
"RPL13AP",0
"OR2H2",0
"SUMO2P1",0
"MOG",0
"ZFP57",0
"ZDHHC20P1",0
"HLA-F",0
"MICE",0
"HCG9P5",0
"IFITM4P",0
"XXbac-BPG170G13.32",0
"HLA-V",0
"HCG4",0
"HLA-G",0
"MICF",0
"HCG4P7",0
"HLA-H",0
"HLA-T",0
"DDX39BP1",0
"MCCD1P1",0
"HCG4B",0
"HLA-K",0
"HLA-U",0
"HLA-W",0
"MICD",0
"HCG9",0
"DDX39BP2",0
"MCCD1P2",0
"ZNRD1-AS1",0
"HCG4P3",0
"HLA-J",0
"ETF1P1",0
"ZNRD1",0
"PPP1R11",0
"RNF39",0
"AL669914.1",0
"TRIM31",0
"TRIM10",0
"TRIM15",0
"TRIM26",0
"PAIP1P1",0
"HCG17",0
"TRIM26BP",0
"HLA-L",0
"HCG18",0
"TRIM39",0
"RPP21",0
"TMPOP1",0
"SUCLA2P1",0
"RANP1",0
"XXbac-BPG249D20.9",0
"GNL1",0
"PRR3",0
"ABCF1",0
"PPP1R10",0
"AL662800.1",0
"MRPS18B",0
"ATAT1",0
"PTMAP1",0
"C6orf136",0
"DHX16",0
"PPP1R18",0
"NRM",0
"RPL7P4",0
"TUBB",0
"XXbac-BPG252P9.9",0
"XXbac-BPG252P9.10",0
"IER3",0
"HCG20",0
"LINC00243",0
"XXbac-BPG27H4.8",0
"DDR1-AS1",0
"DDR1",0
"GTF2H4",0
"VARS2",0
"DPCR1",0
"MUC21",0
"HCG22",0
"C6orf15",0
"PSORS1C1",0
"PSORS1C2",0
"CCHCR1",0
"TCF19",0
"POU5F1",0
"PSORS1C3",0
"XXbac-BPG299F13.17",0
"HCG27",0
"XXbac-BPG299F13.14",0
"HLA-C",0
"USP8P1",0
"RPL3P2",0
"XXbac-BPG248L24.13",0
"XXbac-BPG248L24.10",0
"HLA-B",0
"XXbac-BPG248L24.12",0
"XXbac-BPG181B23.7",0
"HCP5",0
"MICA",0
"MICB",0
"MCCD1",0
"SNORD117",0
"DDX39B-AS1",0
"ATP6V1G2",0
"NFKBIL1",0
"LTA",0
"TNF",0
"LTB",0
"LST1",0
"NCR3",0
"UQCRHP1",0
"AIF1",0
"PRRC2A",0
"SNORA38",0
"BAG6",0
"APOM",0
"C6orf47",0
"GPANK1",0
"CSNK2B",0
"LY6G5B",0
"LY6G5C",0
"ABHD16A",0
"MEGT1",0
"LY6G6D",0
"C6orf25",0
"LY6G6C",0
"DDAH2",0
"CLIC1",0
"MSH5",0
"RNU6-850P",0
"SAPCD1",0
"SAPCD1-AS1",0
"VWA7",0
"VARS",0
"LSM2",0
"HSPA1L",0
"HSPA1A",0
"HSPA1B",0
"C6orf48",0
"NEU1",0
"SLC44A4",0
"EHMT2",0
"C2",0
"ZBTB12",0
"CFB",0
"NELFE",0
"SKIV2L",0
"DXO",0
"STK19",0
"C4A",0
"CYP21A1P",0
"TNXA",0
"STK19P",0
"C4B",0
"CYP21A2",0
"TNXB",0
"ATF6B",0
"FKBPL",0
"PRRT1",0
"PPT2",0
"PPT2-EGFL8",0
"EGFL8",0
"AGPAT1",0
"RNF5",0
"AGER",0
"PBX2",0
"GPSM3",0
"NOTCH4",0
"XXbac-BPG154L12.4",0
"C6orf10",0
"HNRNPA1P2",0
"HCG23",0
"BTNL2",0
"HLA-DRA",0
"HLA-DRB1",0
"HLA-DQA1",0
"HLA-DQB1",0
"HLA-DQB1-AS1",0
"HLA-DQA2",0
"HLA-DOB",0
"TAP2",0
"PSMB8",0
"TAPSAR1",0
"PSMB9",0
"TAP1",0
"HLA-Z",0
"HLA-DMB",0
"HLA-DMA",0
"BRD2",0
"HLA-DOA",0
"HLA-DPA1",0
"HLA-DPB1",0
"RPL32P1",0
"HLA-DPA2",0
"HLA-DPB2",0
"HLA-DPA3",0
"HCG24",0
"COL11A2",0
"RXRB",0
"RNY4P10",0
"SLC39A7",0
"HSD17B8",0
"MIR219-1",0
"RING1",0
"XXbac-BPG157A10.21",0
"HCG25",0
"VPS52",0
"RPS18",0
"B3GALT4",0
"PFDN6",0
"RGL2",0
"TAPBP",0
"ZBTB22",0
"DAXX",0
"LYPLA2P1",0
"KIFC1",0
"PHF1",0
"CUTA",0
"SYNGAP1",0
"ZBTB9",0
"BAK1",0
"GGNBP1",0
"LINC00336",0
"ITPR3",0
"UQCC2",0
"IP6K3",0
"LEMD2",0
"MLN",0
"GRM4",0
"CYCSP55",0
"HMGA1",0
"C6orf1",0
"RPL35P2",0
"NUDT3",0
"RPS10",0
"PACSIN1",0
"SPDEF",0
"RP3-391O22.3",0
"C6orf106",0
"RP11-140K17.3",0
"RP3-375P9.2",0
"SNRPC",0
"UHRF1BP1",0
"TAF11",0
"ANKS1A",0
"HSPE1P11",0
"TCP11",0
"SCUBE3",0
"RP3-329A5.8",0
"ZNF76",0
"DEF6",0
"PPARD",0
"MKRNP2",0
"FANCE",0
"RPL10A",0
"TEAD3",0
"TULP1",0
"RP3-340B19.3",0
"RP3-340B19.2",0
"FKBP5",0
"RP3-510O8.4",0
"ARMC12",0
"CLPSL2",0
"CLPSL1",0
"LHFPL5",0
"SRPK1",0
"SLC26A8",0
"DPRXP2",0
"MAPK14",0
"RP1-179N16.3",0
"MAPK13",0
"Z95152.1",0
"RP1-179N16.6",0
"BRPF3",0
"PNPLA1",0
"C6orf222",0
"ETV7",0
"PXT1",0
"KCTD20",0
"RN7SL502P",0
"STK38",0
"Z85986.1",0
"SRSF3",0
"RNU1-88P",0
"LAP3P2",0
"CDKN1A",0
"RAB44",0
"CPNE5",0
"PPIL1",0
"C6orf89",0
"PI16",0
"MTCH1",0
"FGD2",0
"COX6A1P2",0
"PIM1",0
"TMEM217",0
"TBC1D22B",0
"RNF8",0
"CMTR1",0
"CCDC167",0
"RP1-153P14.8",0
"RP1-153P14.3",0
"RP1-153P14.5",0
"MIR4462",0
"MDGA1",0
"RP3-441A12.1",0
"ZFAND3",0
"RN7SL285P",0
"BTBD9",0
"BTBD9-AS1",0
"GLO1",0
"DNAH8",0
"GLP1R",0
"SAYSD1",0
"ANKRD18EP",0
"KCNK5",0
"KCNK17",0
"KCNK16",0
"KIF6",0
"DAAM2",0
"RP11-61I13.3",0
"MOCS1",0
"RP1-278E11.3",0
"RP11-552E20.1",0
"TDRG1",0
"LINC00951",0
"RP11-552E20.4",0
"LRFN2",0
"RNU6-250P",0
"RP3-462C17.1",0
"UNC5CL",0
"OARD1",0
"TSPO2",0
"APOBEC2",0
"NFYA",0
"ADCY10P1",0
"TREML1",0
"TREM2",0
"TREML2",0
"TREML3P",0
"RP11-328M4.2",0
"RP11-328M4.3",0
"FOXP4",0
"MIR4641",0
"MDFI",0
"TFEB",0
"PGC",0
"FRS3",0
"PRICKLE4",0
"USP49",0
"MED20",0
"BYSL",0
"CCND3",0
"TAF8",0
"RP11-7K24.3",0
"C6orf132",0
"GUCA1A",0
"GUCA1B",0
"MRPS10",0
"TRERF1",0
"UBR2",0
"RNU6-890P",0
"PRPH2",0
"TBCC",0
"GLTSCR1L",0
"RPL7L1",0
"C6orf226",0
"CNPY3",0
"RP3-475N16.1",0
"RPL24P4",0
"GNMT",0
"PEX6",0
"PPP2R5D",0
"MEA1",0
"KLHDC3",0
"RRP36",0
"RP1-20C7.6",0
"RN7SL403P",0
"CUL7",0
"KLC4",0
"MRPL2",0
"RP11-387M24.5",0
"PTK7",0
"SRF",0
"CUL9",0
"DNPH1",0
"TTBK1",0
"SLC22A7",0
"CRIP3",0
"ZNF318",0
"RP11-480N24.3",0
"RP11-480N24.4",0
"RPS2P28",0
"ABCC10",0
"DLK2",0
"TJAP1",0
"LRRC73",0
"POLR1C",0
"YIPF3",0
"RP3-337H4.9",0
"XPO5",0
"RP3-337H4.6",0
"SCARNA15",0
"POLH",0
"RP3-337H4.8",0
"GTPBP2",0
"MAD2L1BP",0
"RSPH9",0
"MRPS18A",0
"VEGFA",0
"RP5-1120P11.1",0
"C6orf223",0
"RP5-1120P11.3",0
"RP5-1120P11.4",0
"MRPL14",0
"TMEM63B",0
"CAPN11",0
"RP1-302G2.5",0
"SLC29A1",0
"HSP90AB1",0
"SLC35B2",0
"NFKBIE",0
"TMEM151B",0
"RP11-444E17.6",0
"TCTE1",0
"AARS2",0
"CDC5L",0
"AL133262.1",0
"RP3-449H6.1",0
"SUPT3H",0
"NUDT19P4",0
"RUNX2",0
"RP1-244F24.1",0
"CLIC5",0
"RP1-8B1.4",0
"ENPP4",0
"ENPP5",0
"ACTG1P9",0
"RCAN2",0
"CYP39A1",0
"SLC25A27",0
"RP11-446F17.3",0
"PLA2G7",0
"ANKRD66",0
"MEP1A",0
"GPR116",0
"GPR110",0
"TNFRSF21",0
"RP11-385F7.1",0
"CD2AP",0
"GPR111",0
"GPR115",0
"RNU1-105P",0
"PTCHD4",0
"HNRNPA3P4",0
"MUT",0
"CENPQ",0
"C6orf141",0
"CRISP2",0
"RP3-417L20.4",0
"CRISP1",0
"DEFB133",0
"TFAP2B",0
"FTH1P5",0
"RP3-437C15.1",0
"PKHD1",0
"MIR133BHG",0
"PAQR8",0
"TRAM2",0
"TRAM2-AS1",0
"RP1-152L7.5",0
"TMEM14A",0
"RP1-152L7.3",0
"RP1-152L7.8",0
"GSTA2",0
"GSTA1",0
"GSTA4",0
"RN7SK",0
"ICK",0
"FBXO9",0
"GCM1",0
"HMGB1P20",0
"ELOVL5",0
"MIR5685",0
"RPS16P5",0
"GCLC",0
"RP1-27K12.4",0
"RP11-345L23.1",0
"KLHL31",0
"RP13-476E20.1",0
"LRRC1",0
"RP3-523E19.2",0
"MLIP",0
"RP11-411K7.1",0
"TINAG",0
"RP3-334F4.1",0
"FAM83B",0
"RP3-523K23.2",0
"HCRTR2",0
"GFRAL",0
"HMGCLL1",0
"BMP5",0
"RCC2P7",0
"DST",0
"RP11-472M19.2",0
"BEND6",0
"OSTCP6",0
"FTH1P15",0
"KIAA1586",0
"ZNF451",0
"RP11-203B9.4",0
"BAG2",0
"RAB23",0
"PRIM2",0
"RP1-71H19.2",0
"XXbac-BPGBPG55C20.1",0
"XXbac-BPGBPG55C20.3",0
"XXbac-BPGBPG55C20.2",0
"GUSBP4",0
"POM121L14P",0
"LINC00680",0
"XXbac-BPG55C20.7",0
"RBBP4P4",0
"MTRNR2L9",0
"RP1-240B8.3",0
"KHDRBS2",0
"FKBP1C",0
"LGSN",0
"RP3-407E4.4",0
"PTP4A1",0
"RP5-1148A21.3",0
"EYS",0
"RP11-59D5__B.2",0
"RP11-74E24.2",0
"ADH5P4",0
"NUFIP1P",0
"RP11-542F9.1",0
"RP3-525N10.2",0
"BAI3",0
"LMBRD1",0
"NPM1P37",0
"GAPDHP42",0
"COL19A1",0
"COL9A1",0
"FAM135A",0
"RNU7-48P",0
"RP11-134K13.4",0
"RP11-134K13.2",0
"SMAP1",0
"RP11-160A9.3",0
"RP11-160A9.2",0
"B3GAT2",0
"LYPLA1P3",0
"RP11-154D6.1",0
"OGFRL1",0
"LINC00472",0
"MIR30C2",0
"RIMS1",0
"KCNQ5",0
"KHDC1L",0
"KHDC1",0
"RPSAP41",0
"EIF3EP1",0
"SDCBP2P1",0
"PAICSP3",0
"DPPA5",0
"KHDC3L",0
"OOEP",0
"RPL39P3",0
"RPS6P8",0
"DDX43",0
"MB21D1",0
"MTO1",0
"RP11-505P4.6",0
"EEF1A1",0
"SLC17A5",0
"RP11-553A21.3",0
"CD109",0
"RP11-554D15.1",0
"COL12A1",0
"COX7A2",0
"TMEM30A",0
"RP1-234P15.4",0
"FILIP1",0
"HMGB1P39",0
"SENP6",0
"RP11-474L11.5",0
"RNU6-1016P",0
"RN7SKP163",0
"MYO6",0
"IMPG1",0
"RP11-35J1.1",0
"RP11-354K4.1",0
"RP11-354K4.2",0
"HTR1B",0
"MEI4",0
"RP11-173D14.3",0
"IRAK1BP1",0
"PHIP",0
"AL356776.1",0
"RP11-477E3.2",0
"HMGN3",0
"HMGN3-AS1",0
"RP1-232L24.3",0
"RP11-342L8.2",0
"RP11-177G23.2",0
"SH3BGRL2",0
"RP1-159G19.1",0
"ELOVL4",0
"GAPDHP63",0
"TTK",0
"RP11-296E7.1",0
"BCKDHB",0
"RP11-250B2.6",0
"RPL17P25",0
"RP11-250B2.3",0
"RP11-250B2.5",0
"RP11-250B2.2",0
"FAM46A",0
"RP11-379B8.1",0
"IBTK",0
"RNU6-130P",0
"TPBG",0
"UBE3D",0
"LAP3P1",0
"RP11-445L13__B.3",0
"DOPEY1",0
"AL139333.1",0
"PGM3",0
"RWDD2A",0
"ME1",0
"PRSS35",0
"SNAP91",0
"RIPPLY2",0
"CYB5R4",0
"RP4-676J13.2",0
"MRAP2",0
"KIAA1009",0
"TBX18",0
"RP11-30P6.6",0
"NT5E",0
"SNX14",0
"SYNCRIP",0
"RP1-3J17.3",0
"PKMP3",0
"SNHG5",0
"RP1-253B10.1",0
"RP11-76H14.2",0
"HTR1E",0
"RPL7P29",0
"CGA",0
"RP11-393I2.4",0
"ZNF292",0
"RP11-393I2.2",0
"GJB7",0
"HSPD1P10",0
"SMIM8",0
"RP1-102H19.8",0
"C6orf163",0
"C6orf164",0
"C6ORF165",0
"C6orf165",0
"RP3-382I10.3",0
"ST13P16",0
"SLC35A1",0
"RNU6-444P",0
"RARS2",0
"ORC3",0
"AKIRIN2",0
"CNR1",0
"RNGTT",0
"AL079342.1",0
"RP1-72A23.3",0
"RP1-72A23.1",0
"RP11-63L7.5",0
"PNRC1",0
"RN7SL336P",0
"SRSF12",0
"PM20D2",0
"GABRR1",0
"GABRR2",0
"UBE2J1",0
"RRAGD",0
"ANKRD6",0
"RP11-16C18.3",0
"MDN1",0
"RP1-122O8.7",0
"RP11-63K6.1",0
"CASP8AP2",0
"GJA10",0
"BACH2",0
"RP3-512E2.2",0
"RN7SKP110",0
"RP3-453I5.2",0
"RP1-45N11.1",0
"MAP3K7",0
"RP11-127B16.1",0
"EPHA7",0
"RP11-524K14.1",0
"MANEA-AS1",0
"MANEA",0
"FUT9",0
"UFL1-AS1",0
"UFL1",0
"FHL5",0
"RP3-417O22.3",0
"GPR63",0
"NDUFAF4",0
"KLHL32",0
"MMS22L",0
"RP3-418C23.2",0
"RP1-104O17.1",0
"RP1-104O17.3",0
"RP11-436D23.1",0
"EIF4EBP2P3",0
"POU3F2",0
"FBXL4",0
"BDH2P1",0
"FAXC",0
"COQ3",0
"PNISR",0
"RP11-98I9.4",0
"USP45",0
"TSTD3",0
"CCNC",0
"RP1-199J3.7",0
"RP1-199J3.5",0
"PRDM13",0
"PRDX2P4",0
"SIM1",0
"RP1-121G13.2",0
"ASCC3",0
"RP1-121G13.3",0
"RP3-467N11.1",0
"RP3-467N11.2",0
"GRIK2",0
"RP11-93K7.1",0
"AP002530.2",0
"HACE1",0
"RP11-809N15.3",0
"LINC00577",0
"LIN28B",0
"BVES",0
"BVES-AS1",0
"POPDC3",0
"RP3-355L5.5",0
"PREP",0
"RP3-355L5.4",0
"RP3-355L5.3",0
"RPL35P3",0
"PRDM1",0
"ATG5",0
"AIM1",0
"RTN4IP1",0
"QRSL1",0
"RPL21P65",0
"RP1-60O19.2",0
"RP1-60O19.1",0
"C6orf203",0
"BEND3",0
"PDSS2",0
"RPS24P12",0
"SOBP",0
"RP1-67A8.3",0
"SCML4",0
"SEC63",0
"RPL23AP50",0
"RP1-191J18.66",0
"RPL3P7",0
"RP1-111B22.3",0
"OSTM1",0
"NR2E1",0
"SNX3",0
"LACE1",0
"RP1-128O3.6",0
"FOXO3",0
"LINC00222",0
"ZNF259P1",0
"ARMC2",0
"RP11-249L21.4",0
"ARMC2-AS1",0
"SESN1",0
"RP11-787I22.3",0
"CEP57L1",0
"C6orf183",0
"CCDC162P",0
"RPL7P28",0
"CD164",0
"RP11-425D10.10",0
"PPIL6",0
"SMPD2",0
"MICAL1",0
"ZBTB24",0
"RP5-919F19.5",0
"AK9",0
"AL109947.2",0
"FIG4",0
"RP1-249I4.2",0
"GPR6",0
"WASF1",0
"CDC40",0
"METTL24",0
"DDO",0
"SLC22A16",0
"CDK19",0
"RP11-346C16.2",0
"CNN2P9",0
"RP3-418A9.3",0
"AMD1",0
"GTF3C6",0
"AL357515.1",0
"RPF2",0
"GSTM2P1",0
"SLC16A10",0
"KIAA1919",0
"RP5-1112D6.4",0
"RP5-1112D6.7",0
"REV3L",0
"RP5-1112D6.8",0
"FCF1P5",0
"REV3L-IT1",0
"BRD7P4",0
"TRAF3IP2-AS1",0
"RP3-415N12.1",0
"TRAF3IP2",0
"C6orf3",0
"FYN",0
"RP1-97J1.2",0
"WISP3",0
"TUBE1",0
"FAM229B",0
"LAMA4",0
"RP1-142L7.5",0
"RNU6-1226P",0
"RP11-506B6.6",0
"RFPL4B",0
"RP11-506B6.3",0
"RP1-159M24.1",0
"RP11-437J19.1",0
"RP11-367G18.2",0
"MARCKS",0
"RP1-249H1.4",0
"RP11-544L8__B.4",0
"HDAC2",0
"RP3-399L15.3",0
"NUDT19P3",0
"HS3ST5",0
"RPSAP43",0
"DNAJA1P4",0
"RP3-399L15.1",0
"FRK",0
"TPI1P3",0
"NT5DC1",0
"COL10A1",0
"NIP7P3",0
"DSE",0
"RP3-486I3.7",0
"RP3-486I3.4",0
"RP1-93H18.1",0
"RP1-93H18.7",0
"CBX3P9",0
"KRT18P22",0
"FAM26F",0
"TRAPPC3L",0
"FAM26E",0
"FAM26D",0
"RWDD1",0
"RSPH4A",0
"ZUFSP",0
"KPNA5",0
"FAM162B",0
"GPRC6A",0
"RFX6",0
"VGLL2",0
"GOPC",0
"DCBLD1",0
"NEPNP",0
"NUS1",0
"SLC35F1",0
"RP11-632C17__A.1",0
"RP11-57K17.1",0
"CEP85L",0
"BRD7P3",0
"PLN",0
"SSXP10",0
"MCM9",0
"ASF1A",0
"RP11-351A11.1",0
"FAM184A",0
"MAN1A1",0
"TBC1D32",0
"GJA1",0
"RP11-129H15.1",0
"SLC25A5P7",0
"HSF2",0
"SERINC1",0
"PKIB",0
"RP11-95G17.2",0
"FABP7",0
"SMPDL3A",0
"CLVS2",0
"TRDN",0
"NKAIN2",0
"RP11-374A22.1",0
"RP11-510H23.1",0
"RNF217",0
"TPD52L1",0
"HDDC2",0
"RP11-735G4.1",0
"RP11-624M8.1",0
"RP1-293L8.2",0
"HEY2",0
"NCOA7",0
"HINT3",0
"TRMT11",0
"RP11-527F13.1",0
"PPP1R14BP5",0
"CENPW",0
"MIR588",0
"PRELID1P1",0
"RPS4XP9",0
"RSPO3",0
"RNF146",0
"ECHDC1",0
"RNA5SP217",0
"YWHAZP4",0
"RPL5P18",0
"RP1-177A13.1",0
"RP3-403A15.1",0
"SOGA3",0
"KIAA0408",0
"C6orf58",0
"RP11-325O24.2",0
"THEMIS",0
"PTPRK",0
"RP11-103C16.2",0
"RP1-86D1.5",0
"MESTP1",0
"BMPR1APS1",0
"RP1-69D17.4",0
"ARHGAP18",0
"L3MBTL3",0
"RP11-73O6.3",0
"TMEM200A",0
"SMLR1",0
"EPB41L2",0
"AKAP7",0
"ARG1",0
"MED23",0
"ENPP3",0
"OR2A4",0
"CTAGE9",0
"ENPP1",0
"RP1-131F15.2",0
"RP11-69I8.2",0
"CTGF",0
"RP11-69I8.3",0
"RP3-523C21.2",0
"LINC01013",0
"MOXD1",0
"VNN1",0
"SLC18B1",0
"RPS12",0
"SNORD101",0
"SNORD100",0
"EYA4",0
"RP1-283K11.2",0
"RP3-323P13.2",0
"HSPE1P21",0
"RP11-704J17.5",0
"TCF21",0
"TBPL1",0
"SLC2A12",0
"HMGA1P7",0
"SGK1",0
"KRT8P42",0
"RP11-557H15.3",0
"LINC01010",0
"RP11-557H15.4",0
"ALDH8A1",0
"RP11-349J5.2",0
"HBS1L",0
"CTA-212D2.2",0
"MYB",0
"MYB-AS1",0
"AHI1",0
"RP3-388E23.2",0
"LINC00271",0
"PDE7B",0
"RP13-143G15.4",0
"MTFR2",0
"BCLAF1",0
"RP3-406A7.7",0
"MAP7",0
"RP3-406A7.3",0
"RP3-325F22.5",0
"MAP3K5",0
"PEX7",0
"RP11-55K22.2",0
"SLC35D3",0
"IL20RA",0
"IFNGR1",0
"OLIG3",0
"BTF3L4P3",0
"RP11-95M15.1",0
"RP11-356I2.4",0
"TNFAIP3",0
"KIAA1244",0
"PBOV1",0
"RP3-422G23.4",0
"MARCKSL1P2",0
"HEBP2",0
"NHSL1",0
"MIR3145",0
"RP11-390P2.4",0
"CCDC28A",0
"ECT2L",0
"RP3-509I19.1",0
"RP3-509I19.6",0
"REPS1",0
"ABRACL",0
"HECA",0
"RP1-225E12.2",0
"TXLNB",0
"CITED2",0
"RP11-12A2.3",0
"RP3-332B22.1",0
"RP3-460G2.2",0
"RP11-63E9.1",0
"RN7SKP106",0
"NMBR",0
"RP11-137J7.3",0
"VTA1",0
"GPR126",0
"RP11-440G9.1",0
"HIVEP2",0
"RP1-67K17.4",0
"RP11-439L18.2",0
"RP11-439L18.1",0
"RP11-439L18.3",0
"RP1-45I4.3",0
"AIG1",0
"RP1-95L4.2",0
"RP1-95L4.4",0
"RP1-20N2.7",0
"TUBB8P2",0
"AL031320.1",0
"RNA5SP221",0
"PEX3",0
"RP1-20N2.6",0
"VDAC1P8",0
"FUCA2",0
"PHACTR2",0
"RP11-436I24.1",0
"LTV1",0
"RP3-468K18.6",0
"ZC2HC1B",0
"PLAGL1",0
"SF3B5",0
"STX11",0
"TPT1P4",0
"RP1-91J24.1",0
"RP1-28C20.1",0
"EPM2A",0
"RP3-466P17.1",0
"FBXO30",0
"RP11-545I5.3",0
"SHPRH",0
"GRM1",0
"RAB32",0
"ADGB",0
"KATNBL1P6",0
"STXBP5-AS1",0
"STXBP5",0
"RP11-361F15.2",0
"YAP1P1",0
"SAMD5",0
"RP11-307P5.1",0
"RP11-307P5.2",0
"RP11-242F11.2",0
"RP11-631F7.2",0
"RP11-631F7.1",0
"SASH1",0
"UST",0
"RP11-162J8.2",0
"RP11-162J8.3",0
"RP11-365H23.1",0
"TAB2",0
"SUMO4",0
"ZC3H12D",0
"RP1-281H8.3",0
"PPIL4",0
"RNU7-3P",0
"GINM1",0
"RP1-12G14.6",0
"RP1-12G14.7",0
"RPS18P9",0
"KATNA1",0
"LATS1",0
"NUP43",0
"PCMT1",0
"RP11-350J20.4",0
"RP11-350J20.5",0
"LRP11",0
"RP11-350J20.12",0
"RP11-244K5.8",0
"CCT7P1",0
"RAET1E",0
"RP11-350J20.9",0
"RAET1G",0
"RP11-244K5.6",0
"ULBP2",0
"ULBP1",0
"RP11-472G23.3",0
"BTF3P10",0
"RAET1K",0
"RAET1L",0
"RP11-472G23.10",0
"PHBP1",0
"ULBP3",0
"PPP1R14C",0
"IYD",0
"PLEKHG1",0
"RP11-136K14.1",0
"RP11-136K14.3",0
"PDCL3P5",0
"MTHFD1L",0
"RP1-99E18.2",0
"RP1-292B18.3",0
"RP1-292B18.4",0
"RP1-292B18.1",0
"AKAP12",0
"RN7SKP268",0
"ZBTB2",0
"RMND1",0
"HSPA8P15",0
"CCDC170",0
"ESR1",0
"SYNE1",0
"MYCT1",0
"VIP",0
"FBXO5",0
"RP1-101K10.6",0
"MTRF1L",0
"RGS17",0
"AL080276.1",0
"AL590867.1",0
"RP11-475C16.1",0
"OPRM1",0
"IPCEF1",0
"CNKSR3",0
"RPS4XP8",0
"SCAF8",0
"RP3-472M2.2",0
"RP11-477D19.2",0
"TFB1M",0
"CLDN20",0
"RP1-257I9.2",0
"NOX3",0
"RP11-230C9.4",0
"RP11-230C9.2",0
"ARID1B",0
"RP11-230C9.3",0
"RP11-2J18.1",0
"RP1-137K2.2",0
"LDHAL6FP",0
"RP5-933K21.3",0
"RP5-933K21.2",0
"RP3-395C13.1",0
"ZDHHC14",0
"RP11-193H22.2",0
"SNX9",0
"RP11-52J3.3",0
"RP11-52J3.2",0
"HSPE1P26",0
"SYNJ2",0
"SERAC1",0
"GTF2H5",0
"SRP72P2",0
"TULP4",0
"CACYBPP3",0
"TMEM181",0
"TATDN2P2",0
"AL591025.1",0
"DYNLT1",0
"SYTL3",0
"EZR",0
"EZR-AS1",0
"C6orf99",0
"yR211F11.2",0
"RSPH3",0
"RP1-111C20.4",0
"TAGAP",0
"RP11-13P5.2",0
"FNDC1",0
"FNDC1-IT1",0
"RP3-393E18.2",0
"SOD2",0
"HNRNPH1P1",0
"RNU4ATAC18P",0
"WTAP",0
"ACAT2",0
"TCP1",0
"SNORA20",0
"MRPL18",0
"PNLDC1",0
"MAS1",0
"IGF2R",0
"AIRN",0
"RP11-288H12.3",0
"RP11-288H12.4",0
"SLC22A1",0
"SLC22A2",0
"SLC22A3",0
"AL591069.1",0
"LPAL2",0
"LPA",0
"PLG",0
"RP3-428L16.1",0
"RP3-428L16.2",0
"MAP3K4",0
"AGPAT4",0
"PARK2",0
"PACRG",0
"CAHM",0
"QKI",0
"RP5-826L7.1",0
"RP1-155D22.2",0
"C6orf118",0
"PDE10A",0
"RP11-252P19.1",0
"SDIM1",0
"LINC00473",0
"GAPDHP72",0
"T",0
"PRR18",0
"SFT2D1",0
"HNRNPA1P49",0
"MPC1",0
"RP1-168L15.5",0
"RPS6KA2",0
"RPS6KA2-IT1",0
"Z98049.1",0
"FAM103A2P",0
"RP3-497J21.1",0
"RPS6KA2-AS1",0
"RNASET2",0
"AL133458.1",0
"RP1-167A14.2",0
"MIR3939",0
"FGFR1OP",0
"RP11-517H2.6",0
"CCR6",0
"TCP10L2",0
"RP11-568A7.3",0
"RP11-568A7.2",0
"UNC93A",0
"TTLL2",0
"RP3-366N23.4",0
"TCP10",0
"RP11-351J23.2",0
"RP11-351J23.1",0
"C6orf123",0
"AL009178.1",0
"MLLT4-AS1",0
"MLLT4",0
"RP3-470B24.5",0
"KIF25-AS1",0
"KIF25",0
"FRMD1",0
"RP11-503C24.4",0
"CTAGE13P",0
"DACT2",0
"RP11-503C24.6",0
"SMOC2",0
"RP1-125N5.2",0
"XXyac-YX65C7_A.2",0
"THBS2",0
"RP1-137D17.1",0
"RP1-137D17.2",0
"WDR27",0
"AL513547.1",0
"C6orf120",0
"PHF10",0
"RP1-266L20.2",0
"RP1-266L20.4",0
"TCTE3",0
"ERMARD",0
"RP1-266L20.9",0
"LINC00242",0
"LINC00574",0
"RP1-182D15.2",0
"DLL1",0
"RP5-894D12.4",0
"RP1-140C12.2",0
"PSMB1",0
"TBP",0
"PDCD2",0
"XX-C2158C12.2",0
"XX-C2158C6.3",0
"XX-C2158C6.2",0
"AC093627.7",0
"AC093627.8",0
"AC093627.9",0
"AC093627.10",0
"RP11-90P13.1",0
"AC093627.11",0
"AC093627.12",0
"FAM20C",0
"AC145676.2",0
"AC187652.1",0
"AC226118.1",0
"PDGFA",0
"AC147651.3",0
"PRKAR1B",0
"AC147651.2",0
"AC147651.5",0
"AC147651.4",0
"HEATR2",0
"SUN1",0
"GET4",0
"RP11-449P15.2",0
"ADAP1",0
"COX19",0
"CYP2W1",0
"C7orf50",0
"MIR339",0
"AC073957.15",0
"GPR146",0
"AC091729.7",0
"AC091729.8",0
"GPER1",0
"ZFAND2A",0
"AC091729.9",0
"UNCX",0
"MICALL2",0
"AC102953.4",0
"RP11-1246C19.1",0
"INTS1",0
"AC102953.6",0
"MAFK",0
"TMEM184A",0
"PSMG3",0
"PSMG3-AS1",0
"TFAMP1",0
"ELFN1",0
"AC074389.7",0
"AC074389.6",0
"AC074389.9",0
"MAD1L1",0
"AC110781.3",0
"FTSJ2",0
"SNX8",0
"EIF3B",0
"AC004840.8",0
"CHST12",0
"AC004840.9",0
"GRIFIN",0
"LFNG",0
"MIR4648",0
"BRAT1",0
"IQCE",0
"TTYH3",0
"AMZ1",0
"GNA12",0
"AC006028.11",0
"CARD11",0
"AC091801.1",0
"AC073316.1",0
"SDK1",0
"RP11-30B1.1",0
"AC011284.3",0
"FOXK1",0
"AP5Z1",0
"RADIL",0
"PAPOLB",0
"AC092610.12",0
"MMD2",0
"RNF216P1",0
"RP11-730B22.1",0
"RBAK",0
"RBAKDN",0
"ZNF890P",0
"WIPI2",0
"SLC29A4",0
"TNRC18",0
"AC093620.5",0
"AC092171.2",0
"RP11-1275H24.2",0
"RP11-1275H24.1",0
"RP11-1275H24.3",0
"FBXL18",0
"AC092171.4",0
"MIR589",0
"ACTB",0
"CTB-161C1.1",0
"AC006483.5",0
"FSCN1",0
"RNF216",0
"ZNF815P",0
"RN7SL556P",0
"OCM",0
"CCZ1",0
"RSPH10B",0
"PMS2",0
"AIMP2",0
"EIF2AK1",0
"ANKRD61",0
"RN7SL851P",0
"AC004895.4",0
"USP42",0
"CYTH3",0
"FAM220A",0
"RAC1",0
"DAGLB",0
"KDELR2",0
"FLJ20306",0
"AC072052.7",0
"GRID2IP",0
"ZDHHC4",0
"C7orf26",0
"ZNF853",0
"ZNF316",0
"RP11-611L7.1",0
"AC073343.13",0
"AC073343.1",0
"ZNF12",0
"PMS2CL",0
"RSPH10B2",0
"CCZ1B",0
"UNC93B2",0
"OR7E136P",0
"FAM86LP",0
"C1GALT1",0
"AC005532.5",0
"AC079448.1",0
"COL28A1",0
"RP5-1159O4.2",0
"RP5-1159O4.1",0
"MIOS",0
"RP5-1007H16.1",0
"RPA3",0
"RPA3-AS1",0
"AC009473.1",0
"AC006042.7",0
"GLCCI1",0
"AC006042.8",0
"ICA1",0
"AC006042.6",0
"AC007009.2",0
"AC007128.1",0
"RP4-594A5.1",0
"NXPH1",0
"AC060834.2",0
"AC060834.3",0
"HSPA8P8",0
"NDUFA4",0
"RP5-855F16.1",0
"PHF14",0
"AC005007.3",0
"AC004538.3",0
"THSD7A",0
"AC004160.4",0
"AC073109.2",0
"TMEM106B",0
"VWDE",0
"AC013470.6",0
"TAS2R2P",0
"AC005281.1",0
"SCIN",0
"ARL4A",0
"AC011288.2",0
"AC006000.5",0
"ETV1",0
"DGKB",0
"AGMO",0
"MEOX2",0
"AC005550.3",0
"AC005550.4",0
"AC005550.5",0
"AC006041.1",0
"RP11-196O16.1",0
"ISPD",0
"SOSTDC1",0
"LRRC72",0
"AC005014.5",0
"GS1-166A23.2",0
"ANKMY2",0
"BZW2",0
"AC073333.8",0
"TSPAN13",0
"AGR2",0
"AC003075.4",0
"AHR",0
"AC019117.1",0
"AC019117.2",0
"AC017060.1",0
"SNX13",0
"HDAC9",0
"TWIST1",0
"AC003986.6",0
"AC003986.7",0
"AC003986.5",0
"FERD3L",0
"AC007091.1",0
"TWISTNB",0
"MIR3146",0
"TMEM196",0
"AC004543.2",0
"AC005062.2",0
"RPL21P75",0
"RP11-486P11.1",0
"MACC1",0
"MACC1-AS1",0
"AC005083.1",0
"CTA-293F17.1",0
"ITGB8",0
"ABCB5",0
"AC002486.3",0
"RPL23P8",0
"LINC01162",0
"ASS1P11",0
"SP4",0
"DNAH11",0
"CDCA7L",0
"RAPGEF5",0
"STEAP1B",0
"EEF1A1P6",0
"AC002480.3",0
"AC002480.4",0
"AC002480.2",0
"AC073072.5",0
"IL6",0
"TOMM7",0
"AC005682.5",0
"SNORD93",0
"AC005682.6",0
"AC005682.7",0
"AC005682.8",0
"FAM126A",0
"KLHL7-AS1",0
"KLHL7",0
"AK3P3",0
"AC005082.1",0
"NUPL2",0
"AC005082.12",0
"GPNMB",0
"MALSU1",0
"IGF2BP3",0
"AC021876.4",0
"AC079780.3",0
"RPS2P32",0
"TRA2A",0
"AC006026.9",0
"AC006026.10",0
"CCDC126",0
"FCF1P1",0
"FAM221A",0
"AC006026.13",0
"STK31",0
"AC004485.3",0
"NPY",0
"MPP6",0
"DFNA5",0
"OSBPL3",0
"CYCS",0
"C7orf31",0
"AC003090.1",0
"CTD-2227E11.1",0
"NFE2L3",0
"CTB-119C2.1",0
"HNRNPA2B1",0
"CBX3",0
"SNX10",0
"AC004540.4",0
"AC004540.5",0
"KIAA0087",0
"AC004947.2",0
"C7orf71",0
"SKAP2",0
"HMGB3P20",0
"TPM3P4",0
"NHP2P2",0
"HOXA1",0
"HOTAIRM1",0
"HOXA2",0
"HOXA3",0
"HOXA-AS2",0
"HOXA4",0
"HOXA-AS3",0
"HOXA5",0
"HOXA6",0
"HOXA7",0
"HOXA9",0
"RP1-170O19.20",0
"HOXA10-AS",0
"HOXA10",0
"HOXA11",0
"HOXA11-AS",0
"RP1-170O19.14",0
"HOXA13",0
"HOTTIP",0
"RP1-170O19.17",0
"EVX1-AS",0
"EVX1",0
"EIF4HP1",0
"AC073150.6",0
"HIBADH",0
"AC004549.6",0
"TAX1BP1",0
"JAZF1",0
"JAZF1-AS1",0
"AC005013.1",0
"AC005013.5",0
"CTB-113D17.1",0
"CPVL",0
"CHN2",0
"AC004593.3",0
"NANOGP4",0
"AC007255.8",0
"PRR15",0
"ZNRF2P2",0
"TMSB4XP3",0
"DPY19L2P3",0
"MIR550A3",0
"WIPF3",0
"SCRN1",0
"AC007285.6",0
"FKBP14",0
"PLEKHA8",0
"AC007285.7",0
"MTURN",0
"AC007036.4",0
"AC007036.6",0
"ZNRF2",0
"AC006978.6",0
"NOD1",0
"GGCT",0
"AC005154.6",0
"AC005154.7",0
"RP4-777O23.2",0
"AC005154.8",0
"GARS",0
"CRHR2",0
"INMT",0
"FAM188B",0
"AC004691.5",0
"AQP1",0
"GHRHR",0
"ADCYAP1R1",0
"AC006466.5",0
"CCDC129",0
"PPP1R17",0
"PDE1C",0
"AC018641.7",0
"SLC25A5P5",0
"LSM5",0
"AVL9",0
"DPY19L1P1",0
"ZNRF2P1",0
"RP11-225B17.2",0
"DPY19L1P2",0
"RP11-265E18.1",0
"KBTBD2",0
"RP9P",0
"FKBP9",0
"RNU6-388P",0
"NT5C3A",0
"RP9",0
"BBS9",0
"AC006195.2",0
"RP11-89N17.1",0
"RP11-89N17.2",0
"RP11-89N17.4",0
"RP11-89N17.3",0
"BMPER",0
"AC009262.2",0
"RNU6-438P",0
"NPSR1-AS1",0
"NPSR1",0
"DPY19L1",0
"DPY19L2P1",0
"S100A11P2",0
"TBX20",0
"HERPUD2",0
"AC018647.3",0
"AC007551.3",0
"AC007551.2",0
"SEPT7",0
"SEPT7P3",0
"EEPD1",0
"RP11-182J23.1",0
"KIAA0895",0
"ANLN",0
"AOAH",0
"RP11-85E16.1",0
"AC007349.4",0
"AC007349.5",0
"NPM1P18",0
"AC007349.7",0
"ELMO1",0
"GPR141",0
"EPDR1",0
"NME8",0
"SFRP4",0
"STARD3NL",0
"TRGC2",0
"TRGJP2",0
"TRGC1",0
"TRGJP1",0
"TRGV9",0
"RP11-121A8.1",0
"TRGV8",0
"TRGV7",0
"TRGV5P",0
"TRGV5",0
"TRGV4",0
"TRGV3",0
"TRGV2",0
"TRGV1",0
"AMPH",0
"FAM183B",0
"VPS41",0
"POU6F2",0
"POU6F2-AS2",0
"AC011290.4",0
"YAE1D1",0
"AC011290.5",0
"RALA",0
"AC004837.5",0
"LINC00265",0
"RP5-1173I20.1",0
"CICP22",0
"AC072061.2",0
"AC004987.9",0
"RWDD4P2",0
"RP11-467D6.1",0
"CDK13",0
"RP5-1147A1.2",0
"RP5-1147A1.1",0
"MPLKIP",0
"SUGCT",0
"AC005029.1",0
"AC005022.1",0
"INHBA",0
"INHBA-AS1",0
"GLI3",0
"TCP1P1",0
"AC010132.10",0
"RP11-111K18.2",0
"C7orf25",0
"PSMA2",0
"MRPL32",0
"HECW1",0
"HECW1-IT1",0
"AC004692.4",0
"AC004692.5",0
"AC011738.4",0
"STK17A",0
"COA1",0
"BLVRA",0
"MRPS24",0
"URGCP",0
"TUBG1P",0
"UBE2D4",0
"POLR2J4",0
"RP5-1165K10.2",0
"AC004985.12",0
"AC004951.5",0
"SPDYE1",0
"AC004951.6",0
"RASA4CP",0
"LINC00957",0
"DBNL",0
"POLM",0
"AEBP1",0
"POLD2",0
"MYL7",0
"GCK",0
"YKT6",0
"CAMK2B",0
"NUDCD3",0
"AC004453.8",0
"NPC1L1",0
"DDX56",0
"TMED4",0
"OGDH",0
"ZMIZ2",0
"PPIA",0
"H2AFV",0
"AC004854.4",0
"PURB",0
"RP4-673M15.1",0
"RP4-647J21.1",0
"MYO1G",0
"SNHG15",0
"CCM2",0
"NACAD",0
"TBRG4",0
"SNORA5A",0
"SNORA5C",0
"RAMP3",0
"ADCY1",0
"SEPT7P2",0
"AC096582.7",0
"RP11-638I8.1",0
"CICP20",0
"AC096582.8",0
"IGFBP1",0
"IGFBP3",0
"TNS3",0
"AC095067.1",0
"HUS1",0
"LINC00525",0
"PKD1L1",0
"C7orf69",0
"AC069282.6",0
"SUN3",0
"C7orf57",0
"UPP1",0
"ABCA13",0
"AC004899.3",0
"AC006024.4",0
"VWC2",0
"ZPBP",0
"AC096568.3",0
"C7orf72",0
"IKZF1",0
"RNU6-1091P",0
"FIGNL1",0
"DDC",0
"RP4-724E13.2",0
"COBL",0
"CTD-2021A8.2",0
"CTD-2021A8.3",0
"RP4-718N17.2",0
"HAUS6P1",0
"RP11-678B3.2",0
"SLC25A5P3",0
"VSTM2A",0
"GS1-18A18.1",0
"GS1-18A18.2",0
"SEC61G",0
"RP11-745C15.2",0
"RP4-791C19.1",0
"EGFR",0
"EGFR-AS1",0
"LANCL2",0
"VOPP1",0
"RP11-310H4.1",0
"RP11-310H4.2",0
"RP11-310H4.3",0
"TUBBP6",0
"FKBP9L",0
"SUMO2P3",0
"PSPHP1",0
"RP11-419M24.5",0
"MRPS17",0
"ZNF713",0
"GBAS",0
"PSPH",0
"CCT6A",0
"SNORA22",0
"SUMF2",0
"PHKG1",0
"CHCHD2",0
"RP11-700P18.1",0
"RP11-700P18.2",0
"RP11-760D2.7",0
"RP11-760D2.10",0
"TNRC18P3",0
"RP11-1217F2.1",0
"RP11-340I6.6",0
"ZNF736",0
"TRIM60P18",0
"YWHAEP1",0
"RP11-321E8.5",0
"HNRNPCP7",0
"RP11-561N12.6",0
"RP11-561N12.5",0
"RP11-561N12.1",0
"ZNF107",0
"RP11-561N12.7",0
"RP11-416N13.1",0
"ZNF138",0
"RP11-797H7.1",0
"SEPHS1P1",0
"RP11-797H7.3",0
"ZNF273",0
"RP11-797H7.5",0
"VN1R42P",0
"RP11-460N20.7",0
"ZNF117",0
"CCT6P3",0
"RP11-460N20.4",0
"RP11-460N20.5",0
"INTS4L1",0
"RP11-328P23.2",0
"RP11-746P2.5",0
"RP11-746P2.1",0
"RSL24D1P3",0
"RP11-746P2.3",0
"ZNF92",0
"RP11-667F9.1",0
"AC104057.1",0
"INTS4L2",0
"CCT6P1",0
"RP11-479O9.2",0
"RP13-254B10.1",0
"VKORC1L1",0
"GUSB",0
"RP5-1132H15.3",0
"ASL",0
"CRCP",0
"RP5-1132H15.1",0
"TPST1",0
"RNU6-313P",0
"LINC00174",0
"RNU6-96P",0
"GS1-124K5.6",0
"GS1-124K5.2",0
"SKP1P1",0
"RP11-792A8.1",0
"AC008267.1",0
"GS1-124K5.3",0
"GS1-124K5.4",0
"GS1-124K5.9",0
"GS1-124K5.10",0
"GS1-124K5.11",0
"GS1-124K5.12",0
"RP4-756H11.1",0
"AC006001.1",0
"RPL35P5",0
"KCTD7",0
"RP4-756H11.3",0
"RP11-792A8.4",0
"RP11-792A8.3",0
"GTF2IRD1P1",0
"RP11-458F8.1",0
"RP11-458F8.2",0
"RP11-458F8.4",0
"RP11-458F8.3",0
"SBDS",0
"TYW1",0
"RP11-166O4.1",0
"PMS2P4",0
"STAG3L4",0
"RP11-166O4.4",0
"RP11-166O4.6",0
"RP11-166O4.5",0
"AC006480.1",0
"RP5-942I16.1",0
"AUTS2",0
"WBSCR17",0
"RN7SKP75",0
"CALN1",0
"TYW1B",0
"SBDSP1",0
"RN7SL625P",0
"POM121",0
"RP11-313P13.5",0
"NSUN5P2",0
"TRIM74",0
"STAG3L3",0
"AC005488.11",0
"AC005488.1",0
"RP11-313P13.3",0
"SPDYE8P",0
"RP11-313P13.4",0
"AC006995.8",0
"RP11-396K3.1",0
"NCF1B",0
"GTF2IRD2P1",0
"POM121B",0
"NSUN5",0
"TRIM50",0
"FKBP6",0
"FZD9",0
"BAZ1B",0
"BCL7B",0
"TBL2",0
"MLXIPL",0
"VPS37D",0
"DNAJC30",0
"WBSCR22",0
"STX1A",0
"LINC00035",0
"ABHD11",0
"CLDN3",0
"CLDN4",0
"WBSCR27",0
"ELN",0
"CTB-51J22.1",0
"LIMK1",0
"EIF4H",0
"MIR590",0
"LAT2",0
"RFC2",0
"CLIP2",0
"GTF2IRD1",0
"RP5-1186P10.2",0
"GTF2I",0
"AC083884.8",0
"STAG3L2",0
"PHBP15",0
"NCF1",0
"GTF2IRD2",0
"PMS2P5",0
"AC004166.6",0
"GATSL1",0
"WBSCR16",0
"GTF2IRD2B",0
"NCF1C",0
"GTF2IP1",0
"AC138783.11",0
"AC138783.12",0
"AC118138.2",0
"GATSL2",0
"AC004878.2",0
"PMS2P2",0
"AC004878.5",0
"PMS2P10",0
"AC004878.6",0
"AC004878.3",0
"AC006014.10",0
"STAG3L1",0
"AC006014.1",0
"AC006014.8",0
"TRIM73",0
"NSUN5P1",0
"POM121C",0
"AC018720.10",0
"HIP1",0
"CCL26",0
"RHBDD2",0
"POR",0
"RPL7L1P3",0
"SNORA14A",0
"STYXL1",0
"MDH2",0
"AC005077.14",0
"AC005077.12",0
"AC005077.8",0
"AC005077.7",0
"SRRM3",0
"SRCRB4D",0
"ZP3",0
"DTX2",0
"AC007078.4",0
"UPK3B",0
"AC004980.9",0
"AC004980.11",0
"AC004980.7",0
"POMZP3",0
"AC004980.10",0
"DTX2P1",0
"UPK3BP1",0
"SPDYE9P",0
"AC007000.12",0
"AC007000.11",0
"AC007000.10",0
"RP11-467H10.1",0
"CCDC146",0
"AC073635.5",0
"GSAP",0
"PTPN12",0
"RSBN1L-AS1",0
"RSBN1L",0
"TMEM60",0
"PHTF2",0
"RP5-1185I7.1",0
"MAGI2",0
"RPL13AP17",0
"MAGI2-AS3",0
"GNAI1",0
"AC004862.6",0
"CD36",0
"GNAT3",0
"AC073850.6",0
"SEMA3C",0
"AC010091.1",0
"HGF",0
"CACNA2D1",0
"MIR1255B1",0
"PCLO",0
"SEMA3E",0
"SEMA3A",0
"AC074183.4",0
"HNRNPA1P8",0
"SEMA3D",0
"HSPA8P16",0
"AC092013.1",0
"GRM3",0
"AC005009.1",0
"AC005009.2",0
"KIAA1324L",0
"CTA-254O6.1",0
"AC005076.5",0
"DMTF1",0
"TMEM243",0
"CROT",0
"ABCB4",0
"ABCB1",0
"HNRNPA1P9",0
"RUNDC3B",0
"SLC25A40",0
"DBF4",0
"ADAM22",0
"SRI",0
"CTB-167B5.1",0
"AC003991.3",0
"CTB-167B5.2",0
"STEAP4",0
"ZNF804B",0
"C7orf62",0
"AC002383.2",0
"STEAP2-AS1",0
"RP5-1121E10.2",0
"DPY19L2P4",0
"STEAP1",0
"STEAP2",0
"C7orf63",0
"AC002064.4",0
"AC002064.5",0
"GTPBP10",0
"CLDN12",0
"CDK14",0
"AC002456.2",0
"RP11-115N4.1",0
"RP11-142A5.1",0
"CTB-111F10.1",0
"MTERF",0
"AKAP9",0
"CYP51A1",0
"LRRD1",0
"CTB-161K23.1",0
"KRIT1",0
"AC000120.7",0
"MIR1285-1",0
"ANKIB1",0
"TMBIM7P",0
"GATAD1",0
"AC007566.10",0
"ERVW-1",0
"PEX1",0
"RBM48",0
"FAM133B",0
"AC002454.1",0
"SAMD9",0
"SAMD9L",0
"HEPACAM2",0
"CCDC132",0
"CALCR",0
"GNGT1",0
"AC002075.4",0
"TFPI2",0
"AC002076.10",0
"GNG11",0
"BET1",0
"AC006378.2",0
"AC003092.1",0
"COL1A2",0
"CASD1",0
"SGCE",0
"PEG10",0
"RPS3AP25",0
"PPP1R9A",0
"AC002429.5",0
"PON1",0
"PON3",0
"PON2",0
"GS1-293C5.1",0
"AC004012.1",0
"ASB4",0
"PDK4",0
"DYNC1I1",0
"SLC25A13",0
"SHFM1",0
"RP11-682N22.1",0
"DLX6-AS1",0
"DLX6",0
"DLX5",0
"ACN9",0
"TAC1",0
"ASNS",0
"AC079781.5",0
"AC007875.3",0
"AC005326.2",0
"RPS3AP29",0
"AC079781.1",0
"AC007875.2",0
"AC079781.7",0
"AC079781.8",0
"OR7E7P",0
"MIR5692A2",0
"MIR5692C2",0
"OR7E38P",0
"AC004967.7",0
"LMTK2",0
"BHLHA15",0
"TECPR1",0
"BRI3",0
"BAIAP2L1",0
"RP4-607J23.2",0
"RP11-307C18.1",0
"RPS3AP26",0
"NPTX2",0
"TMEM130",0
"TRRAP",0
"MIR3609",0
"AC004893.10",0
"AC004893.11",0
"SMURF1",0
"KPNA7",0
"MYH16",0
"ARPC1A",0
"ARPC1B",0
"PDAP1",0
"BUD31",0
"PTCD1",0
"ATP5J2-PTCD1",0
"CPSF4",0
"AC073063.10",0
"ATP5J2",0
"ZNF789",0
"ZNF394",0
"ZKSCAN5",0
"FAM200A",0
"ZNF655",0
"AC005020.1",0
"GS1-259H13.2",0
"ZSCAN25",0
"GS1-259H13.7",0
"CYP3A5",0
"CYP3A7",0
"AC069294.1",0
"CYP3A4",0
"RP11-757A13.1",0
"CYP3A43",0
"GJC3",0
"RP4-604G5.1",0
"AZGP1",0
"AZGP1P1",0
"ZKSCAN1",0
"ZSCAN21",0
"ZNF3",0
"COPS6",0
"MIR25",0
"MIR93",0
"MIR106B",0
"AP4M1",0
"TAF6",0
"RP11-506M12.1",0
"CNPY4",0
"MBLAC1",0
"AC073842.19",0
"RPL7P60",0
"LAMTOR4",0
"C7orf43",0
"GPC2",0
"GATS",0
"PVRIG",0
"SPDYE3",0
"PMS2P1",0
"STAG3L5P",0
"STAG3L5P-PVRIG2P-PILRB",0
"PILRB",0
"PILRA",0
"ZCWPW1",0
"MEPCE",0
"PPP1R35",0
"RP11-758P17.3",0
"C7orf61",0
"TSC22D4",0
"AC092849.1",0
"NYAP1",0
"RP11-44M6.1",0
"AGFG2",0
"RP11-44M6.3",0
"LRCH4",0
"FBXO24",0
"PCOLCE-AS1",0
"PCOLCE",0
"MOSPD3",0
"TFR2",0
"ACTL6B",0
"GNB2",0
"GIGYF1",0
"POP7",0
"EPO",0
"ZAN",0
"EPHB4",0
"RP11-126L15.4",0
"TRIP6",0
"SRRT",0
"UFSP1",0
"ACHE",0
"RP13-650G11.1",0
"RP11-395B7.2",0
"MUC12",0
"RP11-395B7.4",0
"TRIM56",0
"RP11-395B7.7",0
"SERPINE1",0
"AP1S1",0
"MIR4653",0
"VGF",0
"NAT16",0
"MOGAT3",0
"DGAT2L7P",0
"RP4-747G18.5",0
"PLOD3",0
"ZNHIT1",0
"FIS1",0
"AZGP1P2",0
"RP11-132A1.3",0
"RP11-132A1.4",0
"RABL5",0
"COL26A1",0
"MYL10",0
"CUX1",0
"CTA-339C12.1",0
"CTB-181H17.1",0
"SH2B2",0
"MIR4285",0
"CTA-313A17.2",0
"CTA-313A17.3",0
"SPDYE6",0
"PRKRIP1",0
"RP11-163E9.2",0
"RP11-163E9.1",0
"RP11-514P8.2",0
"ORAI2",0
"ALKBH4",0
"LRWD1",0
"POLR2J",0
"AC093668.2",0
"RASA4B",0
"RP11-514P8.8",0
"POLR2J3",0
"SPDYE2",0
"RASA4",0
"AC105052.1",0
"POLR2J2",0
"SPDYE2B",0
"RASA4DP",0
"FAM185A",0
"RP11-577H5.1",0
"FBXL13",0
"RNU6-1136P",0
"RN7SKP198",0
"LRRC17",0
"NFE4",0
"AC073127.1",0
"RP11-645N11.3",0
"ARMC10",0
"CRYZP1",0
"NAPEPLD",0
"RPL19P12",0
"RP11-401L13.5",0
"DPY19L2P2",0
"S100A11P1",0
"PMPCB",0
"DNAJC2",0
"PSMC2",0
"CTA-276O3.4",0
"SLC26A5",0
"CTB-107G13.1",0
"RELN",0
"ORC5",0
"LHFPL3",0
"EIF4BP6",0
"RN7SL8P",0
"RP11-325F22.5",0
"RP11-325F22.2",0
"LINC01004",0
"KMT2E-AS1",0
"KMT2E",0
"CTB-152G17.6",0
"SRPK2",0
"RWDD4P1",0
"RP4-778K6.3",0
"PUS7",0
"RP11-251G23.2",0
"RINT1",0
"EFCAB10",0
"RP11-251G23.5",0
"YBX1P2",0
"ATXN7L1",0
"CTA-351J1.1",0
"CDHR3",0
"SYPL1",0
"DCAF13P1",0
"NAMPT",0
"RP11-22N19.2",0
"CTB-111H14.1",0
"CTB-30L5.1",0
"CCDC71L",0
"PRKAR2B",0
"CTA-360L10.1",0
"HBP1",0
"CTA-363E19.2",0
"COG5",0
"GPR22",0
"DUS4L",0
"RP4-593H12.1",0
"BCAP29",0
"WBP1LP2",0
"SLC26A4-AS1",0
"SLC26A4",0
"AC002467.7",0
"CBLL1",0
"SLC26A3",0
"DLD",0
"LAMB1",0
"CTB-13F3.1",0
"LAMB4",0
"NRCAM",0
"PNPLA8",0
"RPL7P32",0
"THAP5",0
"DNAJB9",0
"AC073071.1",0
"AC073387.2",0
"RP11-10E6.1",0
"AC003088.1",0
"IMMP2L",0
"AC073326.3",0
"LRRN3",0
"DOCK4",0
"DOCK4-AS1",0
"AC003080.4",0
"ZNF277",0
"AC004112.4",0
"AC004112.7",0
"IFRD1",0
"AC079741.2",0
"LSMEM1",0
"AC002463.3",0
"TMEM168",0
"C7orf60",0
"GPR85",0
"RP11-736E3.1",0
"LINC00998",0
"FOXP2",0
"MDFIC",0
"AC068610.3",0
"TFEC",0
"TES",0
"AC073130.3",0
"CAV2",0
"CAV1",0
"MET",0
"CAPZA2",0
"AC002543.2",0
"ST7-AS1",0
"ST7",0
"ST7-OT4",0
"ST7-AS2",0
"AC002542.2",0
"WNT2",0
"CFTR",0
"CTTNBP2",0
"NAA38",0
"ANKRD7",0
"RP11-500M10.1",0
"KCND2",0
"RP4-797C5.2",0
"TSPAN12",0
"ING3",0
"CPED1",0
"WNT16",0
"FAM3C",0
"CYCSP19",0
"RP11-3L10.2",0
"RP11-3L10.3",0
"PTPRZ1",0
"AASS",0
"RNU7-154P",0
"RP5-1049N15.2",0
"RP11-560I19.1",0
"RP11-560I19.2",0
"FEZF1",0
"FEZF1-AS1",0
"CADPS2",0
"RP5-1101C3.1",0
"RPS26P31",0
"RNF133",0
"RNF148",0
"IQUB",0
"RP11-332K15.1",0
"NDUFA5",0
"LMOD2",0
"WASL",0
"RP11-390E23.6",0
"HYAL4",0
"SPAM1",0
"RP4-630C24.3",0
"TMEM229A",0
"RP5-921G16.1",0
"RP11-264K23.1",0
"GPR37",0
"POT1",0
"POT1-AS1",0
"EEF1GP1",0
"RP11-3B12.5",0
"RP11-3B12.4",0
"RP11-3B12.2",0
"RP11-3B12.3",0
"RP11-807H17.1",0
"AC005276.1",0
"AC003968.1",0
"AC000370.2",0
"GRM8",0
"AC000367.1",0
"ZNF800",0
"AC000123.4",0
"AC000124.1",0
"GCC1",0
"ARF5",0
"FSCN3",0
"PAX4",0
"AC073934.6",0
"SND1",0
"LRRC4",0
"MIR593",0
"LEP",0
"RP11-62J1.4",0
"AC018635.1",0
"RBM28",0
"PRRT4",0
"IMPDH1",0
"HILPDA",0
"METTL2B",0
"RP11-212P7.2",0
"RP11-212P7.1",0
"RP11-274B21.2",0
"RP11-274B21.4",0
"AC018638.1",0
"CICP14",0
"RP11-274B21.10",0
"RP11-274B21.5",0
"FAM71F2",0
"RP11-274B21.8",0
"RP11-274B21.9",0
"IMP3P2",0
"RNA5SP242",0
"RNA5SP243",0
"FAM71F1",0
"CALU",0
"RN7SL81P",0
"OPN1SW",0
"CCDC136",0
"FLNC",0
"RP11-309L24.2",0
"KCP",0
"ATP6V1F",0
"RP11-309L24.4",0
"RP11-309L24.9",0
"AC025594.1",0
"RP11-309L24.6",0
"TNPO3",0
"ODCP",0
"TPI1P2",0
"RP11-286H14.4",0
"RP11-286H14.6",0
"SMO",0
"RP11-286H14.8",0
"AHCYL2",0
"RNU7-16P",0
"RP11-305M3.2",0
"STRIP2",0
"RNU1-72P",0
"SMKR1",0
"RP11-448A19.1",0
"NRF1",0
"RP11-738B7.1",0
"UBE2H",0
"ZC3HC1",0
"KLHDC10",0
"RP11-775D22.2",0
"TMEM209",0
"RP11-775D22.3",0
"CPA2",0
"CPA4",0
"CPA5",0
"CPA1",0
"CEP41",0
"RP11-2E11.5",0
"MEST",0
"hsa-mir-335",0
"COPG2",0
"RP11-2E11.9",0
"AC009274.6",0
"TSGA13",0
"KLF14",0
"AC016831.7",0
"MIR29A",0
"RP11-138A9.1",0
"RP11-138A9.2",0
"LINC-PINT",0
"MKLN1",0
"MKLN1-AS",0
"RP11-180C16.1",0
"PODXL",0
"AC093106.7",0
"AC093106.5",0
"AC009518.4",0
"AC018643.4",0
"AC011625.1",0
"CHCHD3",0
"AC009518.8",0
"AC083873.4",0
"EXOC4",0
"AC007790.4",0
"LRGUK",0
"AC008154.4",0
"SLC35B4",0
"RP11-38M8.1",0
"AKR1B1",0
"AKR1B10",0
"AKR1B15",0
"BPGM",0
"CALD1",0
"AGBL3",0
"C7orf49",0
"AC083862.6",0
"RP11-134L10.1",0
"WDR91",0
"AC009542.2",0
"STRA8",0
"CNOT4",0
"SDHDP2",0
"NUP205",0
"RP11-751K21.1",0
"AC093107.7",0
"C7orf73",0
"SLC13A4",0
"AC015987.1",0
"MTPN",0
"AC009784.3",0
"AC009784.1",0
"hsa-mir-490",0
"CHRM2",0
"KRT8P51",0
"PTN",0
"AC078842.4",0
"AC078842.3",0
"DGKI",0
"AC009245.3",0
"CREB3L2",0
"AC022173.2",0
"AKR1D1",0
"AC008155.1",0
"TRIM24",0
"AC013429.5",0
"SVOPL",0
"ATP6V0A4",0
"TMEM213",0
"KIAA1549",0
"RNU6-1272P",0
"ZC3HAV1L",0
"ZC3HAV1",0
"RP11-383F6.1",0
"TTC26",0
"RP11-365F18.3",0
"RP11-365F18.6",0
"RP11-365F18.1",0
"RP11-365F18.5",0
"UBN2",0
"C7orf55-LUC7L2",0
"RP11-634H22.1",0
"RNU6-911P",0
"KLRG2",0
"ERHP1",0
"HIPK2",0
"TBXAS1",0
"PARP12",0
"KDM7A",0
"JHDM1D-AS1",0
"RP5-1136G2.1",0
"PPP1R2P6",0
"SLC37A3",0
"RAB19",0
"MKRN1",0
"DENND2A",0
"RN7SL771P",0
"ADCK2",0
"NDUFB2",0
"NDUFB2-AS1",0
"BRAF",0
"RP4-813F11.4",0
"MRPS33",0
"TMEM178B",0
"RP5-914M6.1",0
"RP5-842K16.1",0
"RP11-744I24.3",0
"RP11-744I24.2",0
"AGK",0
"RP5-894A10.2",0
"KIAA1147",0
"RP5-894A10.6",0
"WEE2-AS1",0
"WEE2",0
"SSBP1",0
"TAS2R3",0
"TAS2R6",0
"TAS2R5",0
"RP5-1154E9.7",0
"MTND2P5",0
"MTND1P3",0
"PRSS37",0
"OR9A3P",0
"OR9A1P",0
"MGAM",0
"OR9N1P",0
"CLEC5A",0
"RP11-1220K2.2",0
"TRBV5-4",0
"TRBV24-1",0
"TRBV25-1",0
"TRBVB",0
"TRBV27",0
"PRSS1",0
"TRBJ2-2",0
"TRBJ2-2P",0
"TRBJ2-3",0
"TRBJ2-6",0
"TRBJ2-7",0
"TRBC2",0
"TRBV30",0
"EPHB6",0
"TRPV6",0
"RP11-114L10.2",0
"TRPV5",0
"C7orf34",0
"KEL",0
"OR9A2",0
"PIP",0
"GSTK1",0
"AC073342.12",0
"CASP2",0
"RN7SL535P",0
"RN7SL481P",0
"HINT1P1",0
"CLCN1",0
"FAM131B",0
"RP11-563K23.1",0
"AC093673.5",0
"ZYX",0
"EPHA1",0
"EPHA1-AS1",0
"TAS2R60",0
"OR10AC1P",0
"CTAGE15",0
"FAM115B",0
"FAM115C",0
"FAM115D",0
"RP11-61L23.2",0
"CTAGE6",0
"FAM115A",0
"RP4-669B10.3",0
"OR2F1",0
"OR2A2",0
"OR2A13P",0
"ARHGEF35",0
"RP4-545C24.1",0
"OR2A42",0
"OR2A20P",0
"OR2A1-AS1",0
"OR2A7",0
"CTAGE8",0
"ARHGEF34P",0
"OR2A9P",0
"OR2A1",0
"ARHGEF5",0
"TPK1",0
"EEF1A1P10",0
"CNTNAP2",0
"AC006004.1",0
"AC005518.2",0
"RP5-1136G13.2",0
"CUL1",0
"AC005229.1",0
"EZH2",0
"RNU7-20P",0
"RN7SL569P",0
"PDIA4",0
"ZNF786",0
"ZNF425",0
"RN7SL521P",0
"ZNF398",0
"RP4-800G7.1",0
"ZNF282",0
"ZNF212",0
"ZNF783",0
"RP4-800G7.3",0
"RP4-800G7.2",0
"NPM1P12",0
"AC004941.3",0
"RP11-143I21.1",0
"ZNF777",0
"ZNF746",0
"ZNF767",0
"ZNF467",0
"SSPO",0
"ZNF862",0
"RP4-751H13.7",0
"ATP6V0E2-AS1",0
"ATP6V0E2",0
"RP11-445N20.3",0
"RP11-728K20.3",0
"RP11-728K20.1",0
"RP11-728K20.2",0
"RP11-545G3.1",0
"ACTR3C",0
"LRRC61",0
"ZBED6CL",0
"RARRES2",0
"RP4-584D14.7",0
"RP4-584D14.5",0
"REPIN1",0
"ZNF775",0
"RP4-584D14.6",0
"LINC00996",0
"GIMAP8",0
"STRADBP1",0
"GIMAP4",0
"GIMAP2",0
"GIMAP5",0
"RP5-1051J4.4",0
"TMEM176B",0
"TMEM176A",0
"AOC1",0
"KCNH2",0
"NOS3",0
"ATG9B",0
"ABCB8",0
"RP11-148K1.10",0
"ASIC3",0
"CDK5",0
"SLC4A2",0
"RP11-148K1.12",0
"FASTK",0
"TMUB1",0
"AGAP3",0
"GBX1",0
"IQCA1P1",0
"ABCF2",0
"CHPF2",0
"SMARCD3",0
"RP5-1070G24.2",0
"NUB1",0
"WDR86",0
"WDR86-AS1",0
"RP4-555L14.4",0
"CRYGN",0
"MIR3907",0
"RN7SL76P",0
"RHEB",0
"ETF1P2",0
"PRKAG2",0
"PRKAG2-AS1",0
"GALNTL5",0
"GALNT11",0
"RP5-981O7.2",0
"YBX1P4",0
"RP11-208G20.3",0
"SEPT7P6",0
"FABP5P3",0
"CCT8L1P",0
"LINC01003",0
"XRCC2",0
"ATP5F1P3",0
"ACTR3B",0
"AC073236.3",0
"DPP6",0
"AC006019.3",0
"AC006019.4",0
"RP11-476H24.1",0
"PAXIP1-AS2",0
"PAXIP1",0
"RP11-5C23.1",0
"RP11-5C23.2",0
"HTR5A-AS1",0
"HTR5A",0
"AC144652.1",0
"INSIG1",0
"AC008060.7",0
"RP5-912I13.1",0
"EN2",0
"CNPY1",0
"AC009403.2",0
"RBM33",0
"AC073133.2",0
"AC073133.1",0
"LINC01006",0
"AC005534.6",0
"C7orf13",0
"RNF32",0
"AC005534.8",0
"LMBR1",0
"NOM1",0
"MNX1",0
"MNX1-AS2",0
"MNX1-AS1",0
"UBE3C",0
"RP4-814D15.2",0
"RP4-814D15.1",0
"RP5-1142J19.2",0
"DNAJB6",0
"AC006372.4",0
"AC006372.5",0
"AC006372.6",0
"AC006372.1",0
"PTPRN2",0
"AC005481.5",0
"AC006003.3",0
"AC011899.9",0
"RP11-452C13.1",0
"AC011899.10",0
"AC078942.1",0
"THAP5P1",0
"NCAPG2",0
"ESYT2",0
"WDR60",0
"LINC00689",0
"VIPR2",0
"PLCXD1",0
"GTPBP6",0
"LINC00685",0
"SHOX",0
"RP11-309M23.1",0
"CRLF2",0
"CSF2RA",0
"IL3RA",0
"SLC25A6",0
"LINC00106",0
"ASMTL-AS1",0
"ASMTL",0
"P2RY8",0
"AKAP17A",0
"ASMT",0
"RP13-297E16.4",0
"RP13-297E16.5",0
"DHRSX",0
"DHRSX-IT1",0
"ZBED1",0
"CD99P1",0
"LINC00102",0
"CD99",0
"XG",0
"GYG2",0
"ARSD",0
"ARSE",0
"ARSH",0
"ARSF",0
"CXorf28",0
"MXRA5",0
"PRKX",0
"RP11-558O12.1",0
"RP11-706O15.1",0
"RP11-706O15.3",0
"RP11-706O15.5",0
"RP11-706O15.7",0
"RP11-733O18.1",0
"NLGN4X",0
"VCX3A",0
"RP11-1M18.1",0
"HDHD1",0
"MIR4767",0
"VCX",0
"PNPLA4",0
"RP11-692P14.1",0
"VCX2",0
"VCX3B",0
"KAL1",0
"DRAXINP1",0
"FAM9A",0
"RP11-66N5.2",0
"FAM9B",0
"RP11-126O22.1",0
"TBL1X",0
"GPR143",0
"SHROOM2",0
"RP11-98L4.1",0
"AC002365.1",0
"WWC3",0
"WWC3-AS1",0
"CLCN4",0
"RP6-1O2.1",0
"MID1",0
"RP11-120D5.1",0
"HCCS",0
"MSL3",0
"FRMPD4",0
"PRPS2",0
"PSMA6P2",0
"TLR7",0
"TLR8-AS1",0
"TLR8",0
"FAM9C",0
"GS1-600G8.5",0
"EGFL6",0
"TCEANC",0
"RAB9A",0
"TRAPPC2",0
"OFD1",0
"GPM6B",0
"GEMIN8",0
"GS1-257G1.1",0
"GLRA2",0
"NPM1P9",0
"FANCB",0
"MOSPD2",0
"ASB9",0
"PIGA",0
"FIGF",0
"PIR",0
"BMX",0
"ACE2",0
"TMEM27",0
"CA5BP1",0
"CA5B",0
"SNORA7",0
"ZRSR2",0
"GRPR",0
"RP11-431J24.2",0
"MAGEB17",0
"RPL6P30",0
"RP11-759L5.2",0
"CTPS2",0
"MIR548AM",0
"S100G",0
"SYAP1",0
"RBBP7",0
"REPS2",0
"SNORA16",0
"CBX1P2",0
"NHS",0
"MIR4768",0
"RP3-389A20.5",0
"SCML1",0
"RP3-389A20.2",0
"RAI2",0
"RP1-272E8.1",0
"RP3-410B11.1",0
"BEND2",0
"SCML2",0
"CDKL5",0
"GJA6P",0
"RS1",0
"PPEF1",0
"PHKA2-AS1",0
"PHKA2",0
"GPR64",0
"MAP3K15",0
"SH3KBP1",0
"CXorf23",0
"MAP7D2",0
"MIR23C",0
"EIF1AX",0
"EIF1AX-AS1",0
"RPS6KA3",0
"CNKSR2",0
"KLHL34",0
"SMPX",0
"MBTPS2",0
"YY2",0
"LL0XNC01-39B3.1",0
"SMS",0
"PHEX",0
"PHEX-AS1",0
"RP11-40F8.2",0
"FAM3C2",0
"RP11-654E17.2",0
"PRDX4",0
"ACOT9",0
"RP13-314C10.5",0
"SAT1",0
"APOO",0
"RPL9P7",0
"CXorf58",0
"KLHL15",0
"EIF2S3",0
"ZFX-AS1",0
"ZFX",0
"SUPT20HL2",0
"SUPT20HL1",0
"GS1-184P14.2",0
"PDK3",0
"SNRPEP9",0
"GS1-358P8.4",0
"PCYT1B",0
"POLA1",0
"SCARNA23",0
"EEF1B2P3",0
"ARX",0
"RP11-298C3.2",0
"HMGA1P1",0
"RP11-268G12.1",0
"GS1-309P15.4",0
"IL1RAPL1",0
"MAGEB2",0
"MAGEB3",0
"MAGEB1",0
"NR0B1",0
"GK",0
"GK-IT1",0
"GK-AS1",0
"TAB3",0
"DMD",0
"TBCAP1",0
"RP11-305F18.1",0
"MAGEB16",0
"CXorf22",0
"CHDC2",0
"HMGB1P16",0
"CXorf30",0
"BX842568.1",0
"BX842568.2",0
"BX842568.4",0
"FAM47C",0
"PRRG1",0
"FTH1P19",0
"FAM47DP",0
"LANCL3",0
"XK",0
"CYBB",0
"DYNLT3",0
"AL121578.2",0
"SYTL5",0
"SRPX",0
"RP13-43E11.1",0
"RPGR",0
"OTC",0
"TSPAN7",0
"RP4-646N3.1",0
"MID1IP1",0
"MID1IP1-AS1",0
"GAPDHP1",0
"MIR1587",0
"AC092198.1",0
"BCOR",0
"RP11-320G24.1",0
"ATP6AP2",0
"CXorf38",0
"MED14",0
"MED14-AS1",0
"MKRN4P",0
"SDCBPP3",0
"RPS2P55",0
"RP11-469E19.1",0
"USP9X",0
"RP5-1172N10.2",0
"DDX3X",0
"RN7SL15P",0
"NYX",0
"CASK-AS1",0
"RNU6-1321P",0
"RP11-204C16.4",0
"GPR34",0
"GPR82",0
"ATP5G2P4",0
"RP1-154K9.2",0
"RP3-326I13.1",0
"IMPDH1P4",0
"MAOA",0
"MAOB",0
"NDP",0
"RP6-218J18.2",0
"EFHC2",0
"FUNDC1",0
"RPL19P20",0
"RP6-105D16.1",0
"CXorf36",0
"RP6-99M1.2",0
"MIR221",0
"RP5-1158E12.3",0
"RP1-30G7.2",0
"GAPDHP65",0
"KRBOX4",0
"RP11-75A9.3",0
"ZNF674",0
"RNU6-50P",0
"ZNF674-AS1",0
"MKI67P1",0
"CHST7",0
"SLC9A7",0
"PGAM1P7",0
"RP11-198M15.1",0
"RP2",0
"CXorf31",0
"JADE3",0
"RGN",0
"RNU6-1189P",0
"RNU12-2P",0
"NDUFB11",0
"RBM10",0
"CTD-2522E6.4",0
"UBA1",0
"INE1",0
"CDK16",0
"USP11",0
"ZNF157",0
"ZNF41",0
"CXorf24",0
"NUS1P1",0
"ARAF",0
"SYN1",0
"TIMP1",0
"CFP",0
"ELK1",0
"UXT",0
"UXT-AS1",0
"CXXC1P1",0
"RP3-393P12.1",0
"WASF4P",0
"ZNF81",0
"RPL7P57",0
"ZNF630",0
"SPACA5",0
"ZNF630-AS1",0
"SSX1",0
"SSX3",0
"SSX4",0
"SSX4B",0
"AF196972.4",0
"SLC38A5",0
"AF196972.9",0
"PORCN",0
"EBP",0
"TBC1D25",0
"RBM3",0
"RP11-1148L6.5",0
"WDR13",0
"VN1R110P",0
"WAS",0
"SUV39H1",0
"AF196970.3",0
"GLOD5",0
"AC115617.2",0
"GATA1",0
"HDAC6",0
"ERAS",0
"PCSK1N",0
"TIMM17B",0
"SLC35A2",0
"PIM2",0
"OTUD5",0
"AF207550.1",0
"RNU6-722P",0
"KCND1",0
"GRIPAP1",0
"TFE3",0
"CCDC120",0
"PRAF2",0
"WDR45",0
"RNU4-52P",0
"GPKOW",0
"RN7SL262P",0
"MAGIX",0
"PLP2",0
"PRICKLE3",0
"SYP",0
"SYP-AS1",0
"CACNA1F",0
"HSPB1P2",0
"CCDC22",0
"FOXP3",0
"PPP1R3F",0
"LL0XNC01-7P3.1",0
"GAGE10",0
"VDAC1P2",0
"PAGE4",0
"USP27X",0
"CLCN5",0
"CCNB3",0
"DGKK",0
"SHROOM4",0
"RP11-104D21.3",0
"RP13-346H10.2",0
"NUDT10",0
"RP11-348F1.3",0
"RP11-348F1.2",0
"CXorf67",0
"NUDT11",0
"CENPVP3",0
"CENPVP2",0
"CENPVP1",0
"GSPT2",0
"MAGED1",0
"RP11-22B10.3",0
"RNU6-504P",0
"IPO7P1",0
"MAGED4B",0
"MAGED4",0
"RP11-363G10.2",0
"XAGE2B",0
"EIF4A2P4",0
"FAM156B",0
"FAM156A",0
"GPR173",0
"RP1-290F12.3",0
"TSPYL2",0
"RP11-236P24.3",0
"LINC01155",0
"RP11-236P24.1",0
"ACTG1P10",0
"RP11-258C19.4",0
"RP11-258C19.7",0
"KDM5C",0
"KDM5C-IT1",0
"IQSEC2",0
"SMC1A",0
"RIBC1",0
"RP3-339A18.6",0
"HUWE1",0
"MIR98",0
"RP13-444K19.1",0
"PHF8",0
"FAM120C",0
"WNK3",0
"TSR2",0
"FGD1",0
"GNL3L",0
"ITIH6",0
"MAGED2",0
"TRO",0
"PFKFB1",0
"APEX2",0
"ALAS2",0
"PAGE2B",0
"PAGE2",0
"FAM104B",0
"MAGEH1",0
"USP51",0
"RP11-167P23.2",0
"RRAGB",0
"RP13-188A5.1",0
"RP11-54I5.1",0
"AL353698.1",0
"KLF8",0
"RPL23AP83",0
"UBQLN2",0
"RP11-431N15.2",0
"RP11-622K12.1",0
"UQCRBP1",0
"RP11-445O16.3",0
"SPIN3",0
"RP11-445O16.2",0
"SPIN2B",0
"RP3-323P24.3",0
"SPIN2A",0
"PPP1R11P2",0
"FAAH2",0
"ZXDB",0
"RP13-487C10.1",0
"ZXDA",0
"RP11-3D23.1",0
"CBX1P1",0
"SPIN4-AS1",0
"ARHGEF9",0
"ARHGEF9-IT1",0
"RP11-403E24.1",0
"AMER1",0
"MTMR8",0
"RP11-284B18.3",0
"SHC1P1",0
"ZC4H2",0
"RP11-231N9.1",0
"CCT4P2",0
"RP11-151G12.2",0
"TLE1P1",0
"RP3-323B6.1",0
"ZC3H12B",0
"LAS1L",0
"MSN",0
"RP11-314A15.2",0
"RP6-159A1.2",0
"VSIG4",0
"HEPH",0
"EDA2R",0
"AR",0
"RP6-201G10.2",0
"OPHN1",0
"RP11-516A11.1",0
"YIPF6",0
"STARD8",0
"SERBP1P1",0
"EFNB1",0
"PJA1",0
"LINC00269",0
"AL158069.1",0
"FAM155B",0
"RP13-57D9.3",0
"EDA",0
"AWAT2",0
"OTUD6A",0
"IGBP1",0
"IGBP1-AS2",0
"IGBP1-AS1",0
"DGAT2L6",0
"AWAT1",0
"RNA5SP507",0
"P2RY4",0
"ARR3",0
"RAB41",0
"PDZD11",0
"KIF4A",0
"GDPD2",0
"DLG3",0
"DLG3-AS1",0
"TEX11",0
"SLC7A3",0
"SOCS5P4",0
"SNX12",0
"FOXO4",0
"CXorf65",0
"IL2RG",0
"MED12",0
"NLGN3",0
"GJB1",0
"ZMYM3",0
"NONO",0
"ITGB1BP2",0
"AL590762.6",0
"AL590762.7",0
"TAF1",0
"AL590762.10",0
"AL590762.11",0
"AL590763.5",0
"OGT",0
"ACRC",0
"CXCR3",0
"NHSL2",0
"RPS26P11",0
"RGAG4",0
"RP11-262D11.2",0
"BX119917.1",0
"PIN4",0
"RN7SL388P",0
"ERCC6L",0
"RPS4X",0
"CITED1",0
"HDAC8",0
"PHKA1",0
"DMRTC1B",0
"FAM226B",0
"RP1-172N19.1",0
"DMRTC1",0
"LINC00684",0
"RP11-493K23.1",0
"PABPC1L2B",0
"PABPC1L2A",0
"RP11-493K23.4",0
"NAP1L6",0
"NAP1L2",0
"AC004074.3",0
"CDX4",0
"MAP2K4P1",0
"CHIC1",0
"SEPHS1P4",0
"TSIX",0
"XIST",0
"RP13-216E22.4",0
"FTX",0
"RPSAP14",0
"RP13-36G14.3",0
"RP13-33H18.1",0
"UHRF2P1",0
"DDX3YP1",0
"MKRN5P",0
"USMG5P1",0
"BMP2KL",0
"RP3-368A4.5",0
"RAB11FIP1P1",0
"RP3-368A4.6",0
"MIR421",0
"MIR374B",0
"RN7SL648P",0
"PRKRIRP1",0
"RPS7P14",0
"SLC16A2",0
"HNRNPA1P25",0
"PABPC1P3",0
"RLIM",0
"ABCB7",0
"RP11-145B3.2",0
"UPRT",0
"RP11-311P8.2",0
"ZDHHC15",0
"BRAFP1",0
"TTC3P1",0
"MAGEE2",0
"SAR1AP4",0
"RP11-212D3.4",0
"RP3-481A17.1",0
"PBDC1",0
"LDHBP2",0
"MAGEE1",0
"RNA5SP508",0
"RP1-279N11.1",0
"FGF16",0
"ATRX",0
"MAGT1",0
"COX7B",0
"ATP7A",0
"RP5-1000K24.2",0
"PGAM4",0
"TAF9B",0
"CYSLTR1",0
"LPAR4",0
"ITM2A",0
"TBX22",0
"CHMP1B2P",0
"FAM46D",0
"HK2P1",0
"BRWD3",0
"RP11-325E14.5",0
"VDAC1P1",0
"SH3BGRL",0
"RP11-346E8.1",0
"RP3-326L13.2",0
"POU3F4",0
"RP3-326L13.3",0
"TERF1P4",0
"RPS6KA6",0
"HDX",0
"RP6-33F8.1",0
"APOOL",0
"SATL1",0
"RP5-928E24.2",0
"POF1B",0
"CHM",0
"RP6-145B8.3",0
"DACH2",0
"EEF1A1P29",0
"KLHL4",0
"RPSAP15",0
"RP13-140E4.1",0
"PABPC5-AS1",0
"PABPC5",0
"PCDH11X",0
"RNU2-26P",0
"VDAC1P3",0
"EIF4A1P10",0
"KRT18P11",0
"SNX3P1X",0
"RP13-258O15.1",0
"RP13-88F20.1",0
"ST13P18",0
"FAM133A",0
"PAICSP7",0
"RP5-961K14.1",0
"DIAPH2",0
"RPA4",0
"RN7SL74P",0
"DIAPH2-AS1",0
"RPSAP8",0
"PCDH19",0
"TNMD",0
"TSPAN6",0
"SRPX2",0
"RP11-524D16__A.3",0
"SYTL4",0
"CSTF2",0
"SNORA9",0
"NOX1",0
"HNRNPA1P26",0
"HNRNPA1P27",0
"LL0XNC01-131B10.2",0
"XKRX",0
"ARL13A",0
"TRMT2B",0
"TMEM35",0
"CENPI",0
"DRP2",0
"TAF7L",0
"NANOGNBP3",0
"RPL21P132",0
"TIMM8A",0
"BTK",0
"RPL36A",0
"GLA",0
"HNRNPH2",0
"ARMCX4",0
"RP1-164F3.8",0
"RP3-514P16.1",0
"ARMCX1",0
"RP4-545K15.3",0
"ARMCX6",0
"ARMCX3",0
"ARMCX3-AS1",0
"RP4-545K15.5",0
"RNU6-30P",0
"ARMCX2",0
"GHc-602D8.2",0
"RP1-232L22__B.1",0
"NXF5",0
"ZMAT1",0
"TCEAL2",0
"BEX5",0
"NXF2",0
"NXF2B",0
"TMSB15A",0
"NXF4",0
"ARMCX5",0
"RP4-769N13.6",0
"RP4-769N13.7",0
"RP5-1100E15.4",0
"GPRASP1",0
"RNU6-589P",0
"RP4-769N13.2",0
"GPRASP2",0
"BHLHB9",0
"LINC00630",0
"RP11-522L3.4",0
"MTND4P32",0
"MTND5P26",0
"RP11-522L3.11",0
"LL0XNC01-237H1.2",0
"RAB40AL",0
"LL0XNC01-237H1.3",0
"BEX1",0
"NXF3",0
"LL0XNC01-221F2.2",0
"BEX4",0
"TCEAL8",0
"TCEAL5",0
"BEX2",0
"TCEAL7",0
"WBP5",0
"NGFRAP1",0
"LL0XNC01-250H12.3",0
"RAB40A",0
"TCEAL4",0
"TCEAL3",0
"AL049610.1",0
"TCEAL3-AS1",0
"TCEAL1",0
"MORF4L2",0
"MORF4L2-AS1",0
"GLRA4",0
"TMEM31",0
"PLP1",0
"Z73964.1",0
"RAB9B",0
"RNA5SP511",0
"RP11-370B6.1",0
"LL0XNC01-116E7.1",0
"LL0XNC01-116E7.2",0
"TMSB15B",0
"LL0XNC01-116E7.4",0
"GHc-362H12.3",0
"H2BFXP",0
"H2BFWT",0
"H2BFM",0
"LL0XNC01-240C2.1",0
"SLC25A53",0
"ZCCHC18",0
"FAM199X",0
"ESX1",0
"IL1RAPL2",0
"KCTD9P2",0
"NRK",0
"MUM1L1",0
"CXorf57",0
"MIR548AN",0
"RNF128",0
"TBC1D8B",0
"MORC4",0
"RIPPLY1",0
"CLDN2",0
"RBM41",0
"NUP62CL",0
"RP13-383K5.4",0
"PIH1D3",0
"MYCLP1",0
"DNAJA1P3",0
"FRMPD3",0
"PRPS1",0
"TSC22D3",0
"MID2",0
"RP6-191P20.4",0
"TEX13B",0
"VSIG1",0
"PSMD10",0
"ATG4A",0
"COL4A6",0
"COL4A5",0
"RP6-24A23.7",0
"IRS4",0
"RP6-24A23.3",0
"CTD-2328D6.1",0
"GUCY2F",0
"NXT2",0
"KCNE1L",0
"ACSL4",0
"TMEM164",0
"AMMECR1",0
"AMMECR1-IT1",0
"GNG5P2",0
"RGAG1",0
"TDGF1P3",0
"CHRDL1",0
"PAK3",0
"FCF1P4",0
"CAPN6",0
"DCX",0
"LINC00890",0
"RP11-111F16.2",0
"EIF4BP7",0
"ALG13",0
"ALG13-AS1",0
"TRPC5",0
"TRPC5OS",0
"ZCCHC16",0
"LHFPL1",0
"AMOT",0
"RP5-964N17.1",0
"QTRT1P1",0
"RPL36AP53",0
"SNORA35",0
"HSPA8P7",0
"RP11-810O3.2",0
"IL13RA2",0
"LRCH2",0
"RBMXL3",0
"RP5-878I13.2",0
"RP1-93I3.1",0
"EEF1GP5",0
"RP1-241P17.4",0
"RP1-241P17.1",0
"RP11-761E20.1",0
"API5P1",0
"AGTR2",0
"SLC6A14",0
"CT83",0
"RP11-232D9.1",0
"KLHL13",0
"WDR44",0
"DOCK11",0
"RBBP8P1",0
"IL13RA1",0
"ZCCHC12",0
"RP4-562J12.2",0
"RP4-562J12.1",0
"LONRF3",0
"KIAA1210",0
"HNRNPA1P28",0
"PGRMC1",0
"AKAP17BP",0
"RP5-1139I1.1",0
"SLC25A43",0
"SLC25A5-AS1",0
"SLC25A5",0
"CXorf56",0
"UBE2A",0
"NKRF",0
"SEPT6",0
"MIR766",0
"SOWAHD",0
"RPL39",0
"SNORA69",0
"RNF113A",0
"NDUFA1",0
"AKAP14",0
"RP3-327A19.5",0
"AC002477.1",0
"NKAP",0
"GS1-421I3.2",0
"RP4-755D9.1",0
"RHOXF1",0
"GS1-421I3.4",0
"NKAPP1",0
"RHOXF2",0
"RP3-525N14.2",0
"EEF1A1P30",0
"ZBTB33",0
"TMEM255A",0
"ATP1B4",0
"LAMP2",0
"CUL4B",0
"MCTS1",0
"C1GALT1C1",0
"PA2G4P1",0
"GLUD2",0
"HSPA8P1",0
"RP13-192B19.2",0
"GRIA3",0
"AL356213.1",0
"RP11-349N19.2",0
"THOC2",0
"FERP1",0
"XIAP",0
"XIAP-AS1",0
"RNU6-122P",0
"RP1-315G1.1",0
"RP1-315G1.3",0
"STAG2",0
"SH2D1A",0
"RP1-161N10.1",0
"DCAF12L2",0
"MTND4P24",0
"DCAF12L1",0
"CXorf64",0
"RP1-30E17.2",0
"RP11-41L14.1",0
"SMARCA1",0
"OCRL",0
"XPNPEP2",0
"SASH3",0
"RP4-753P9.3",0
"ZDHHC9",0
"RP4-537K23.4",0
"UTP14A",0
"BCORL1",0
"ELF4",0
"AIFM1",0
"RAB33A",0
"ZNF280C",0
"SLC25A14",0
"RBMX2",0
"RP1-274L7.1",0
"FAM45B",0
"ENOX2",0
"RP5-875H3.2",0
"RP1-23K20.2",0
"ARHGAP36",0
"IGSF1",0
"OR11N1P",0
"OR5AW1P",0
"OR5BH1P",0
"AL135784.1",0
"OR13H1",0
"OR13K1P",0
"RP11-453F18__B.1",0
"RP11-512H23.2",0
"RP1-197O17.2",0
"FRMD7",0
"RAP2C",0
"RAP2C-AS1",0
"MBNL3",0
"HS6ST2",0
"HS6ST2-AS1",0
"RP3-363L9.1",0
"USP26",0
"GPC4",0
"GPC3",0
"MIR363",0
"MIR92A2",0
"MIR19B2",0
"MIR20B",0
"MIR18B",0
"MIR106A",0
"CCDC160",0
"PHF6",0
"AL591668.1",0
"HPRT1",0
"AC004383.3",0
"MIR503HG",0
"MIR503",0
"LINC00629",0
"PLAC1",0
"FAM122B",0
"FAM122C",0
"MOSPD1",0
"Z83826.1",0
"RNU6-616P",0
"RP3-473B4.3",0
"SMIM10",0
"FAM127C",0
"FAM127A",0
"FAM127B",0
"RP11-85L21.4",0
"NCLP2",0
"CT55",0
"RP13-565O16.2",0
"ZNF75D",0
"RP13-210D15.4",0
"ZNF449",0
"LINC00086",0
"RNA5SP515",0
"CROCCP1",0
"DDX26B-AS1",0
"DDX26B",0
"AL391380.1",0
"RP11-97N5.2",0
"MMGT1",0
"SLC9A6",0
"FHL1",0
"MAP7D3",0
"GPR112",0
"BRS3",0
"HTATSF1",0
"ARHGEF6",0
"RANP4",0
"RP11-1114A5.4",0
"RP11-1114A5.5",0
"RBMX",0
"RP11-308D16.4",0
"RP11-308D16.2",0
"SRRM1P3",0
"AL390879.1",0
"GPR101",0
"RP1-137H15.2",0
"ZIC3",0
"ZFYVE9P1",0
"RP6-27P15.2",0
"FGF13",0
"FGF13-AS1",0
"SRD5A1P1",0
"F9",0
"MCF2",0
"ATP11C",0
"HNRNPA3P3",0
"RP11-364B14.3",0
"SOX3",0
"LINC00632",0
"CDR1",0
"RP3-507I15.2",0
"LDOC1",0
"SPANXC",0
"RBMX2P2",0
"SPANXA2-OT1",0
"MAGEC3",0
"SPANXN3",0
"SLITRK4",0
"RP3-526F5.2",0
"UBE2NL",0
"TMEM257",0
"RP1-203P18.1",0
"L29074.3",0
"FMR1-AS1",0
"FMR1",0
"FMR1-IT1",0
"FMR1NB",0
"FTH1P8",0
"AC002368.4",0
"AFF2",0
"AF011889.2",0
"IDSP1",0
"LINC00893",0
"CXorf40A",0
"RP5-937E21.8",0
"HSFX2",0
"TMEM185A",0
"TMEM185AP1",0
"HSFX1",0
"MAGEA8-AS1",0
"MAGEA8",0
"CXorf40B",0
"LINC00894",0
"RP11-49C9.2",0
"XRCC6P2",0
"MAMLD1",0
"MTM1",0
"MTMR1",0
"CD99L2",0
"RP11-316K19.3",0
"HMGB3",0
"GPR50-AS1",0
"GPR50",0
"AF003625.3",0
"VMA21",0
"WI2-80269A6.1",0
"XX-FW80269A6.1",0
"PASD1",0
"PRRG3",0
"FATE1",0
"MAGEA4",0
"GABRE",0
"RP11-329E24.6",0
"GABRA3",0
"RNU6-764P",0
"GABRQ",0
"RP1-14D6.2",0
"CETN2",0
"NSDHL",0
"ZNF185",0
"PNMA5",0
"PNMA6C",0
"PNMA6A",0
"PNMA6D",0
"PNMA6B",0
"U82670.4",0
"LL0XNC01-16G2.1",0
"ZNF275",0
"ZFP92",0
"U82695.10",0
"TREX2",0
"HAUS7",0
"U82695.9",0
"BGN",0
"ATP2B3",0
"FAM58A",0
"RP11-66N11.8",0
"KRT18P48",0
"RP11-66N11.6",0
"DUSP9",0
"RN7SL687P",0
"PNCK",0
"SLC6A8",0
"BCAP31",0
"ABCD1",0
"U52111.14",0
"PLXNB3",0
"SRPK3",0
"IDH3G",0
"SSR4",0
"PDZD4",0
"CYCSP45",0
"AVPR2",0
"ARHGAP4",0
"NAA10",0
"RENBP",0
"HCFC1",0
"HCFC1-AS1",0
"TMEM187",0
"IRAK1",0
"MECP2",0
"TKTL1",0
"XX-FW83128A1.2",0
"FLNA",0
"EMD",0
"DNASE1L1",0
"TAZ",0
"BX936347.1",0
"GDI1",0
"FAM50A",0
"PLXNA3",0
"LAGE3",0
"UBL4A",0
"SLC10A3",0
"FAM3A",0
"WI2-89031B12.1",0
"G6PD",0
"IKBKG",0
"ATF4P1",0
"IKBKGP1",0
"GAB3",0
"DKC1",0
"MPP1",0
"HMGN1P37",0
"H2AFB1",0
"F8A1",0
"FUNDC2",0
"MTCP1",0
"BRCC3",0
"VBP1",0
"RAB39B",0
"CLIC2",0
"RP13-228J13.6",0
"RP13-228J13.8",0
"RP13-228J13.10",0
"RP13-228J13.1",0
"RP13-228J13.5",0
"H2AFB2",0
"F8A2",0
"F8A3",0
"H2AFB3",0
"TMLHE-AS1",0
"RP11-218L14.4",0
"SPRY3",0
"VAMP7",0
"TRPC6P",0
"IL9R",0
"WASIR1",0
"WASH6P",0
"DDX11L16",0
"AC144568.4",0
"OR4F21",0
"RP11-585F1.6",0
"RPL23AP53",0
"ZNF596",0
"RP5-855D21.3",0
"RP5-855D21.1",0
"RP5-855D21.2",0
"RP11-63E5.1",0
"RP11-63E5.6",0
"FAM87A",0
"FBXO25",0
"RP11-91J19.3",0
"RP11-91J19.4",0
"TDRP",0
"ERICH1",0
"RP11-43A14.1",0
"ERICH1-AS1",0
"CTD-2281E23.2",0
"CTD-2281E23.3",0
"CTD-2281E23.1",0
"AF067845.1",0
"DLGAP2",0
"RP11-666I19.2",0
"CLN8",0
"ARHGEF10",0
"KBTBD11-OT1",0
"RP11-439C15.4",0
"KBTBD11",0
"MYOM2",0
"AC133633.1",0
"RP11-134O21.1",0
"CSMD1",0
"PAICSP4",0
"RP11-281H11.1",0
"RP11-115C21.2",0
"MCPH1",0
"RP11-115C21.4",0
"ANGPT2",0
"CTD-2541M15.1",0
"CTD-2541M15.4",0
"AGPAT5",0
"MIR4659B",0
"XKR5",0
"GS1-24F4.2",0
"DEFB1",0
"AF228730.8",0
"AF228730.1",0
"RPS3AP30",0
"AF228730.12",0
"OR7E125P",0
"DEFB109P1B",0
"USP17L1P",0
"SPAG11B",0
"DEFB104B",0
"PRR23D1",0
"OR7E157P",0
"OR7E154P",0
"SPAG11A",0
"FAM66E",0
"FAM90A24P",0
"FAM90A12P",0
"RP11-52B19.1",0
"AC068020.1",0
"ENPP7P1",0
"FAM85B",0
"FAM86B3P",0
"ALG1L13P",0
"CTD-3023L14.2",0
"CLDN23",0
"RP11-62H7.3",0
"ERI1",0
"PPP1R3B",0
"RP11-10A14.4",0
"RP11-10A14.6",0
"RP11-10A14.5",0
"RP11-375N15.2",0
"TNKS",0
"RP11-1081K18.1",0
"LINC00599",0
"RP11-1E4.1",0
"MSRA",0
"RP11-981G7.1",0
"RP11-981G7.2",0
"RNU6-729P",0
"RP11-981G7.3",0
"PRSS51",0
"RP11-981G7.6",0
"PRSS55",0
"RP1L1",0
"SOX7",0
"CTD-2135J3.3",0
"PINX1",0
"RP11-177H2.2",0
"XKR6",0
"AF131215.6",0
"AF131215.9",0
"AF131215.2",0
"AF131215.5",0
"AF131215.4",0
"AF131215.1",0
"AF131215.8",0
"CTC-493P15.2",0
"MTMR9",0
"AF131216.6",0
"SLC35G5",0
"TDH",0
"AF131216.5",0
"C8orf12",0
"FAM167A",0
"BLK",0
"RP11-148O21.6",0
"RP11-148O21.3",0
"RP11-148O21.4",0
"RP11-148O21.2",0
"GATA4",0
"NEIL2",0
"SUB1P1",0
"FDFT1",0
"RP11-297N6.4",0
"RP11-589N15.2",0
"OR7E158P",0
"DEFB134",0
"RP11-481A20.4",0
"RP11-481A20.10",0
"RP11-481A20.11",0
"ZNF705D",0
"FAM66D",0
"RP11-1236K1.8",0
"USP17L7",0
"USP17L2",0
"FAM90A2P",0
"ALG1L11P",0
"AC145124.1",0
"FAM86B1",0
"FAM85A",0
"ENPP7P12",0
"FAM66A",0
"RP11-351I21.6",0
"DEFB109P1",0
"LINC00965",0
"FAM90A25P",0
"ALG1L12P",0
"AC087203.1",0
"FAM86B2",0
"ENPP7P6",0
"RP11-419I17.1",0
"AC130352.1",0
"RPS3AP34",0
"AC068587.2",0
"RP11-303G3.6",0
"RPS3AP35",0
"AC068587.1",0
"LONRF1",0
"KIAA1456",0
"RP11-369K16.1",0
"DLC1",0
"RP11-10C8.2",0
"MTND4P7",0
"C8orf48",0
"RP11-145O15.2",0
"SGCZ",0
"RP11-138H14.1",0
"TUSC3",0
"PPM1AP1",0
"MSR1",0
"FGF20",0
"MICU3",0
"RP11-468H14.2",0
"RP11-468H14.1",0
"ZDHHC2",0
"RP11-242F4.2",0
"CNOT7",0
"VPS37A",0
"MTMR7",0
"SLC7A2",0
"MTUS1",0
"RP11-326L2.1",0
"RP11-156K13.1",0
"RP11-806O11.1",0
"FGL1",0
"PCM1",0
"ASAH1",0
"CTD-2547L16.1",0
"CTD-2547L16.3",0
"RP11-685B14.3",0
"NAT2",0
"PSD3",0
"RP11-161I2.1",0
"RPL35P6",0
"RP11-420B22.1",0
"RP11-420B22.2",0
"RP11-1080G15.1",0
"RP11-618M23.1",0
"SH2D4A",0
"CSGALNACT1",0
"INTS10",0
"LPL",0
"SLC18A1",0
"ATP6V1B2",0
"RNU6-892P",0
"LZTS1",0
"LZTS1-AS1",0
"RP11-563N12.2",0
"RP11-108E14.1",0
"GFRA2",0
"DOK2",0
"DMTN",0
"NUDT18",0
"HR",0
"REEP4",0
"LGI3",0
"SFTPC",0
"BMP1",0
"AC105206.1",0
"PHYHIP",0
"MIR320A",0
"POLR3D",0
"CTD-2530N21.4",0
"PIWIL2",0
"SLC39A14",0
"PPP3CC",0
"RP11-382J24.2",0
"RP11-582J16.4",0
"SORBS3",0
"PDLIM2",0
"C8orf58",0
"CCAR2",0
"RP11-582J16.5",0
"BIN3",0
"CTD-3247F14.2",0
"EGR3",0
"PEBP4",0
"RP11-87E22.2",0
"RP11-875O11.1",0
"RHOBTB2",0
"TNFRSF10B",0
"RP11-875O11.2",0
"RP11-875O11.3",0
"TNFRSF10C",0
"TNFRSF10D",0
"RP11-1149O23.2",0
"TNFRSF10A",0
"RP11-1149O23.3",0
"CHMP7",0
"R3HCC1",0
"LOXL2",0
"RP11-177H13.2",0
"ENTPD4",0
"CTC-756D1.2",0
"CTC-756D1.1",0
"CTC-756D1.3",0
"SLC25A37",0
"NKX3-1",0
"NKX2-6",0
"STC1",0
"RP11-203E8.1",0
"ADAM28",0
"RP11-624C23.1",0
"ADAMDEC1",0
"ADAM7",0
"RP11-561E1.1",0
"GS1-72M22.1",0
"NEFM",0
"NEFL",0
"CTD-2168K21.1",0
"RN7SL651P",0
"DOCK5",0
"GNRH1",0
"RP11-395I14.2",0
"KCTD9",0
"CDCA2",0
"PPP2R2A",0
"SDAD1P1",0
"BNIP3L",0
"RP11-14I17.1",0
"PNMA2",0
"RP11-1G11.2",0
"ADRA1A",0
"COX6B1P4",0
"RP11-521M14.1",0
"STMN4",0
"TRIM35",0
"PTK2B",0
"CHRNA2",0
"EPHX2",0
"GULOP",0
"CLU",0
"SCARA3",0
"CCDC25",0
"RP11-16P20.3",0
"ESCO2",0
"PBK",0
"RP11-1149M3.2",0
"SCARA5",0
"NUGGC",0
"ELP3",0
"RP11-380I10.2",0
"RP11-380I10.4",0
"PNOC",0
"ZNF395",0
"FBXO16",0
"RP11-181B11.1",0
"RNU6-178P",0
"RP11-181B11.2",0
"FZD3",0
"RNA5SP259",0
"EXTL3-AS1",0
"INTS9",0
"RP11-662B19.2",0
"RP11-662B19.1",0
"RNA5SP260",0
"CTD-2647L4.4",0
"KIF13B",0
"CTD-2647L4.1",0
"RP4-676L2.1",0
"LINC00589",0
"RP11-94H18.1",0
"MAP2K1P1",0
"LEPROTL1",0
"RPS15AP24",0
"MBOAT4",0
"RP11-51J9.5",0
"DCTN6",0
"RP11-51J9.4",0
"RP11-51J9.6",0
"HSPA8P11",0
"TUBBP1",0
"RBPMS-AS1",0
"RBPMS",0
"GTF2E2",0
"CTD-2373N4.5",0
"SMIM18",0
"RNU5A-3P",0
"GSR",0
"UBXN8",0
"PPP2CB",0
"TEX15",0
"RP5-1009N12.1",0
"RP11-293D9.2",0
"PURG",0
"WRN",0
"SUMO2P16",0
"RP11-363L24.3",0
"RP11-363L24.2",0
"NRG1",0
"NRG1-IT1",0
"NRG1-IT2",0
"RNA5SP262",0
"RNA5SP263",0
"RP11-1002K11.1",0
"RP11-11N9.4",0
"MTND1P6",0
"MTND2P32",0
"RP11-722E23.2",0
"FUT10",0
"TTI2",0
"MAK16",0
"RNF122",0
"RN7SL621P",0
"DUSP26",0
"RP11-317N12.1",0
"RP1-273G13.2",0
"RP11-734J24.1",0
"UNC5D",0
"LSM12P1",0
"RP11-473J6.1",0
"KCNU1",0
"RP11-419C23.1",0
"RP11-527N22.1",0
"RP11-150O12.1",0
"RP11-150O12.2",0
"RP11-150O12.6",0
"RP11-150O12.5",0
"RP11-150O12.3",0
"ZNF703",0
"RP11-863K10.7",0
"RP11-863K10.4",0
"PROSC",0
"GPR124",0
"BRF2",0
"RAB11FIP1",0
"ADRB3",0
"EIF4EBP1",0
"KB-1836B5.1",0
"KB-1836B5.4",0
"ASH2L",0
"STAR",0
"LSM1",0
"RP11-90P5.7",0
"BAG4",0
"DDHD2",0
"PPAPDC1B",0
"WHSC1L1",0
"RP11-513D5.5",0
"RP11-350N15.5",0
"LETM2",0
"RP11-350N15.3",0
"RP11-350N15.6",0
"FGFR1",0
"RP11-350N15.4",0
"RPS20P22",0
"C8orf86",0
"RP11-675F6.3",0
"RP11-675F6.4",0
"TACC1",0
"RP11-723D22.2",0
"RP11-723D22.3",0
"PLEKHA2",0
"HTRA4",0
"TM2D2",0
"ADAM9",0
"ADAM32",0
"ADAM5",0
"ADAM18",0
"IDO1",0
"RP11-44K6.3",0
"RP11-44K6.2",0
"RP11-44K6.4",0
"IDO2",0
"RP11-301G7.1",0
"RPS29P2",0
"CTD-3080F16.3",0
"GOLGA7",0
"KRT18P37",0
"GINS4",0
"RP11-360L9.4",0
"RP11-360L9.7",0
"AGPAT6",0
"NKX6-3",0
"ANK1",0
"MIR486",0
"RP11-930P14.1",0
"RP11-930P14.2",0
"AC090571.1",0
"RP11-589C21.6",0
"AP3M2",0
"RP11-231D20.2",0
"IKBKB",0
"POLB",0
"RPL5P23",0
"DKK4",0
"VDAC3",0
"SLC20A2",0
"RP11-1007J8.1",0
"RP11-503E24.2",0
"SMIM19",0
"RP11-503E24.3",0
"CHRNB3",0
"RP11-412B14.1",0
"CHRNA6",0
"THAP1",0
"RNF170",0
"RN7SL806P",0
"MIR4469",0
"HOOK3",0
"FNTA",0
"RNU1-124P",0
"RP11-598P20.3",0
"HGSNAT",0
"AFG3L2P1",0
"HSPA8P13",0
"ASNSP1",0
"MAPK6PS4",0
"RP11-1134I14.8",0
"ATP6V1G1P2",0
"SPIDR",0
"RP11-697N18.3",0
"RP11-697N18.4",0
"CEBPD",0
"PRKDC",0
"MCM4",0
"UBE2V2",0
"RPL29P19",0
"RP11-770E5.1",0
"RP11-567J20.2",0
"EFCAB1",0
"SNAI2",0
"RP11-109P6.2",0
"RP11-401N18.1",0
"SNTG1",0
"RP11-759A9.2",0
"PXDNL",0
"RP11-11C20.3",0
"PCMTD1",0
"RP11-110G21.2",0
"RP11-110G21.1",0
"RP11-546K22.3",0
"RP11-546K22.1",0
"ST18",0
"RP11-26M5.3",0
"FAM150A",0
"RB1CC1",0
"CTD-3214K23.1",0
"NPBWR1",0
"OPRK1",0
"RP11-1081M5.2",0
"RP11-1081M5.1",0
"RP11-400K9.4",0
"ATP6V1H",0
"RGS20",0
"RP11-1070A24.1",0
"TCEA1",0
"RP11-30L15.4",0
"RP11-30L15.6",0
"LYPLA1",0
"TDGF1P5",0
"MRPL15",0
"RNU6ATAC32P",0
"SOX17",0
"RP11-53M11.2",0
"RP1",0
"XKR4",0
"RP11-386G21.1",0
"RP11-386G21.2",0
"SBF1P1",0
"RP11-628E19.2",0
"TMEM68",0
"TGS1",0
"LYN",0
"RN7SL798P",0
"RP11-446E9.2",0
"RPS20",0
"CTA-397H3.3",0
"NPM1P21",0
"MOS",0
"PLAG1",0
"CHCHD7",0
"RP11-140I16.3",0
"SDR16C5",0
"PENK",0
"RP11-17A4.2",0
"RP11-17A4.1",0
"AC032027.1",0
"IMPAD1",0
"RP11-513O17.2",0
"RP11-246K15.1",0
"CTD-2339F6.1",0
"RP11-1112C15.1",0
"FAM110B",0
"RP11-648L3.2",0
"RP11-648L3.1",0
"UBXN2B",0
"RP11-114M5.1",0
"CYP7A1",0
"SDCBP",0
"NSMAF",0
"AC068522.4",0
"TOX",0
"RP11-25K19.1",0
"CA8",0
"RP11-163N6.2",0
"RAB2A",0
"RP11-91I20.3",0
"RP11-91I20.2",0
"RP11-91I20.1",0
"CHD7",0
"RP11-33I11.2",0
"AC022182.1",0
"AC022182.2",0
"AC022182.3",0
"NPM1P6",0
"RP11-787D18.1",0
"ASPH",0
"KRT8P3",0
"RN7SKP97",0
"RP11-705O24.1",0
"NKAIN3",0
"RP11-577N1.2",0
"XRCC6P4",0
"RP11-442A17.2",0
"RP11-659E9.2",0
"GGH",0
"RP11-659E9.4",0
"TTPA",0
"RP11-16E18.1",0
"YTHDF3-AS1",0
"YTHDF3",0
"RP11-16E18.3",0
"CTD-3046C4.1",0
"IFITM8P",0
"RP11-45K10.2",0
"RP11-573J24.1",0
"RP11-32K4.1",0
"RP11-579E24.2",0
"RP11-579E24.1",0
"LINC00966",0
"MIR124-2",0
"RP11-21C4.1",0
"BHLHE22",0
"CYP7B1",0
"CTD-3025N20.3",0
"ARMC1",0
"MTFR1",0
"RP11-707M3.3",0
"PDE7A",0
"CTD-2532N20.1",0
"DNAJC5B",0
"AC084082.3",0
"TRIM55",0
"CRH",0
"RP11-346I3.4",0
"RRS1",0
"ADHFE1",0
"C8orf46",0
"MYBL1",0
"VCPIP1",0
"C8orf44-SGK3",0
"C8orf44",0
"SGK3",0
"MCMDC2",0
"SNHG6",0
"TCF24",0
"PPP1R42",0
"RP11-409C19.2",0
"COPS5",0
"AC109335.1",0
"CSPP1",0
"RNA5SP268",0
"RP11-453N18.1",0
"ARFGEF1",0
"RP11-7F18.2",0
"CPA6",0
"RP11-396J6.1",0
"PREX2",0
"RP11-664D7.4",0
"C8orf34",0
"RP11-865I6.2",0
"RP11-600K15.1",0
"GS1-44D20.1",0
"SULF1",0
"SLCO5A1",0
"RN7SKP29",0
"RP11-102F4.2",0
"RP11-159H10.4",0
"RP11-159H10.3",0
"RP11-159H10.1",0
"PRDM14",0
"RNU1-101P",0
"RP11-152C15.1",0
"NCOA2",0
"RP11-333A23.4",0
"TRAM1",0
"RP11-382J12.1",0
"LACTB2",0
"RP11-326E22.1",0
"EYA1",0
"RP11-1102P16.1",0
"RP11-1144P22.1",0
"RP11-281N10.1",0
"RP11-383H13.1",0
"MSC",0
"TRPA1",0
"RP11-142A23.1",0
"RP11-656G20.1",0
"KCNB2",0
"HAUS1P3",0
"RP11-313C15.1",0
"RP11-531A24.3",0
"TERF1",0
"RP11-531A24.7",0
"RP11-531A24.5",0
"SBSPON",0
"RPL7",0
"RDH10",0
"RP11-434I12.2",0
"STAU2-AS1",0
"STAU2",0
"RP11-181D18.4",0
"RP11-463D19.1",0
"UBE2W",0
"RP11-99A14.1",0
"TCEB1",0
"TMEM70",0
"RP11-367E12.4",0
"RP1-16A9.1",0
"JPH1",0
"GDAP1",0
"CTD-2320G14.2",0
"RP11-758M4.1",0
"RP11-730G20.2",0
"RP11-730G20.1",0
"RP11-758M4.4",0
"PI15",0
"RP11-3N13.2",0
"CRISPLD1",0
"RP11-300E4.2",0
"RP11-697M17.2",0
"CASC9",0
"HNF4G",0
"LINC01109",0
"LINC01111",0
"ZFHX4-AS1",0
"RP11-115I9.1",0
"MRPL9P1",0
"ZFHX4",0
"hsa-mir-3149",0
"PEX2",0
"RP11-38H17.1",0
"RP11-594N15.2",0
"PKIA",0
"RP11-594N15.3",0
"ZC2HC1A",0
"IL7",0
"RP11-578O24.2",0
"PRKRIRP7",0
"RP11-79H23.3",0
"RP11-1114I9.1",0
"RPL3P9",0
"STMN2",0
"HEY1",0
"RP11-27N21.3",0
"RP11-26J3.1",0
"MRPS28",0
"RP11-26J3.3",0
"TPD52",0
"RP11-92K15.3",0
"ZBTB10",0
"RP11-48B3.3",0
"RP11-48B3.4",0
"RPSAP47",0
"ZNF704",0
"CKS1BP7",0
"HMGB1P41",0
"PAG1",0
"RP11-1149M10.2",0
"RP11-363E6.4",0
"RP11-363E6.3",0
"FABP5",0
"PMP2",0
"FABP4",0
"RP11-257P3.3",0
"FTH1P11",0
"FABP12",0
"IMPA1P",0
"NIPA2P4",0
"SLC10A5P1",0
"IMPA1",0
"SLC10A5",0
"ZFAND1",0
"CHMP4C",0
"RP13-923O23.6",0
"SNX16",0
"HNRNPA1P36",0
"RP11-354A14.1",0
"HNRNPA1P4",0
"RALYL",0
"RP11-98H4.4",0
"LRRCC1",0
"RP11-219B4.7",0
"E2F5",0
"RP11-219B4.3",0
"C8orf59",0
"CA13",0
"RP11-219B4.5",0
"CA1",0
"CA3",0
"RP11-317J10.2",0
"CA2",0
"ATP6V0D2",0
"PSKH2",0
"CTD-2284J15.1",0
"WWP1",0
"RMDN1",0
"NTAN1P2",0
"CPNE3",0
"SLC2A3P4",0
"CNGB3",0
"RP11-386D6.1",0
"DCAF4L2",0
"CTB-118P15.2",0
"MMP16",0
"RP11-586K2.1",0
"RP11-69I13.1",0
"RP11-642C5.1",0
"RP11-37B2.1",0
"RIPK2",0
"RNU6-925P",0
"OSGIN2",0
"NBN",0
"DECR1",0
"CALB1",0
"LINC00534",0
"AB015752.3",0
"TMEM64",0
"RP11-68L18.1",0
"NECAB1",0
"C8orf88",0
"TMEM55A",0
"GS1-251I9.3",0
"GS1-251I9.4",0
"OTUD6B",0
"LRRC69",0
"CTD-2114J12.1",0
"SLC26A7",0
"RP11-122C21.1",0
"RUNX1T1",0
"GS1-5L10.1",0
"RP11-100L22.2",0
"CTD-3239E11.2",0
"TRIQK",0
"LINC00535",0
"ZNF317P1",0
"FAM92A1",0
"CTD-2006H14.2",0
"RP11-10N23.2",0
"RBM12B",0
"RBM12B-AS1",0
"RP11-10N23.5",0
"TMEM67",0
"RP3-388N13.3",0
"PDP1",0
"MIR378D2",0
"RPL34P18",0
"CDH17",0
"GEM",0
"RPS4XP10",0
"RAD54B",0
"FSBP",0
"KIAA1429",0
"RP11-267M23.3",0
"AC023632.1",0
"RP11-267M23.4",0
"RP11-267M23.6",0
"RP11-22C11.2",0
"ESRP1",0
"DPY19L4",0
"INTS8",0
"CCNE2",0
"RP11-347C18.5",0
"RP11-347C18.1",0
"NDUFAF6",0
"TP53INP1",0
"RP11-347C18.3",0
"RP11-347C18.4",0
"RNU6-1209P",0
"MIR3150A",0
"RP11-320N21.2",0
"PLEKHF2",0
"KB-1047C11.2",0
"C8orf37",0
"GDF6",0
"UQCRB",0
"KB-1043D8.6",0
"MTERFD1",0
"PTDSS1",0
"CPQ",0
"MTDH",0
"RNU7-177P",0
"LAPTM4B",0
"KB-1589B1.4",0
"SUMO2P18",0
"RPS23P1",0
"MATN2",0
"RPL30",0
"KB-1208A12.3",0
"RNU6-703P",0
"C8orf47",0
"HRSP12",0
"POP1",0
"NIPAL2",0
"KB-1458E12.1",0
"STK3",0
"KCNS2",0
"KB-1517D11.4",0
"RP11-44N12.5",0
"RP11-410L14.2",0
"AC104986.1",0
"RP11-410L14.1",0
"VPS13B",0
"AP004290.1",0
"AP004289.2",0
"AC018442.1",0
"COX6C",0
"RGS22",0
"FBXO43",0
"POLR2K",0
"SPAG1",0
"RP11-316J7.4",0
"RNF19A",0
"ANKRD46",0
"GAPDHP62",0
"SNX31",0
"PABPC1",0
"AP001205.1",0
"RPS26P6",0
"RP11-521I2.3",0
"YWHAZ",0
"RP11-302J23.1",0
"KB-1460A1.1",0
"KB-1460A1.2",0
"KB-1460A1.3",0
"KB-1460A1.5",0
"ZNF706",0
"KB-1410C5.5",0
"NACAP1",0
"GRHL2",0
"NCALD",0
"RRM2B",0
"KB-431C1.4",0
"SUMO2P19",0
"UBR5",0
"KB-431C1.5",0
"KB-1980E6.2",0
"KB-1980E6.3",0
"ODF1",0
"KLF10",0
"KB-1732A1.1",0
"AZIN1",0
"KB-1254G8.1",0
"KB-1507C5.2",0
"KB-1507C5.3",0
"RPL5P24",0
"KB-1507C5.4",0
"ATP6V1C1",0
"KB-1639H6.4",0
"C8orf56",0
"BAALC",0
"RP11-318M2.2",0
"FZD6",0
"CTHRC1",0
"RP11-1C8.6",0
"RNU6-1011P",0
"SLC25A32",0
"DCAF13",0
"RP11-1C8.5",0
"RP11-1C8.7",0
"RP11-1C8.4",0
"RP11-5A11.1",0
"RP11-5A11.2",0
"RP11-771F20.1",0
"DPYS",0
"DCSTAMP",0
"MIR548A3",0
"LRP12",0
"NDUFA5P2",0
"RP11-127H5.1",0
"ZFPM2",0
"RP11-152P17.2",0
"RP11-395G23.3",0
"OXR1",0
"RP11-649G15.2",0
"TAGLN2P1",0
"RNU7-84P",0
"ABRA",0
"ANGPT1",0
"RSPO2",0
"NRBF2P4",0
"AP001331.1",0
"EIF3E",0
"RP11-35G22.1",0
"EMC2",0
"TMEM74",0
"RP11-1084E5.1",0
"TRHR",0
"RP11-122A21.2",0
"ENY2",0
"PKHD1L1",0
"EBAG9",0
"SYBU",0
"RP11-422N16.3",0
"KCNV1",0
"CSMD3",0
"RP11-267L5.1",0
"RP11-393K19.1",0
"TRPS1",0
"LINC00536",0
"EIF3H",0
"UTP23",0
"RAD21",0
"RAD21-AS1",0
"AARD",0
"SLC30A8",0
"RP11-654G14.1",0
"MED30",0
"RPS10P16",0
"EXT1",0
"SAMD12",0
"AC023590.1",0
"TNFRSF11B",0
"COLEC10",0
"RP11-4K16.2",0
"NOV",0
"ENPP2",0
"TAF2",0
"DSCC1",0
"RN7SL396P",0
"KB-1471A8.1",0
"DEPTOR",0
"RP11-760H22.2",0
"COL14A1",0
"MRPL13",0
"MTBP",0
"SNTB1",0
"CTC-820M8.1",0
"RP11-713M15.1",0
"RP11-713M15.2",0
"HAS2",0
"HAS2-AS1",0
"RP11-44N11.2",0
"RP11-44N11.3",0
"ZHX2",0
"RP11-44N11.1",0
"RP11-557C18.3",0
"DERL1",0
"TBC1D31",0
"HMGB1P19",0
"FAM83A",0
"FAM83A-AS1",0
"C8orf76",0
"ZHX1-C8ORF76",0
"UBA52P5",0
"ZHX1",0
"RP11-468O2.1",0
"ATAD2",0
"RNU6-875P",0
"MIR548D1",0
"DUTP2",0
"IMPDH1P6",0
"WDYHV1",0
"FBXO32",0
"ANXA13",0
"FAM91A1",0
"FER1L6",0
"FER1L6-AS2",0
"RP11-37N22.1",0
"RP11-383J24.2",0
"RP11-383J24.6",0
"TMEM65",0
"RNF139",0
"TATDN1",0
"RP11-158K1.3",0
"NDUFB9",0
"MTSS1",0
"RP11-532M24.1",0
"LINC00964",0
"ZNF572",0
"RP11-6D1.3",0
"SQLE",0
"KIAA0196",0
"KIAA0196-AS1",0
"NSMCE2",0
"RP11-550A5.2",0
"TRIB1",0
"LINC00861",0
"RP11-65D17.1",0
"FAM84B",0
"RP11-89K10.1",0
"PCAT1",0
"PRNCR1",0
"CASC19",0
"CCAT1",0
"CASC8",0
"RP11-382A18.2",0
"POU5F1B",0
"CASC11",0
"MYC",0
"PVT1",0
"TMEM75",0
"RNU4-25P",0
"MIR1208",0
"RP11-89M16.1",0
"LINC00977",0
"GSDMC",0
"RP11-473O4.5",0
"FAM49B",0
"RP11-473O4.1",0
"RP11-473O4.4",0
"RP11-473O4.3",0
"ASAP1",0
"ADCY8",0
"RP11-737F9.1",0
"CTD-2501M5.1",0
"EFR3A",0
"OC90",0
"HHLA1",0
"KCNQ3",0
"HPYR1",0
"LRRC6",0
"TMEM71",0
"PHF20L1",0
"CTC-137K3.1",0
"AF230666.2",0
"TG",0
"SLA",0
"WISP1",0
"NDRG1",0
"ST13P6",0
"ST3GAL1",0
"RP11-629O1.2",0
"ZFAT",0
"AC083843.1",0
"AC083843.2",0
"AC083843.3",0
"RP11-343P9.1",0
"KHDRBS3",0
"MAPRE1P1",0
"RP11-149P24.1",0
"RP11-431D12.1",0
"RP11-30J20.1",0
"RP11-238K6.1",0
"FAM135B",0
"COL22A1",0
"KCNK9",0
"TRAPPC9",0
"C8orf17",0
"CTA-204B4.2",0
"CHRAC1",0
"AGO2",0
"PTK2",0
"RP11-128L5.1",0
"DENND3",0
"RP11-809O17.1",0
"SLC45A4",0
"RP11-10J21.4",0
"CTD-3064M3.1",0
"CTD-3064M3.3",0
"GPR20",0
"PTP4A3",0
"MROH5",0
"CTD-3064M3.7",0
"HNRNPA1P38",0
"AC138647.1",0
"LINC00051",0
"TSNARE1",0
"CTD-3135A9.3",0
"RP13-467H17.1",0
"BAI1",0
"ARC",0
"AP006547.3",0
"JRK",0
"PSCA",0
"LY6K",0
"THEM6",0
"SLURP1",0
"LYPD2",0
"RP11-706C16.7",0
"CDC42P3",0
"LY6E",0
"AK3P2",0
"RP11-520P18.1",0
"RP11-520P18.5",0
"LY6H",0
"ZNF696",0
"RP13-582O9.7",0
"TOP1MT",0
"AC087793.1",0
"RHPN1-AS1",0
"RHPN1",0
"RP11-909N17.2",0
"RP11-909N17.3",0
"MAFA",0
"ZC3H3",0
"RP11-661A12.5",0
"GSDMD",0
"RP11-661A12.9",0
"EEF1D",0
"TIGD5",0
"RP11-661A12.14",0
"PYCRL",0
"TSTA3",0
"RP11-661A12.12",0
"ZNF623",0
"RNU7-109P",0
"ZNF707",0
"RP11-429J17.2",0
"CCDC166",0
"MAPK15",0
"RP11-429J17.5",0
"FAM83H",0
"MIR4664",0
"FAM83H-AS1",0
"RP11-429J17.7",0
"RP11-429J17.8",0
"SCRIB",0
"PUF60",0
"RP11-299M14.2",0
"NRBP2",0
"EPPK1",0
"PLEC",0
"MIR661",0
"PARP10",0
"GRINA",0
"SPATC1",0
"CTD-3065J16.6",0
"OPLAH",0
"CTD-3065J16.9",0
"EXOSC4",0
"GPAA1",0
"CYC1",0
"SHARPIN",0
"MAF1",0
"KIAA1875",0
"FAM203A",0
"TSSK5P1",0
"MROH1",0
"KM-PA-2",0
"SCXB",0
"FAM203B",0
"CTD-3232M19.2",0
"BOP1",0
"SCXA",0
"HSF1",0
"GS1-393G12.12",0
"DGAT1",0
"SCRT1",0
"TMEM249",0
"GS1-393G12.13",0
"SLC52A2",0
"FBXL6",0
"ADCK5",0
"CPSF1",0
"GS1-393G12.14",0
"SLC39A4",0
"VPS28",0
"TONSL",0
"AC084125.4",0
"CYHR1",0
"KIFC2",0
"FOXH1",0
"PPP1R16A",0
"CTD-2517M22.14",0
"CTD-2517M14.5",0
"GPT",0
"MFSD3",0
"RECQL4",0
"LRRC14",0
"C8orf82",0
"ARHGAP39",0
"AC084125.1",0
"CTD-2517M22.9",0
"AF186192.1",0
"AF186192.5",0
"AF186192.6",0
"ZNF251",0
"ZNF34",0
"RN7SL395P",0
"RPL8",0
"ZNF517",0
"ZNF7",0
"COMMD5",0
"ZNF250",0
"ZNF16",0
"ZNF252P",0
"RP5-1047A19.4",0
"ZNF252P-AS1",0
"AC139103.1",0
"C8orf33",0
"DDX11L5",0
"XXyac-YRM2039.2",0
"MIR1302-9",0
"FOXD4",0
"CBWD1",0
"C9orf66",0
"DOCK8",0
"RP11-165F24.3",0
"KANK1",0
"RP11-165F24.2",0
"RP11-165F24.5",0
"RP11-31F19.1",0
"RP11-130C19.3",0
"DMRT1",0
"DMRT3",0
"DMRT2",0
"SMARCA2",0
"RP11-264I13.2",0
"RNU2-25P",0
"RP11-125B21.2",0
"VLDLR",0
"KCNV2",0
"KIAA0020",0
"RP11-255J3.2",0
"CARM1P1",0
"RP11-32F11.2",0
"RFX3",0
"AL365202.1",0
"RP11-509J21.1",0
"RP11-509J21.2",0
"RP11-509J21.3",0
"RP11-509J21.4",0
"GLIS3",0
"SLC1A1",0
"SPATA6L",0
"RP11-6J24.3",0
"PPAPDC2",0
"RP11-6J24.6",0
"CDC37L1",0
"AK3",0
"RCL1",0
"AL158147.2",0
"HNRNPA1P41",0
"JAK2",0
"RP11-39K24.2",0
"AL161450.1",0
"RP11-39K24.9",0
"MTND1P11",0
"RP11-39K24.4",0
"RP11-39K24.14",0
"RP11-39K24.13",0
"MTND4P14",0
"MTND5P14",0
"RP11-39K24.7",0
"IGHEP2",0
"RLN2",0
"RLN1",0
"RP11-12D24.10",0
"RP11-12D24.6",0
"PLGRKT",0
"RP11-12D24.7",0
"CD274",0
"PDCD1LG2",0
"RP11-574F11.3",0
"KIAA1432",0
"RP11-207C16.4",0
"ERMP1",0
"KIAA2026",0
"MLANA",0
"RANBP6",0
"IL33",0
"RP11-307L3.2",0
"UHRF2",0
"RP11-307L3.4",0
"C9orf38",0
"GLDC",0
"RP11-472F14.4",0
"RP11-390F4.6",0
"RP11-106A1.3",0
"RNF2P1",0
"RP11-390F4.2",0
"RP11-390F4.10",0
"RP11-390F4.3",0
"KDM4C",0
"RP11-390F4.9",0
"SNRPEP2",0
"RP11-390F4.8",0
"RP11-403H13.1",0
"RPL4P5",0
"RP11-77E14.2",0
"TMEM261",0
"PTPRD",0
"RP11-134K1.2",0
"RP11-75C9.1",0
"RP11-75C9.2",0
"RPS26P3",0
"RN7SL5P",0
"RP11-87N24.2",0
"TYRP1",0
"RP11-3L8.3",0
"LURAP1L",0
"TDPX2",0
"RP11-382H24.2",0
"MPDZ",0
"RP11-272P10.2",0
"RP11-536O18.2",0
"RP11-120J1.1",0
"RP11-408A13.3",0
"RP11-408A13.4",0
"RP11-408A13.1",0
"ZDHHC21",0
"CER1",0
"FREM1",0
"LDHAP4",0
"RP11-54D18.3",0
"RP11-54D18.2",0
"RP11-54D18.4",0
"TTC39B",0
"SNAPC3",0
"PSIP1",0
"RN7SL98P",0
"FTH1P12",0
"CCDC171",0
"C9orf92",0
"BNC2",0
"RP11-183I6.2",0
"RP11-62F24.2",0
"CNTLN",0
"RP11-492A12.2",0
"SH3GL2",0
"PABPC1P11",0
"ADAMTSL1",0
"RP11-503K16.2",0
"FAM154A",0
"RP11-296P7.4",0
"RRAGA",0
"HAUS6",0
"SCARNA8",0
"PLIN2",0
"RP11-146N23.1",0
"DENND4C",0
"RP11-146N23.4",0
"RP11-513M16.7",0
"RP11-513M16.8",0
"RPS6",0
"ACER2",0
"RP11-363E7.4",0
"SLC24A2",0
"RP11-252O2.2",0
"RP11-378I6.1",0
"RP11-378I6.2",0
"RP11-15P13.1",0
"MLLT3",0
"RP11-73E6.2",0
"FOCAD",0
"RP11-4E23.2",0
"MIR491",0
"SNORA30",0
"PTPLAD2",0
"IFNW1",0
"IFNA21",0
"IFNWP9",0
"IFNA20P",0
"KLHL9",0
"MIR31HG",0
"IFNE",0
"KHSRPP1",0
"MTAP",0
"TUBB8P1",0
"RP11-70L8.4",0
"RP11-149I2.5",0
"CDKN2A",0
"CDKN2B-AS1",0
"CDKN2B",0
"DMRTA1",0
"RP11-399D6.2",0
"RP11-370B11.1",0
"RP11-370B11.3",0
"RP11-315I14.2",0
"RP11-315I14.5",0
"ELAVL2",0
"RP11-321L2.1",0
"TUSC1",0
"RP11-18A15.1",0
"RP11-337A23.6",0
"CAAP1",0
"RP11-337A23.5",0
"PLAA",0
"IFT74",0
"RP11-337A23.3",0
"LRRC19",0
"RP11-56F10.3",0
"TEK",0
"RP11-179D22.1",0
"LINC00032",0
"EQTN",0
"MOB3B",0
"RP11-298E2.2",0
"IFNK",0
"C9orf72",0
"CTAGE12P",0
"RP11-575I8.1",0
"RP11-438B23.2",0
"RP11-20P5.2",0
"RP11-32I2.1",0
"RP11-373A6.1",0
"RP11-255N24.4",0
"RBMXP2",0
"ACO1",0
"DDX58",0
"TOPORS",0
"AL353671.1",0
"TOPORS-AS1",0
"NDUFB6",0
"AL353671.4",0
"RP11-205M20.7",0
"GVQW1",0
"TMEM215",0
"RP11-462B18.3",0
"RP11-462B18.2",0
"RP11-562M8.4",0
"ASS1P12",0
"APTX",0
"TCEA1P4",0
"RP11-54K16.2",0
"DNAJA1",0
"SMU1",0
"B4GALT1",0
"RP11-326F20.5",0
"BAG1",0
"CHMP5",0
"NFX1",0
"AQP7",0
"AQP3",0
"NOL6",0
"ANKRD18B",0
"RP11-255A11.4",0
"SNX18P7",0
"CYP4F26P",0
"PRSS3P4",0
"TRBV20OR9-2",0
"ANXA2P2",0
"PTENP1",0
"TRBV26OR9-2",0
"RP11-384P7.7",0
"RP11-384P7.5",0
"RP11-384P7.6",0
"PRSS3",0
"RP11-133O22.6",0
"UBE2R2",0
"RNU4ATAC11P",0
"RP11-176F3.7",0
"UBAP2",0
"SNORD121A",0
"OSTCP8",0
"RP11-537H15.3",0
"DCAF12",0
"RP11-537H15.4",0
"UBAP1",0
"RP11-571F15.2",0
"RNA5SP282",0
"RP11-571F15.3",0
"KIF24",0
"SERPINH1P1",0
"NUDT2",0
"KIAA1161",0
"C9orf24",0
"FAM219A",0
"DNAI1",0
"RN7SKP24",0
"ENHO",0
"RP11-296L22.8",0
"RP11-296L22.7",0
"CNTFR",0
"CNTFR-AS1",0
"RPP25L",0
"DCTN3",0
"ARID3C",0
"SIGMAR1",0
"GALT",0
"IL11RA",0
"RP11-195F19.30",0
"RP11-195F19.5",0
"RP11-195F19.9",0
"CCL19",0
"FAM205A",0
"FAM205B",0
"FAM205CP",0
"GLULP4",0
"YWHAZP6",0
"KIAA1045",0
"DNAJB5",0
"C9orf131",0
"FLJ00273",0
"RN7SL338P",0
"VCP",0
"FANCG",0
"PIGO",0
"RP11-182N22.8",0
"STOML2",0
"FAM214B",0
"RP11-182N22.7",0
"ATP8B5P",0
"RUSC2",0
"RPL36AP33",0
"FAM166B",0
"RP11-156G14.6",0
"TESK1",0
"CD72",0
"RP11-331F9.3",0
"RP11-331F9.4",0
"SIT1",0
"RMRP",0
"CCDC107",0
"ARHGEF39",0
"CA9",0
"TPM2",0
"TLN1",0
"CREB3",0
"GBA2",0
"RGP1",0
"RP11-112J3.16",0
"NPR2",0
"SPAG8",0
"HINT2",0
"TMEM8B",0
"FAM221B",0
"OR13E1P",0
"OR13J1",0
"NDUFA5P4",0
"HRCT1",0
"LINC00961",0
"YBX1P10",0
"OR2S1P",0
"RECK",0
"GLIPR2",0
"CCIN",0
"GNE",0
"HMGB3P24",0
"RNF38",0
"MELK",0
"PAX5",0
"RP11-220I1.5",0
"RP11-220I1.1",0
"RP11-220I1.2",0
"ZCCHC7",0
"GRHPR",0
"RP11-405L18.2",0
"POLR1E",0
"RP11-405L18.4",0
"RP11-613M10.6",0
"TOMM5",0
"RP11-613M10.9",0
"RAB1C",0
"FRMPD1",0
"TRMT10B",0
"EXOSC3",0
"DCAF10",0
"RP11-3J10.7",0
"PAICSP1",0
"SLC25A51",0
"RP11-3J10.4",0
"SHB",0
"RP11-113O24.3",0
"IGFBPL1",0
"RP11-403F21.1",0
"RP11-403F21.3",0
"RP11-392E22.1",0
"VN1R48P",0
"FAM220BP",0
"ANKRD18A",0
"SNX18P3",0
"FAM201A",0
"RP13-198D9.3",0
"RP11-402N8.1",0
"CNTNAP3",0
"RP11-290L7.2",0
"RP11-290L7.5",0
"SPATA31A1",0
"CTD-2173L22.4",0
"SPATA31A2",0
"AL353791.1",0
"RP11-111G23.1",0
"RP11-292B8.2",0
"RP11-292B8.1",0
"SPATA31A3",0
"ZNF658",0
"SPATA31A4",0
"RP11-144A16.1",0
"ZNF658B",0
"RP11-204M4.2",0
"RN7SL763P",0
"AL772307.1",0
"RP11-216M21.1",0
"RP11-216M21.2",0
"ANKRD20A2",0
"RP11-146D12.2",0
"SNX18P8",0
"FAM95B1",0
"CNN2P2",0
"RP11-341A11.2",0
"CBWD7",0
"FOXD4L2",0
"IGKV1OR9-2",0
"BMS1P14",0
"AC129778.2",0
"AQP7P3",0
"RP11-15E1.3",0
"RP11-399F4.2",0
"CYP4F59P",0
"SNX18P4",0
"ANKRD20A3",0
"AL513478.1",0
"ATP5A1P5",0
"SPATA31A6",0
"CNTNAP3B",0
"RP11-24B13.2",0
"RP11-24B13.1",0
"SNX18P5",0
"CR848007.2",0
"ANKRD20A7P",0
"BX649563.4",0
"BX005214.1",0
"RP11-475I24.1",0
"BX088651.1",0
"FAM27C",0
"FAM27E4",0
"RP11-374M1.3",0
"RP11-374M1.2",0
"RP11-449H15.2",0
"CDK2AP2P1",0
"RP11-187C18.4",0
"AL354718.1",0
"RP11-187C18.2",0
"FAM27A",0
"RP11-7G23.4",0
"FAM27E2",0
"RP11-7G23.5",0
"RP11-436G20.1",0
"RP11-157L3.2",0
"RP11-157L3.5",0
"RP11-157L3.1",0
"RP11-292F9.1",0
"RP11-292F9.2",0
"RP11-34H11.5",0
"FAM27E1",0
"FAM27D1",0
"RP11-111F5.2",0
"RP11-111F5.4",0
"RP11-111F5.5",0
"RP11-111F5.8",0
"RP11-111F5.6",0
"RP11-211N8.7",0
"RP11-211N8.3",0
"RP11-211N8.2",0
"RP11-211N8.6",0
"AL953854.2",0
"SPATA31A7",0
"RP11-203I2.1",0
"RP11-118H15.1",0
"RP11-459O16.1",0
"CNN2P5",0
"RP11-262H14.1",0
"RNA5SP283",0
"AL512625.1",0
"RP11-262H14.5",0
"PTGER4P2",0
"CDK2AP2P2",0
"MYO5BP2",0
"RP11-262H14.3",0
"RP11-262H14.7",0
"RP11-262H14.11",0
"RP11-262H14.4",0
"RP11-282E4.1",0
"RP11-318K12.1",0
"RP11-318K12.2",0
"RP11-318K12.3",0
"AL353626.1",0
"AL353626.2",0
"RP11-381O7.4",0
"RP11-381O7.6",0
"BMS1P9",0
"RP11-381O7.3",0
"AQP7P4",0
"AL845321.1",0
"AQP7P1",0
"RP11-236F9.2",0
"BMS1P10",0
"RP11-38P6.1",0
"FAM27E3",0
"RP11-12A20.2",0
"RP11-12A20.4",0
"RP11-12A20.6",0
"RP11-12A20.7",0
"RN7SL787P",0
"RP11-12A20.8",0
"ANKRD20A1",0
"RP11-195B21.3",0
"RP11-452D2.2",0
"PTGER4P3",0
"RP11-764K9.1",0
"LINC00537",0
"MIR4477A",0
"RP11-764K9.4",0
"RP11-391M20.1",0
"PGM5P1",0
"AL353763.1",0
"RP11-87H9.2",0
"PGM5P2",0
"RP11-87H9.3",0
"RP11-58A12.3",0
"BX255923.3",0
"FOXD4L6",0
"CR769776.1",0
"ANKRD20A4",0
"SNX18P9",0
"RP11-250H24.2",0
"CNN2P3",0
"RP11-250H24.4",0
"AQP7P2",0
"AL445665.1",0
"BMS1P11",0
"RP11-250H24.6",0
"IGKV1OR-2",0
"AL359955.1",0
"RP11-460N11.3",0
"RP11-460N11.2",0
"AC125634.1",0
"BMS1P12",0
"RP11-15J10.8",0
"RP11-15J10.9",0
"IGKV1OR9-1",0
"FOXD4L5",0
"RP11-15J10.1",0
"BMS1P13",0
"RP11-460E7.8",0
"RP11-460E7.9",0
"IGKV1OR-3",0
"FOXD4L4",0
"CBWD5",0
"AL591479.1",0
"RP11-154P18.2",0
"RP11-561O23.8",0
"CBWD3",0
"FOXD4L3",0
"RP11-561O23.5",0
"PGM5",0
"PGM5-AS1",0
"RP11-88I18.2",0
"TMEM252",0
"PIP5K1B",0
"RP11-203L2.3",0
"PRKACG",0
"FXN",0
"RP11-265B8.5",0
"FAM189A2",0
"APBA1",0
"RP11-470P21.2",0
"RP11-109D9.4",0
"PTAR1",0
"C9orf135-AS1",0
"C9orf135",0
"MAMDC2",0
"MAMDC2-AS1",0
"SMC5-AS1",0
"RPL24P8",0
"SMC5",0
"KLF9",0
"TRPM3",0
"PIGUP1",0
"TMEM2",0
"RP11-409O11.3",0
"ABHD17B",0
"C9orf85",0
"HSPB1P1",0
"C9orf57",0
"GDA",0
"RP11-63P12.6",0
"ZFAND5",0
"TMC1",0
"ALDH1A1",0
"ANXA1",0
"RP11-401G5.1",0
"RP11-171A24.3",0
"RORB",0
"TRPM6",0
"C9orf40",0
"RP11-197P3.4",0
"C9orf41",0
"RP11-197P3.5",0
"NMRK1",0
"OSTF1",0
"RFK",0
"RPSAP9",0
"GCNT1",0
"AL161626.1",0
"PRUNE2",0
"PCA3",0
"FOXB2",0
"VPS13A",0
"GNA14",0
"RP11-336N8.1",0
"RP11-336N8.4",0
"CEP78",0
"PSAT1",0
"CHCHD2P9",0
"RP11-375O18.2",0
"TLE4",0
"RP11-289F5.1",0
"TLE1",0
"RP11-154D17.1",0
"RPS6P12",0
"RASEF",0
"RP11-439K3.1",0
"FRMD3",0
"RNU4-29P",0
"RP11-439K3.3",0
"IDNK",0
"UBQLN1",0
"RP11-522I20.3",0
"GKAP1",0
"RP11-575L7.2",0
"RP11-575L7.4",0
"KIF27",0
"C9orf64",0
"HNRNPK",0
"RP11-575L7.8",0
"RP11-158D2.2",0
"SLC28A3",0
"AGTPBP1",0
"RP11-213G2.1",0
"RP11-213G2.2",0
"RP11-213G2.3",0
"PHBP7",0
"RP11-213G2.5",0
"NAA35",0
"GOLM1",0
"C9orf153",0
"ISCA1",0
"ZCCHC6",0
"GAS1",0
"RP11-276H19.1",0
"RP11-276H19.2",0
"CDC20P1",0
"C9orf170",0
"RP11-497K15.1",0
"DAPK1",0
"DAPK1-IT1",0
"CTSL",0
"CTSL3P",0
"XXyac-YM21GA2.1",0
"CTSLP8",0
"XXyac-YM21GA2.3",0
"SPATA31E1",0
"SPATA31C1",0
"RP11-350E12.5",0
"CDK20",0
"RPS10P3",0
"RP11-350E12.4",0
"SPATA31C2",0
"SPIN1",0
"HNRNPA1P14",0
"RP11-317B17.3",0
"NXNL2",0
"C9orf47",0
"S1PR3",0
"RP11-82L18.4",0
"SHC3",0
"RP11-82L18.2",0
"CKS2",0
"MIR3153",0
"SEMA4D",0
"RP13-93L13.2",0
"GADD45G",0
"RP11-389K14.3",0
"RP11-555F9.2",0
"DIRAS2",0
"SYK",0
"RP11-367F23.1",0
"RP11-367F23.2",0
"RP11-305L7.1",0
"RP11-305L7.6",0
"RP11-305L7.3",0
"LINC00484",0
"RP11-305L7.5",0
"RP11-305L7.7",0
"AUH",0
"NFIL3",0
"RP11-440G5.2",0
"ROR2",0
"SPTLC1",0
"RP11-100G15.3",0
"RP11-100G15.4",0
"MTND4P15",0
"RP11-100G15.7",0
"LINC00475",0
"IARS",0
"SNORA84",0
"NOL8",0
"CENPP",0
"OGN",0
"OMD",0
"ASPN",0
"ECM2",0
"IPPK",0
"RP11-476B13.2",0
"BICD2",0
"ANKRD19P",0
"RNU6-714P",0
"RP11-526D8.7",0
"SNX18P2",0
"FGD3",0
"SUSD3",0
"C9orf89",0
"NINJ1",0
"WNK2",0
"C9orf129",0
"RP11-165J3.5",0
"RP11-165J3.6",0
"FAM120AOS",0
"FAM120A",0
"PHF2",0
"RP11-53B5.1",0
"BARX1",0
"RP11-231K24.2",0
"PTPDC1",0
"CYCSP24",0
"RP11-2B6.3",0
"MIRLET7F1",0
"RP11-2B6.2",0
"MIRLET7DHG",0
"MIRLET7D",0
"ZNF169",0
"VDAC1P11",0
"NUTM2F",0
"RP11-307E17.8",0
"RP11-307E17.9",0
"HIATL1",0
"RP11-533K9.3",0
"RNU6-669P",0
"PCAT7",0
"FBP2",0
"FBP1",0
"C9orf3",0
"RP11-49O14.2",0
"MIR23B",0
"MIR27B",0
"FANCC",0
"RP11-80I15.4",0
"RP11-80I15.1",0
"RP11-173G21.1",0
"RP11-435O5.7",0
"MT1P1",0
"PTCH1",0
"RP11-435O5.6",0
"RP11-435O5.5",0
"RP11-435O5.4",0
"LINC00476",0
"DKFZP434H0512",0
"RNU2-46P",0
"ERCC6L2",0
"LINC00092",0
"RP11-569G13.2",0
"EIF4BP3",0
"HSD17B3",0
"RP11-240L7.4",0
"SLC35D2",0
"ZNF367",0
"RP11-172F4.2",0
"HABP4",0
"CDC14B",0
"AAED1",0
"RP11-535M15.1",0
"RP11-535M15.2",0
"ZNF510",0
"ZNF782",0
"RP11-330M2.4",0
"RP11-330M2.3",0
"NUTM2G",0
"YRDCP2",0
"CTSV",0
"RP11-520B13.4",0
"VN1R51P",0
"FAM220CP",0
"ANKRD18CP",0
"RNU6-798P",0
"RP11-498P14.5",0
"RP11-498P14.4",0
"RP11-23J9.5",0
"CCDC180",0
"RP11-23J9.4",0
"MIR1302-8",0
"TDRD7",0
"TMOD1",0
"NCBP1",0
"RP11-244N9.4",0
"XPA",0
"C9orf156",0
"ANP32B",0
"RP11-535C21.3",0
"NANS",0
"TRIM14",0
"CORO2A",0
"TBC1D2",0
"GABBR2",0
"ANKS6",0
"GALNT12",0
"RP11-92C4.3",0
"COL15A1",0
"RP11-92C4.6",0
"TGFBR1",0
"RNA5SP290",0
"RP11-96L7.2",0
"ALG2",0
"SEC61B",0
"RN7SKP225",0
"KRT8P11",0
"NAMA",0
"RP11-547C13.1",0
"RP11-554F20.1",0
"NR4A3",0
"RP11-60I3.5",0
"STX17",0
"ERP44",0
"UPF3AP3",0
"INVS",0
"RN7SL75P",0
"NANOGP5",0
"TEX10",0
"AL353805.1",0
"MSANTD3",0
"TMEFF1",0
"MURC",0
"RN7SKP87",0
"LPPR1",0
"RP11-70K10.2",0
"BAATP1",0
"RP11-35N6.6",0
"BAAT",0
"FYTTD1P1",0
"MRPL50",0
"ZNF189",0
"ALDOB",0
"RP11-490D19.6",0
"TMEM246",0
"RP11-490D19.8",0
"RNF20",0
"AL591377.1",0
"GRIN3A",0
"PPP3R2",0
"RP11-82L2.1",0
"SMC2",0
"OR13C5",0
"OR13C2",0
"OR13I1P",0
"NIPSNAP3B",0
"ABCA1",0
"RP11-217B7.2",0
"SLC44A1",0
"FSD1L",0
"RP11-235C23.5",0
"FKTN",0
"TAL2",0
"TMEM38B",0
"RP11-18B3.3",0
"RP11-18B3.2",0
"SLC25A6P5",0
"RP11-6F6.1",0
"RP11-308N19.1",0
"RP11-308N19.4",0
"ZNF462",0
"RP11-508N12.2",0
"RP11-508N12.3",0
"RP11-196I18.3",0
"RP11-417L14.1",0
"RAD23B",0
"KLF4",0
"ACTL7B",0
"IKBKAP",0
"FAM206A",0
"CTNNAL1",0
"TMEM245",0
"MIR32",0
"FRRS1L",0
"EPB41L4B",0
"AL358815.1",0
"YBX1P6",0
"PALM2",0
"PALM2-AKAP2",0
"AKAP2",0
"C9orf152",0
"TXN",0
"SVEP1",0
"MUSK",0
"LPAR1",0
"OR2K2",0
"KIAA0368",0
"PTGR1",0
"LRRC37A5P",0
"DNAJC25",0
"GNG10",0
"C9orf84",0
"RP11-430K21.2",0
"RP11-4O1.2",0
"SUSD1",0
"RP11-165N19.2",0
"PTBP3",0
"RP11-432F4.2",0
"HSDL2",0
"C9orf147",0
"KIAA1958",0
"RP11-576C12.1",0
"INIP",0
"RP11-276E15.4",0
"SNX30",0
"SLC46A2",0
"RP11-408O19.5",0
"MUPP",0
"ZFP37",0
"SLC31A2",0
"FKBP15",0
"SLC31A1",0
"CDC26",0
"PRPF4",0
"RNF183",0
"WDR31",0
"BSPRY",0
"POLE3",0
"C9orf43",0
"RGS3",0
"RP11-168K11.2",0
"RP11-168K11.3",0
"RP11-18B16.2",0
"ZNF618",0
"AMBP",0
"KIF12",0
"COL27A1",0
"ORM1",0
"ORM2",0
"AKNA",0
"RP11-9M16.2",0
"DFNB31",0
"ATP6V1G1",0
"C9orf91",0
"RP11-402G3.5",0
"RP11-402G3.3",0
"DEC1",0
"RP11-445L6.3",0
"PAPPA-AS2",0
"RP11-45A16.4",0
"ASTN2",0
"RP11-264C15.2",0
"RP11-67K19.3",0
"TRIM32",0
"RPL10P3",0
"TLR4",0
"TPT1P9",0
"BRINP1",0
"CDK5RAP2",0
"MEGF9",0
"AHCYP2",0
"FBXW2",0
"RP11-27I1.4",0
"RP11-27I1.6",0
"PSMD5",0
"PSMD5-AS1",0
"PHF19",0
"TRAF1",0
"C5",0
"CNTRL",0
"RAB14",0
"RN7SL181P",0
"GSN",0
"RP11-477J21.2",0
"GSN-AS1",0
"STOM",0
"RP11-162D16.2",0
"GGTA1P",0
"DAB2IP",0
"RP11-244O19.1",0
"TTLL11",0
"TTLL11-IT1",0
"NDUFA8",0
"MORN5",0
"LHX6",0
"RBM18",0
"MRRF",0
"RP11-498E2.7",0
"RP11-498E2.8",0
"PTGS1",0
"OR1L8",0
"SKA2P1",0
"PDCL",0
"OR1K1",0
"RC3H2",0
"SNORD90",0
"ZBTB6",0
"ZBTB26",0
"RP11-355O1.11",0
"RABGAP1",0
"RP11-355O1.7",0
"GPR21",0
"RP11-123N4.4",0
"MIR600HG",0
"STRBP",0
"CRB2",0
"DENND1A",0
"RP11-417B4.2",0
"LHX2",0
"NEK6",0
"RP11-121A14.2",0
"RP11-121A14.3",0
"AL137846.1",0
"PSMB7",0
"GPR144",0
"NR5A1",0
"RP11-10J18.3",0
"NR6A1",0
"RP11-164H5.1",0
"MIR181A2HG",0
"MIR181A2",0
"MIR181B2",0
"RP11-175D17.3",0
"OLFML2A",0
"WDR38",0
"RPL35",0
"ARPC5L",0
"GOLGA1",0
"RNU4-82P",0
"AL354928.1",0
"SCAI",0
"RP11-474P12.3",0
"PPP6C",0
"RP11-366O20.5",0
"RABEPK",0
"HSPA5",0
"RP11-65N13.8",0
"MAPKAP1",0
"RP11-423C15.3",0
"PBX3",0
"RP11-343J18.1",0
"MVB12B",0
"RP11-205K6.1",0
"RP11-123K19.1",0
"ZBTB43",0
"ZBTB34",0
"RALGPS1",0
"ANGPTL2",0
"RP13-225O21.2",0
"GARNL3",0
"RP13-225O21.5",0
"RP11-356B19.11",0
"SLC2A8",0
"ZNF79",0
"RPL12",0
"SNORA65",0
"LRSAM1",0
"FAM129B",0
"STXBP1",0
"MIR3911",0
"PTRH1",0
"C9orf117",0
"TTC16",0
"TOR2A",0
"SH2D3C",0
"FPGS",0
"ENG",0
"RP11-228B15.4",0
"AK1",0
"RP11-203J24.9",0
"MIR4672",0
"ST6GALNAC6",0
"ST6GALNAC4",0
"PIP5KL1",0
"RP11-203J24.8",0
"DPM2",0
"FAM102A",0
"NAIF1",0
"SLC25A25",0
"RP11-379C10.4",0
"RP11-395P17.11",0
"RP11-395P17.3",0
"PTGES2",0
"AL590708.2",0
"LCN2",0
"C9orf16",0
"CIZ1",0
"DNM1",0
"MIR199B",0
"MIR3154",0
"GOLGA2",0
"SWI5",0
"AL359091.2",0
"RP11-339B21.15",0
"RP11-339B21.14",0
"TRUB2",0
"RP11-339B21.13",0
"COQ4",0
"SLC27A4",0
"TMSB4XP4",0
"URM1",0
"RP11-339B21.11",0
"MIR219-2",0
"CERCAM",0
"RP11-339B21.10",0
"RP11-339B21.8",0
"ODF2",0
"ODF2-AS1",0
"GLE1",0
"RP11-216B9.6",0
"RNU7-171P",0
"SPTAN1",0
"WDR34",0
"HMGA1P4",0
"SET",0
"PKN3",0
"ZDHHC12",0
"RP11-545E17.3",0
"ZER1",0
"TBC1D13",0
"ENDOG",0
"C9orf114",0
"CCBL1",0
"LRRC8A",0
"PHYHD1",0
"DOLK",0
"NUP188",0
"RP11-167N5.5",0
"SH3GLB2",0
"FAM73B",0
"DOLPP1",0
"CRAT",0
"RP11-247A12.1",0
"AL158151.2",0
"PPP2R4",0
"RP11-247A12.7",0
"IER5L",0
"RP11-247A12.2",0
"RP11-344B5.4",0
"RP11-344B5.2",0
"C9orf106",0
"RP11-65J3.1",0
"RP11-65J3.3",0
"RP11-65J3.2",0
"RP11-65J3.14",0
"LINC00963",0
"RP11-492E3.2",0
"NTMT1",0
"C9orf50",0
"ASB6",0
"RP11-483H20.4",0
"PRRX2",0
"PTGES",0
"TOR1B",0
"TOR1A",0
"C9orf78",0
"USP20",0
"RP11-409K20.6",0
"RP11-138E2.1",0
"GPR107",0
"AL360004.1",0
"NCS1",0
"HMCN2",0
"RN7SL665P",0
"ASS1",0
"FUBP3",0
"PRDM12",0
"EXOSC2",0
"ABL1",0
"RP11-57C19.6",0
"QRFP",0
"FIBCD1",0
"RP11-83J21.3",0
"LAMC3",0
"AIF1L",0
"NUP214",0
"RP11-544A12.4",0
"RP11-544A12.8",0
"RP11-544A12.5",0
"FAM78A",0
"PPAPDC3",0
"PRRC2B",0
"SNORD62A",0
"SNORD62B",0
"POMT1",0
"RP11-334J6.6",0
"UCK1",0
"RN7SL328P",0
"MED27",0
"NTNG2",0
"SETX",0
"TTF1",0
"C9orf171",0
"BARHL1",0
"DDX31",0
"GTF3C4",0
"AK8",0
"RP11-295G24.5",0
"C9orf9",0
"TSC1",0
"GFI1B",0
"RP11-295G24.4",0
"EEF1A1P5",0
"GTF3C5",0
"CEL",0
"CELP",0
"RALGDS",0
"GBGT1",0
"LCN1P1",0
"ABO",0
"SURF6",0
"MED22",0
"SURF1",0
"SURF2",0
"SURF4",0
"C9orf96",0
"REXO4",0
"ADAMTS13",0
"CACFD1",0
"SLC2A6",0
"TMEM8C",0
"ADAMTSL2",0
"FAM163B",0
"DBH",0
"DBH-AS1",0
"VAV2",0
"LINC00094",0
"BRD3",0
"RP11-374P20.4",0
"LL09NC01-251B2.3",0
"WDR5",0
"LL09NC01-139C3.1",0
"RXRA",0
"COL5A1",0
"COL5A1-AS1",0
"OLFM1",0
"RP11-399H11.2",0
"C9orf62",0
"SOCS5P2",0
"PPP1R26-AS1",0
"PPP1R26",0
"C9orf116",0
"MRPS2",0
"RP11-426A6.5",0
"LCN1",0
"RP11-98L5.4",0
"LCN9",0
"SOHLH1",0
"KCNT1",0
"CAMSAP1",0
"UBAC1",0
"NACC2",0
"RP11-83N9.5",0
"C9orf69",0
"QSOX2",0
"WI2-1959D15.1",0
"DKFZP434A062",0
"GPSM1",0
"DNLZ",0
"CARD9",0
"SNAPC4",0
"SDCCAG3",0
"PMPCA",0
"INPP5E",0
"SEC16A",0
"C9orf163",0
"NOTCH1",0
"RP11-413M3.4",0
"RP11-611D20.2",0
"EGFL7",0
"AGPAT2",0
"FAM69B",0
"LCN6",0
"LCN10",0
"LCN8",0
"LCN15",0
"ATP6V1G1P3",0
"CCDC183",0
"RP11-216L13.19",0
"CCDC183-AS1",0
"RABL6",0
"NCLP1",0
"MIR4292",0
"C9orf172",0
"PHPT1",0
"MAMDC4",0
"EDF1",0
"TRAF2",0
"MIR4479",0
"RP11-229P13.2",0
"RP11-229P13.25",0
"FBXW5",0
"C8G",0
"LCN12",0
"C9orf141",0
"PTGDS",0
"LCNL1",0
"C9orf142",0
"CLIC3",0
"ABCA2",0
"C9orf139",0
"FUT7",0
"RP11-229P13.20",0
"NPDC1",0
"ENTPD2",0
"RP11-229P13.15",0
"SAPCD2",0
"UAP1L1",0
"AL807752.1",0
"MAN1B1",0
"DPP7",0
"GRIN1",0
"LRRC26",0
"TMEM210",0
"ANAPC2",0
"SSNA1",0
"TPRN",0
"TMEM203",0
"RNF208",0
"C9orf169",0
"RNF224",0
"SLC34A3",0
"TUBB4B",0
"FAM166A",0
"C9orf173",0
"NELFB",0
"TOR4A",0
"RP13-122B23.8",0
"NRARP",0
"EXD3",0
"NOXA1",0
"ENTPD8",0
"NSMF",0
"PNPLA7",0
"MRPL41",0
"DPH7",0
"ZMYND19",0
"ARRDC1",0
"C9orf37",0
"EHMT1",0
"SETP5",0
"RP11-188C12.2",0
"MIR602",0
"RP11-188C12.3",0
"CACNA1B",0
"RP11-424E7.3",0
"TUBBP5",0
"RP11-885N19.6",0
"FAM157B",0
"TUBB8",0
"ZMYND11",0
"DIP2C",0
"RNA5SP298",0
"RN7SL754P",0
"RP11-490E15.2",0
"RP11-809C18.3",0
"MIR5699",0
"PRR26",0
"RP11-809C18.5",0
"RP11-809C18.4",0
"RP11-363N22.2",0
"AL359878.1",0
"GTPBP4",0
"IDI2",0
"IDI2-AS1",0
"IDI1",0
"RNU7-163P",0
"WDR37",0
"ADARB2",0
"ADARB2-AS1",0
"RP11-118K6.3",0
"PFKP",0
"PITRM1",0
"PITRM1-AS1",0
"RP11-298E9.6",0
"RP11-482E14.1",0
"KLF6",0
"LINC00703",0
"RP11-34C15.2",0
"LINC00704",0
"AKR1C6P",0
"AKR1C1",0
"AKR1C2",0
"RP11-499O7.7",0
"AKR1C3",0
"AKR1C4",0
"NET1",0
"RP13-463N16.6",0
"ASB13",0
"RP11-336A10.2",0
"GDI2",0
"NRBF2P5",0
"RP11-318E3.9",0
"ANKRD16",0
"FBXO18",0
"RP11-536K7.3",0
"IL15RA",0
"RBM17",0
"PFKFB3",0
"RN7SKP78",0
"RP11-414H17.5",0
"RP11-563J2.2",0
"DKFZP667F0711",0
"PRKCQ",0
"PRKCQ-AS1",0
"RP11-554I8.1",0
"RP11-554I8.2",0
"LINC00707",0
"SFMBT2",0
"RP11-385N23.1",0
"ITIH5",0
"ITIH2",0
"KIN",0
"ATP5C1",0
"TAF3",0
"GATA3-AS1",0
"GATA3",0
"PRPF38AP1",0
"SFTA1P",0
"CELF2",0
"CELF2-AS2",0
"CELF2-AS1",0
"USP6NL",0
"ECHDC3",0
"PROSER2",0
"PROSER2-AS1",0
"UPF2",0
"RNU6-1095P",0
"DHTKD1",0
"SEC61A2",0
"MIR548AK",0
"NUDT5",0
"CDC123",0
"RP11-186N15.3",0
"CAMK1D",0
"CCDC3",0
"RPL5P25",0
"OPTN",0
"RP11-730A19.9",0
"RP11-730A19.5",0
"BTBD7P1",0
"MCM10",0
"UCMA",0
"PHYH",0
"SEPHS1",0
"RP11-445K13.2",0
"BEND7",0
"RP11-214D15.2",0
"RP11-295P9.3",0
"FRMD4A",0
"RP11-295P9.12",0
"RP11-295P9.8",0
"RP11-295P9.6",0
"RP11-353M9.1",0
"RP11-142M10.2",0
"RP11-397C18.2",0
"CDNF",0
"HSPA14",0
"RP11-398C13.6",0
"SUV39H2",0
"DCLRE1C",0
"MEIG1",0
"DCLRE1CP1",0
"OLAH",0
"C10orf111",0
"RPP38",0
"NMT2",0
"FAM171A1",0
"RP11-25G10.2",0
"ITGA8",0
"FAM188A",0
"PTER",0
"C1QL3",0
"RSU1",0
"RP11-197M22.2",0
"CUBN",0
"RP11-406H21.2",0
"TRDMT1",0
"VIM-AS1",0
"VIM",0
"ST8SIA6",0
"ST8SIA6-AS1",0
"PRPF38AP2",0
"PTPLA",0
"RP11-390B4.5",0
"STAM",0
"RP11-390B4.3",0
"TMEM236",0
"MRC1L1",0
"MRC1",0
"SLC39A12",0
"CACNB2",0
"RP11-499P20.2",0
"RP11-383B4.4",0
"NSUN6",0
"ARL5B-AS1",0
"ARL5B",0
"MALRD1",0
"RP11-354E11.2",0
"PLXDC2",0
"RP11-575A19.2",0
"AMD1P1",0
"NEBL",0
"MTND1P21",0
"EIF4BP2",0
"NPM1P30",0
"C10orf113",0
"NEBL-AS1",0
"RP11-275N1.1",0
"CASC10",0
"MIR1915",0
"SKIDA1",0
"HNRNPRP1",0
"RNU6-1141P",0
"DNAJC1",0
"EBLN1",0
"COMMD3",0
"BMI1",0
"SPAG6",0
"RP11-301N24.3",0
"PIP4K2A",0
"ARMC3",0
"MSRB2",0
"YWHAZP3",0
"PTF1A",0
"C10orf115",0
"C10orf67",0
"RP11-371A19.2",0
"OTUD1",0
"KIAA1217",0
"AL353583.1",0
"ARHGAP21",0
"PRTFDC1",0
"RP11-165A20.3",0
"ENKUR",0
"THNSL1",0
"RP11-80K21.3",0
"GPR158-AS1",0
"GPR158",0
"MYO3A",0
"GAD2",0
"APBB1IP",0
"LINC00202-2",0
"PDSS1",0
"HSPA8P3",0
"RP13-16H11.5",0
"ABI1",0
"LINC00202-1",0
"LINC00614",0
"ANKRD26",0
"YME1L1",0
"MASTL",0
"RNU2-24P",0
"ACBD5",0
"RP11-85G18.6",0
"LRRC37A6P",0
"ARMC4P1",0
"RP11-748L13.2",0
"RP11-748L13.6",0
"FAM210CP",0
"RAB18",0
"MKX",0
"ARMC4",0
"MPP7",0
"WAC-AS1",0
"WAC",0
"BAMBI",0
"C10orf126",0
"RP11-492M23.2",0
"SVIL",0
"RP11-192N10.2",0
"KIAA1462",0
"EEF1A1P39",0
"RP11-305E6.4",0
"MAP3K8",0
"ZNF438",0
"RP11-330O11.3",0
"DDX10P1",0
"RP11-192P3.4",0
"ZEB1-AS1",0
"ZEB1",0
"SPTLC1P1",0
"RP11-192P3.5",0
"RP11-472N13.2",0
"RP11-472N13.3",0
"ARHGAP12",0
"HMGB1P7",0
"RN7SL825P",0
"KIF5B",0
"RPS4XP11",0
"PPIAP31",0
"RP11-166N17.1",0
"EPC1",0
"RP11-166N17.3",0
"RP11-135A24.4",0
"RP11-135A24.2",0
"CCDC7",0
"C1DP1",0
"C10ORF68",0
"RP11-479G22.8",0
"ITGB1",0
"AK3P5",0
"RP11-462L8.1",0
"RP11-342D11.3",0
"NRP1",0
"RP11-90B22.1",0
"RP13-259N13.2",0
"PARD3",0
"RP11-8L18.2",0
"PARD3-AS1",0
"CUL2",0
"RP11-297A16.2",0
"CREM",0
"ATP6V1G1P4",0
"RP11-324I22.3",0
"RP11-324I22.2",0
"CCNY",0
"RP11-324I22.4",0
"GJD4",0
"RP11-425A6.5",0
"FZD8",0
"RP11-810B23.1",0
"NAMPTL",0
"ANKRD30A",0
"RP11-258F22.1",0
"ZNF33BP1",0
"ZNF248",0
"RP11-162G10.1",0
"RP11-162G10.5",0
"RP11-775A3.1",0
"ZNF33AP1",0
"ZNF25",0
"AL117337.1",0
"ZNF33A",0
"RNU6-795P",0
"EIF3LP3",0
"ZNF37A",0
"RP11-508N22.12",0
"RP11-508N22.13",0
"RP11-508N22.6",0
"RP11-508N22.9",0
"RP11-508N22.8",0
"HSD17B7P2",0
"SEPT7P9",0
"LINC00999",0
"CICP9",0
"RP11-291L22.4",0
"PABPC1P8",0
"CCNYL2",0
"LINC00839",0
"ZNF37BP",0
"EIF3LP2",0
"ZNF33B",0
"AL022345.7",0
"RNU6-1170P",0
"AL022344.7",0
"BMS1",0
"RP11-124O11.1",0
"RP11-124O11.2",0
"RET",0
"RP11-351D16.3",0
"CSGALNACT2",0
"RASGEF1A",0
"HNRNPF",0
"RP11-517P14.2",0
"ZNF487",0
"RP11-517P14.7",0
"ZNF239",0
"CAP1P2",0
"ZNF485",0
"ZNF32-AS3",0
"ZNF32",0
"ZNF32-AS1",0
"ZNF32-AS2",0
"HNRNPA3P1",0
"RP11-20J15.3",0
"CXCL12",0
"EIF2AP4",0
"TMEM72-AS1",0
"RP11-285G1.2",0
"TMEM72",0
"RP11-285G1.9",0
"RP11-285G1.14",0
"RASSF4",0
"C10orf10",0
"C10orf25",0
"ZNF22",0
"CEP164P1",0
"RP11-445N18.7",0
"ANKRD30BP3",0
"RP11-445N18.5",0
"OR6D1P",0
"OR13A1",0
"ALOX5",0
"ZFAND4",0
"CTGLF10P",0
"FAM21FP",0
"RP11-671E7.1",0
"FAM21C",0
"RP11-175I17.2",0
"PTPN20A",0
"FRMPD2P2",0
"CTGLF8P",0
"BMS1P1",0
"RNA5SP311",0
"GLUD1P7",0
"DUSP8P3",0
"CTSLP5",0
"RP11-342C24.8",0
"FAM35BP",0
"RP11-38L15.8",0
"RHEBP1",0
"RP11-38L15.2",0
"RP11-38L15.3",0
"SYT15",0
"GPRIN2",0
"LINC00842",0
"NPY4R",0
"HNRNPA1P33",0
"ANXA8L1",0
"AGAP10",0
"BMS1P2",0
"GLUD1P8",0
"DUSP8P4",0
"CTSLP7",0
"RP11-144G6.10",0
"FAM35DP",0
"RHEBP2",0
"RP11-292F22.7",0
"FAM21B",0
"ASAH2C",0
"CTSLP2",0
"GLUD1P6",0
"DUSP8P2",0
"BMS1P6",0
"AGAP9",0
"RNA5SP313",0
"ANXA8",0
"ZNF488",0
"RBP3",0
"GDF10",0
"PTPN20B",0
"FRMPD2P1",0
"BMS1P5",0
"RNA5SP314",0
"GLUD1P2",0
"DUSP8P1",0
"CTSLP3",0
"RP11-508M1.7",0
"CTGLF12P",0
"RNA5SP315",0
"BMS1P7",0
"FRMPD2",0
"MAPK8",0
"ARHGAP22",0
"WDFY4",0
"RP11-523O18.5",0
"RP11-523O18.1",0
"VSTM4",0
"C10orf128",0
"C10orf71-AS1",0
"C10orf71",0
"DRGX",0
"RP11-123B3.2",0
"ERCC6",0
"PGBD3",0
"RP11-140C5.3",0
"CHAT",0
"SLC18A3",0
"C10orf53",0
"OGDHL",0
"RP11-507K13.6",0
"PARG",0
"FAM21D",0
"RP11-592B15.3",0
"RNA5SP316",0
"RP11-592B15.4",0
"TIMM23B",0
"AGAP7",0
"NCOA4",0
"TIMM23",0
"PARGP1",0
"LINC00843",0
"RNA5SP317",0
"AGAP6",0
"RP11-324H6.5",0
"SLC9A3P3",0
"FAM21A",0
"ASAH2",0
"DYNC1I2P1",0
"SGMS1",0
"AC069547.1",0
"RP11-50E11.3",0
"RP11-564C4.6",0
"NUTM2HP",0
"CTSLP4",0
"PGGT1BP1",0
"ASAH2B",0
"A1CF",0
"PRKG1",0
"RP11-96B5.3",0
"RSU1P3",0
"CSTF2T",0
"PRKG1-AS1",0
"MBL2",0
"RP11-319F12.2",0
"RP11-71J2.1",0
"PCDH15",0
"NEFMP1",0
"RP11-264A11.1",0
"RP11-168O22.1",0
"MTRNR2L5",0
"GAPDHP21",0
"ZWINT",0
"RP11-448K10.1",0
"IPMK",0
"TPT1P10",0
"CISD1",0
"RP11-179B15.5",0
"UBE2D1",0
"TFAM",0
"FAM133CP",0
"PHYHIPL",0
"RP11-443O13.3",0
"SLC16A9",0
"LINC00948",0
"C10orf40",0
"ANK3",0
"RP11-388P9.2",0
"RP11-131N11.4",0
"CDK1",0
"RHOBTB1",0
"TMEM26",0
"RP11-809M12.1",0
"C10orf107",0
"ARID5B",0
"ZNF365",0
"RP11-436D10.3",0
"ADO",0
"EGR2",0
"NRBF2",0
"JMJD1C",0
"TATDN1P1",0
"RP11-351O1.4",0
"JMJD1C-AS1",0
"REEP3",0
"RP11-170M17.1",0
"RP11-170M17.2",0
"DBF4P1",0
"RPL17P35",0
"ANXA2P3",0
"RP11-179K3.2",0
"RP11-222A11.1",0
"CTNNA3",0
"LRRTM3",0
"RP11-344A5.1",0
"DNAJC12",0
"DNAJC19P1",0
"RP11-57G10.8",0
"RPL12P8",0
"SIRT1",0
"HERC4",0
"RP11-474D14.2",0
"AL356741.1",0
"POU5F1P5",0
"MYPN",0
"ATOH7",0
"RP11-153K11.3",0
"PBLD",0
"HNRNPH3",0
"RUFY2",0
"DNA2",0
"RP11-9E13.4",0
"SLC25A16",0
"RP11-524O24.2",0
"TMEM14D",0
"TET1",0
"COX20P1",0
"RP11-119F7.3",0
"RP11-119F7.5",0
"MIR1254-1",0
"STOX1",0
"DDX50",0
"DDX21",0
"KIAA1279",0
"MED28P1",0
"SRGN",0
"VPS26A",0
"RP11-259F16.3",0
"SUPV3L1",0
"RP11-227H15.4",0
"HKDC1",0
"HK1",0
"TACR2",0
"TSPAN15",0
"NEUROG3",0
"RP11-343J3.2",0
"C10orf35",0
"COL13A1",0
"RP11-262I2.2",0
"H2AFY2",0
"AIFM2",0
"TYSND1",0
"SAR1A",0
"CALM2P2",0
"RP11-367H5.8",0
"PPA1",0
"NPFFR1",0
"LRRC20",0
"CEP57L1P1",0
"EIF4EBP2",0
"NODAL",0
"AC022532.1",0
"PALD1",0
"YY1P1",0
"PRF1",0
"ADAMTS14",0
"TBATA",0
"SGPL1",0
"RP11-432J9.5",0
"PCBD1",0
"UNC5B",0
"UNC5B-AS1",0
"SLC29A3",0
"CDH23",0
"C10orf105",0
"C10orf54",0
"PSAP",0
"RP11-472G21.2",0
"CHST3",0
"RP11-150D20.5",0
"SPOCK2",0
"ASCC1",0
"RP11-570G20.1",0
"ANAPC16",0
"DDIT4",0
"DNAJB12",0
"MICU1",0
"MCU",0
"RP11-354E23.5",0
"OIT3",0
"NPM1P24",0
"PLA2G12B",0
"RPL17P50",0
"P4HA1",0
"RP11-344N10.4",0
"RP11-344N10.5",0
"NUDT13",0
"RP11-152N13.16",0
"ECD",0
"FAM149B1",0
"EIF4A2P2",0
"MRPS16",0
"DNAJC9-AS1",0
"RP11-152N13.5",0
"TTC18",0
"RNU6-833P",0
"ANXA7",0
"RP11-537A6.9",0
"RP11-345K20.2",0
"MSS51",0
"PPP3CB",0
"RP11-137L10.6",0
"USP54",0
"RP11-137L10.5",0
"RP11-464F9.20",0
"RP11-464F9.22",0
"MYOZ1",0
"SYNPO2L",0
"RP11-464F9.21",0
"AGAP5",0
"RP11-574K11.28",0
"RP11-574K11.29",0
"AC022400.1",0
"BMS1P4",0
"GLUD1P3",0
"DUSP8P5",0
"RP11-574K11.27",0
"SEC24C",0
"FUT11",0
"CHCHD1",0
"ZSWIM8",0
"NDST2",0
"CAMK2G",0
"RP11-574K11.5",0
"RP11-574K11.8",0
"PLAU",0
"C10orf55",0
"VCL",0
"RP11-417O11.5",0
"RP11-178G16.4",0
"RP11-178G16.5",0
"AP3M1",0
"ADK",0
"RP11-46O21.2",0
"POLR3DP1",0
"RP11-222G7.2",0
"KAT6B",0
"RP11-77G23.2",0
"RP11-77G23.5",0
"DUPD1",0
"DUSP13",0
"SAMD8",0
"VDAC2",0
"COMTD1",0
"ZNF503-AS1",0
"RP11-399K21.11",0
"SPA17P1",0
"ZNF503",0
"ZNF503-AS2",0
"RP11-399K21.14",0
"RP11-399K21.10",0
"C10orf11",0
"RP11-325D15.2",0
"KCNMA1",0
"RP11-443A13.5",0
"RP11-428P16.2",0
"RP13-39P12.2",0
"RP13-39P12.3",0
"DLG5",0
"AL391421.1",0
"DLG5-AS1",0
"POLR3A",0
"RPS24",0
"GNAI2P2",0
"LINC00856",0
"LINC00595",0
"RP11-31E13.2",0
"ZMIZ1-AS1",0
"RP11-481G8.2",0
"ZMIZ1",0
"PPIF",0
"ZCCHC24",0
"RP11-342M3.5",0
"EIF5AL1",0
"RP11-589B3.7",0
"SFTPA2",0
"MBL3P",0
"SFTPA1",0
"RP11-589B3.6",0
"RP11-506M13.3",0
"RP11-119F19.2",0
"RP11-182L21.5",0
"BEND3P3",0
"NUTM2B",0
"RP11-773D16.1",0
"RP11-182L21.6",0
"NUTM2E",0
"CTSLP6",0
"PGGT1BP2",0
"MBL1P",0
"SFTPD",0
"RP11-479O17.10",0
"C1DP2",0
"C1DP4",0
"TMEM254-AS1",0
"TMEM254",0
"PLAC9",0
"ANXA11",0
"LINC00857",0
"EIF5AP4",0
"MAT1A",0
"DYDC2",0
"FAM213A",0
"RP11-137H2.6",0
"TSPAN14",0
"RP11-137H2.4",0
"SH2D4B",0
"NRG3",0
"AL096864.1",0
"RP11-202D18.2",0
"NRG3-AS1",0
"RP11-338I21.1",0
"GHITM",0
"CDHR1",0
"LRIT2",0
"LRIT1",0
"RGR",0
"CCSER2",0
"RPL12P29",0
"TNPO1P1",0
"CACYBPP1",0
"RPS3AP5",0
"RNU6-325P",0
"RN7SKP84",0
"GRID1",0
"RP11-93H12.2",0
"RP11-93H12.4",0
"WAPAL",0
"RP11-77P6.2",0
"LDB3",0
"RP11-359E3.4",0
"BMPR1A",0
"RP11-420K10.1",0
"MMRN2",0
"SNCG",0
"ADIRF-AS1",0
"RP11-96C23.5",0
"AGAP11",0
"RP11-96C23.14",0
"RNU6-529P",0
"GLUD1",0
"FAM35A",0
"RP11-96C23.9",0
"RN7SL733P",0
"NUTM2A-AS1",0
"NUTM2A",0
"LINC00863",0
"NUTM2D",0
"NPAP1P3",0
"CTSLP1",0
"MINPP1",0
"RP11-57C13.6",0
"PAPSS2",0
"ATAD1",0
"CFL1P1",0
"RN7SL78P",0
"KLLN",0
"PTEN",0
"RP11-380G5.2",0
"RP11-380G5.3",0
"RNLS",0
"LIPJ",0
"LIPN",0
"LIPM",0
"ANKRD22",0
"STAMBPL1",0
"ACTA2-AS1",0
"ACTA2",0
"FAS",0
"RP11-399O19.9",0
"CH25H",0
"AL353751.1",0
"RP11-149I23.3",0
"IFIT2",0
"IFIT3",0
"IFIT1B",0
"IFIT1",0
"IFIT5",0
"SLC16A12",0
"PANK1",0
"RP11-80H5.2",0
"RP11-80H5.6",0
"RP11-80H5.9",0
"RP11-80H5.7",0
"KIF20B",0
"LINC00865",0
"SNRPD2P1",0
"RP11-15K3.1",0
"RP11-94M14.2",0
"HTR7",0
"RPP30",0
"ANKRD1",0
"RP11-56M3.1",0
"PCGF5",0
"HECTD2",0
"PPP1R3C",0
"TNKS2-AS1",0
"TNKS2",0
"SRP9P1",0
"FGFBP3",0
"RP11-402D21.2",0
"BTAF1",0
"CPEB3",0
"EIF4A1P8",0
"NHP2P1",0
"MARCH5",0
"MARK2P9",0
"IDE",0
"KIF11",0
"HHEX",0
"EXOC6",0
"RP11-348J12.2",0
"CYP26C1",0
"CYP26A1",0
"XRCC6P1",0
"RP11-624L12.1",0
"MYOF",0
"CEP55",0
"RNA5SP323",0
"FFAR4",0
"RBP4",0
"PDE6C",0
"LGI1",0
"SLC35G1",0
"PIPSL",0
"PLCE1",0
"PLCE1-AS1",0
"NOC3L",0
"TBC1D12",0
"HELLS",0
"RP11-119K6.6",0
"CTBP2P2",0
"CYP2C18",0
"CYP2C19",0
"CYP2C9",0
"MTND4P20",0
"PAWRP1",0
"C10orf129",0
"PDLIM1",0
"SORBS1",0
"ALDH18A1",0
"TCTN3",0
"ENTPD1",0
"ENTPD1-AS1",0
"C10orf131",0
"RP11-248J23.6",0
"CC2D2B",0
"CCNJ",0
"ZNF518A",0
"NPM1P25",0
"BLNK",0
"DNTT",0
"OPALIN",0
"TLL2",0
"TM9SF3",0
"NPM1P26",0
"PIK3AP1",0
"RPL13AP5",0
"LCOR",0
"HMGN2P35",0
"C10orf12",0
"RP11-175O19.4",0
"ARHGAP19-SLIT1",0
"SLIT1",0
"RP11-453E2.2",0
"ARHGAP19",0
"RP11-375N9.2",0
"RP11-452K12.3",0
"FRAT1",0
"FRAT2",0
"RP11-452K12.4",0
"RRP12",0
"RP11-452K12.7",0
"AL355490.1",0
"PGAM1",0
"EXOSC1",0
"ZDHHC16",0
"MMS19",0
"UBTD1",0
"ANKRD2",0
"HOGA1",0
"PI4K2A",0
"C10orf62",0
"MORN4",0
"AVPI1",0
"MARVELD1",0
"ZFYVE27",0
"SFRP5",0
"LINC00866",0
"GOLGA7B",0
"CRTAC1",0
"AL139239.1",0
"R3HCC1L",0
"LOXL4",0
"RP11-34A14.3",0
"PYROXD2",0
"HPS1",0
"MIR4685",0
"HPSE2",0
"GOT1",0
"RP11-441O15.3",0
"SLC25A28",0
"RP11-85A1.3",0
"RP11-483F11.7",0
"ENTPD7",0
"EBAG9P1",0
"CUTC",0
"COX15",0
"ABCC2",0
"DNMBP",0
"CPN1",0
"ERLIN1",0
"CHUK",0
"RP11-316M21.7",0
"RP11-316M21.6",0
"CWF19L1",0
"PHBP9",0
"BLOC1S2",0
"PKD2L1",0
"RP11-34D15.2",0
"SCD",0
"LINC00263",0
"RP11-285F16.1",0
"WNT8B",0
"NDUFB8",0
"HIF1AN",0
"PAX2",0
"RP11-179B2.2",0
"FAM178A",0
"RP11-108L7.14",0
"MRPL43",0
"SEMA4G",0
"MIR608",0
"RP11-108L7.4",0
"C10orf2",0
"LZTS2",0
"PDZD7",0
"SFXN3",0
"RP11-108L7.15",0
"KAZALD1",0
"TLX1",0
"LBX1",0
"LBX1-AS1",0
"RP11-107I14.4",0
"RP11-107I14.2",0
"RP11-107I14.5",0
"BTRC",0
"DPCD",0
"POLL",0
"FBXW4",0
"RNU6-1165P",0
"FGF8",0
"NPM3",0
"MGEA5",0
"KCNIP2-AS1",0
"KCNIP2",0
"C10orf76",0
"RP11-302K17.3",0
"RP11-302K17.4",0
"LDB1",0
"PPRC1",0
"ELOVL3",0
"PITX3",0
"GBF1",0
"NFKB2",0
"PSD",0
"FBXL15",0
"CUEDC2",0
"RP11-18I14.10",0
"C10orf95",0
"TMEM180",0
"ACTR1A",0
"SUFU",0
"RN7SL21P",0
"RP11-170J3.2",0
"RP11-47A8.5",0
"TRIM8",0
"ARL3",0
"SFXN2",0
"WBP1L",0
"CYP17A1",0
"CYP17A1-AS1",0
"PFN1P11",0
"PTGES3P4",0
"C10orf32",0
"RNU6-372P",0
"AS3MT",0
"RP11-724N1.1",0
"CNNM2",0
"NT5C2",0
"RP11-332O19.2",0
"MARCKSL1P1",0
"ST13P13",0
"RPEL1",0
"INA",0
"PCGF6",0
"RNU11-3P",0
"TAF5",0
"USMG5",0
"PDCD11",0
"CALHM2",0
"RP11-225H22.4",0
"CALHM1",0
"CALHM3",0
"RP11-225H22.5",0
"NEURL1",0
"SH3PXD2A",0
"RP11-416N2.4",0
"RP11-541N10.3",0
"OBFC1",0
"SLK",0
"COL17A1",0
"SFR1",0
"WDR96",0
"GSTO1",0
"MIR4482-1",0
"GSTO2",0
"ITPRIP",0
"RP11-127L20.3",0
"CCDC147-AS1",0
"CCDC147",0
"RP11-127O4.3",0
"SORCS3",0
"SORCS3-AS1",0
"RP11-45P22.2",0
"YWHAZP5",0
"RP11-56I23.1",0
"SORCS1",0
"RP11-215N21.1",0
"RP11-566F5.2",0
"RP11-566F5.1",0
"XPNPEP1",0
"RP11-451M19.3",0
"ADD3",0
"MXI1",0
"RP11-549L6.3",0
"RP11-549L6.2",0
"SMNDC1",0
"DUSP5",0
"SMC3",0
"RBM20",0
"RP11-313D6.3",0
"PDCD4-AS1",0
"PDCD4",0
"BBIP1",0
"RP11-348N5.7",0
"SHOC2",0
"RPL13AP6",0
"ADRA2A",0
"GPAM",0
"TECTB",0
"ACSL5",0
"RP11-324O2.6",0
"ZDHHC6",0
"VTI1A",0
"RP11-214N15.5",0
"RP11-57H14.4",0
"RP11-57H14.3",0
"TCF7L2",0
"RP11-57H14.2",0
"RP11-139K1.2",0
"RP11-481H12.1",0
"HABP2",0
"NRAP",0
"CASP7",0
"RP11-211N11.5",0
"DCLRE1A",0
"NHLRC2",0
"ADRB1",0
"C10orf118",0
"VWA2",0
"AFAP1L2",0
"RN7SL384P",0
"ABLIM1",0
"RP11-317F20.2",0
"PPIAP19",0
"RP11-106M7.1",0
"TAF9BP2",0
"FAM160B1",0
"TRUB1",0
"RNU6-1121P",0
"RP11-383C6.2",0
"ATRNL1",0
"GFRA1",0
"CCDC172",0
"PNLIP",0
"PNLIPRP1",0
"PNLIPRP2",0
"C10orf82",0
"HSPA12A",0
"RP11-539I5.1",0
"ENO4",0
"KIAA1598",0
"RP11-5G18.2",0
"VAX1",0
"RP11-501J20.5",0
"SLC18A2",0
"PDZD8",0
"EMX2OS",0
"EMX2",0
"RAB11FIP2",0
"RP11-354M20.3",0
"CASC2",0
"FAM204A",0
"LINC00867",0
"CACUL1",0
"RP11-215A21.2",0
"RP11-498J9.2",0
"AL157788.1",0
"NANOS1",0
"EIF3A",0
"FAM45A",0
"SFXN4",0
"PRDX3",0
"GRK5",0
"GRK5-IT1",0
"RN7SL749P",0
"RP11-79M19.2",0
"TIAL1",0
"BAG3",0
"TXNP1",0
"INPP5F",0
"RN7SL846P",0
"PHACTR2P1",0
"MCMBP",0
"SEC23IP",0
"MIR4682",0
"RP11-572P18.1",0
"PPAPDC1A",0
"C10orf85",0
"WDR11-AS1",0
"WDR11",0
"RP11-95I16.4",0
"RP11-159H3.1",0
"ATE1",0
"ATE1-AS1",0
"NSMCE4A",0
"BTBD16",0
"PLEKHA1",0
"ARMS2",0
"HTRA1",0
"DMBT1",0
"CUZD1",0
"FAM24B",0
"RP11-564D11.3",0
"C10orf88",0
"PSTK",0
"IKZF5",0
"ACADSB",0
"HMX3",0
"HMX2",0
"BUB3",0
"RP11-282I1.1",0
"GPR26",0
"CPXM2",0
"YBX2P1",0
"RP11-47G11.2",0
"CHST15",0
"OAT",0
"RP13-238F13.5",0
"NKX1-2",0
"RP13-238F13.3",0
"LHPP",0
"RPS10P18",0
"RP11-12J10.3",0
"FAM53B",0
"FAM53B-AS1",0
"METTL10",0
"FAM175B",0
"RP11-298J20.4",0
"ZRANB1",0
"CTBP2",0
"MIR4296",0
"RP11-383C5.3",0
"RP11-383C5.4",0
"EDRF1",0
"EDRF1-AS1",0
"MMP21",0
"UROS",0
"BCCIP",0
"DHX32",0
"AL360176.1",0
"FANK1",0
"ADAM12",0
"LINC00601",0
"C10orf90",0
"DOCK1",0
"NPS",0
"AL391005.1",0
"FOXI2",0
"CLRN3",0
"PTPRE",0
"RP11-4C20.3",0
"RP11-4C20.4",0
"MKI67",0
"MGMT",0
"RP11-109A6.3",0
"EBF3",0
"MIR4297",0
"LINC00959",0
"CTAGE7P",0
"PPIAP32",0
"GLRX3",0
"TCERG1L",0
"TCERG1L-AS1",0
"AL450307.1",0
"PPP2R2D",0
"BNIP3",0
"JAKMIP3",0
"RP11-140A10.3",0
"DPYSL4",0
"STK32C",0
"LRRC27",0
"PWWP2B",0
"RP11-432J24.2",0
"RP11-432J24.3",0
"C10orf91",0
"RP11-432J24.5",0
"LINC01165",0
"INPP5A",0
"RP11-288G11.3",0
"NKX6-2",0
"TTC40",0
"LINC01166",0
"LINC01168",0
"GPR123",0
"GPR123-AS1",0
"AL445199.1",0
"KNDC1",0
"UTF1",0
"VENTX",0
"ADAM8",0
"TUBGCP2",0
"RP11-122K13.12",0
"ZNF511",0
"RP11-122K13.14",0
"CALY",0
"BANF1P2",0
"RP11-122K13.7",0
"PRAP1",0
"FUOM",0
"ECHS1",0
"MIR3944",0
"PAOX",0
"RP11-108K14.8",0
"MTG1",0
"OR6L2P",0
"RP11-108K14.4",0
"OR7M1P",0
"RARRES2P2",0
"AGGF1P2",0
"RPL23AP60",0
"RP11-304M2.6",0
"CICP23",0
"LINC01001",0
"BET1L",0
"ODF3",0
"RIC8A",0
"SIRT3",0
"PSMD13",0
"NLRP6",0
"RP11-326C3.2",0
"ATHL1",0
"IFITM5",0
"RP11-326C3.4",0
"IFITM2",0
"RP11-326C3.7",0
"IFITM1",0
"RP11-326C3.11",0
"IFITM3",0
"RP11-326C3.14",0
"RP11-326C3.13",0
"RP11-326C3.12",0
"RP11-326C3.15",0
"B4GALNT4",0
"PKP3",0
"SIGIRR",0
"ANO9",0
"RN7SL838P",0
"PTDSS2",0
"RP13-317D12.3",0
"RNH1",0
"RP13-46H24.1",0
"HRAS",0
"LRRC56",0
"C11orf35",0
"RP11-496I9.1",0
"RASSF7",0
"MIR210HG",0
"MIR210",0
"PHRF1",0
"IRF7",0
"CDHR5",0
"SCT",0
"DRD4",0
"DEAF1",0
"RP11-754B17.1",0
"EPS8L2",0
"TMEM80",0
"AP006621.9",0
"TALDO1",0
"PDDC1",0
"AP006621.5",0
"AP006621.1",0
"AP006621.6",0
"CEND1",0
"SLC25A22",0
"PIDD",0
"RPLP2",0
"PNPLA2",0
"AP006621.8",0
"EFCAB4A",0
"CD151",0
"POLR2L",0
"TSPAN4",0
"RP11-1391J7.1",0
"CHID1",0
"AP2A2",0
"MUC6",0
"RP13-870H17.3",0
"MUC2",0
"MUC5AC",0
"MUC5B",0
"TOLLIP",0
"TOLLIP-AS1",0
"BRSK2",0
"MOB2",0
"DUSP8",0
"KRTAP5-AS1",0
"KRTAP5-1",0
"KRTAP5-2",0
"KRTAP5-4",0
"IFITM10",0
"CTSD",0
"AC068580.6",0
"AC068580.5",0
"SYT8",0
"TNNI2",0
"LSP1",0
"C11orf89",0
"TNNT3",0
"MRPL23",0
"MRPL23-AS1",0
"AC051649.6",0
"H19",0
"IGF2",0
"MIR483",0
"IGF2-AS",0
"TH",0
"ASCL2",0
"C11orf21",0
"TSPAN32",0
"RNU6-878P",0
"CD81-AS1",0
"CD81",0
"TSSC4",0
"KCNQ1",0
"KCNQ1OT1",0
"KCNQ1-AS1",0
"KCNQ1DN",0
"CDKN1C",0
"SLC22A18AS",0
"SLC22A18",0
"NAP1L4",0
"SNORA54",0
"AC131971.1",0
"CARS",0
"CARS-AS1",0
"RNU1-91P",0
"AC108448.2",0
"OSBPL5",0
"AC108448.3",0
"MRGPRG",0
"MRGPRG-AS1",0
"RP5-1173A5.1",0
"TSSC2",0
"OR7E12P",0
"FAM86GP",0
"RP13-726E6.1",0
"RP13-726E6.2",0
"OR7E117P",0
"TRPC2",0
"ART5",0
"ART1",0
"CHRNA10",0
"NUP98",0
"PGAP2",0
"AC090587.2",0
"RHOG",0
"AC090587.5",0
"STIM1",0
"AC090587.4",0
"AC090804.1",0
"HNRNPA1P76",0
"RRM1",0
"RRM1-AS1",0
"RP11-23F23.2",0
"OR52B4",0
"OR52B3P",0
"TRIM21",0
"OR52K3P",0
"OR52I1",0
"TRIM68",0
"OR51E1",0
"OR51E2",0
"OR51C1P",0
"MMP26",0
"OR51A5P",0
"OR52A1",0
"HBG2",0
"HBE1",0
"OR51AB1P",0
"OR51B4",0
"AC104389.28",0
"OR51B3P",0
"UBQLNL",0
"AC087380.14",0
"OR52V1P",0
"OR52H1",0
"HNRNPA1P53",0
"OR52B6",0
"TRIM6",0
"TRIM5",0
"TRIM22",0
"OR52P1P",0
"OR52N4",0
"OR52N2",0
"AC025016.1",0
"OR56B4",0
"RP11-290F24.3",0
"OR52W1",0
"RP11-290F24.6",0
"C11orf42",0
"FAM160A2",0
"CNGA4",0
"CCKBR",0
"PRKCDBP",0
"SMPD1",0
"APBB1",0
"HPX",0
"TRIM3",0
"ARFIP2",0
"TIMM10B",0
"CTD-2010I16.1",0
"DNHD1",0
"RRP8",0
"ILK",0
"TAF10",0
"TPP1",0
"RP11-732A19.9",0
"DCHS1",0
"RP11-732A19.6",0
"MRPL17",0
"RP11-732A19.1",0
"GVINP1",0
"GVINP2",0
"OR2AG2",0
"OR6A2",0
"OR2D2",0
"OR2D3",0
"ZNF215",0
"ZNF214",0
"NLRP14",0
"RBMXL2",0
"SYT9",0
"CTD-2516F10.2",0
"OLFML1",0
"PPFIBP2",0
"CYB5R2",0
"OVCH2",0
"RP11-35J10.4",0
"OR10AB1P",0
"RP11-494M8.4",0
"OR5E1P",0
"OR10A6",0
"OR10A3",0
"NLRP10",0
"EIF3F",0
"TUB",0
"RP11-236J17.6",0
"RP11-236J17.5",0
"RIC3",0
"RP11-379P15.1",0
"LMO1",0
"STK33",0
"RP11-152H18.4",0
"RPL27A",0
"SNORA45",0
"ST5",0
"RP11-318C2.1",0
"C11orf16",0
"ASCL3",0
"TMEM9B",0
"TMEM9B-AS1",0
"NRIP3",0
"RP11-467K18.2",0
"SCUBE2",0
"KRT8P41",0
"DENND5A",0
"RP11-5L12.1",0
"TMEM41B",0
"IPO7",0
"SNORA23",0
"CTD-2371O3.2",0
"AC132192.1",0
"ZNF143",0
"RP11-16F15.1",0
"SWAP70",0
"RP11-540A21.2",0
"SBF2-AS1",0
"SBF2",0
"RP11-748C4.1",0
"RP11-351I24.3",0
"RP11-351I24.1",0
"ADM",0
"AMPD3",0
"MTRNR2L8",0
"RNF141",0
"MRVI1-AS1",0
"LYVE1",0
"MRVI1",0
"CTR9",0
"EIF4G2",0
"RP11-685M7.3",0
"ZBED5",0
"ZBED5-AS1",0
"RP11-179A10.1",0
"CTD-3224I3.3",0
"GALNT18",0
"CSNK2A3",0
"USP47",0
"CTD-2381F24.1",0
"DKK3",0
"RP13-631K18.3",0
"MICAL2",0
"MICALCL",0
"PARVA",0
"RP11-51B23.3",0
"TEAD1",0
"RP11-47J17.3",0
"LINC00958",0
"CTC-497E21.3",0
"RASSF10",0
"ARNTL",0
"BTBD10",0
"PTH",0
"FAR1",0
"FAR1-IT1",0
"RP11-231N3.1",0
"SPON1",0
"RP11-21L19.1",0
"RRAS2",0
"RP11-140L24.3",0
"COPB1",0
"RNU7-49P",0
"PSMA1",0
"PDE3B",0
"RP11-677N16.1",0
"CYP2R1",0
"CALCB",0
"CALCA",0
"INSC",0
"RP11-531H8.1",0
"RP11-396O20.1",0
"RP11-396O20.2",0
"SOX6",0
"RP11-449L13.2",0
"C11orf58",0
"PLEKHA7",0
"RP11-466H18.1",0
"OR7E14P",0
"AC116533.1",0
"RPS13",0
"SNORD14A",0
"PIK3C2A",0
"RNU6-593P",0
"CTD-3236F5.1",0
"NUCB2",0
"RP11-452G18.2",0
"NCR3LG1",0
"RP1-239B22.5",0
"KCNJ11",0
"SDHCP4",0
"USH1C",0
"OTOG",0
"MYOD1",0
"KCNC1",0
"SERGEF",0
"TPH1",0
"SAAL1",0
"SAA4",0
"SAA2",0
"ST13P5",0
"SAA1",0
"HPS5",0
"GTF2H1",0
"LDHA",0
"AC084117.3",0
"LDHC",0
"LDHAL6A",0
"TSG101",0
"RP11-613F22.5",0
"RP11-613F22.8",0
"RP11-613F22.6",0
"UEVLD",0
"RP11-504G3.4",0
"SPTY2D1-AS1",0
"SPTY2D1",0
"RP11-137N23.1",0
"TMEM86A",0
"IGSF22",0
"RP11-1081L13.4",0
"PTPN5",0
"ZDHHC13",0
"CSRP3",0
"RP11-428C19.4",0
"E2F8",0
"RP11-428C19.5",0
"NAV2",0
"NAV2-IT1",0
"NAV2-AS5",0
"NAV2-AS4",0
"RP11-359E10.1",0
"DBX1",0
"HTATIP2",0
"PRMT3",0
"SLC6A5",0
"RP11-701I24.3",0
"RP11-670N15.1",0
"CTD-2302A16.2",0
"ANO5",0
"CTD-3064C13.1",0
"CTD-2140G10.2",0
"SLC17A6",0
"CTD-2140G10.4",0
"FANCF",0
"GAS2",0
"SVIP",0
"RP11-17A1.3",0
"RP11-266A24.1",0
"LUZP2",0
"CTC-830E23.1",0
"ANO3",0
"MUC15",0
"SLC5A12",0
"FIBIN",0
"BBOX1",0
"CCDC34",0
"LGR4",0
"RP11-159H22.2",0
"LIN7C",0
"RP11-587D21.1",0
"LINC00678",0
"BDNF",0
"RP11-587D21.4",0
"RP11-1033A18.1",0
"RP11-406D1.2",0
"KIF18A",0
"METTL15",0
"RP11-797J4.1",0
"RN7SKP158",0
"RP11-22P4.1",0
"RP11-22P4.2",0
"RP11-460B17.3",0
"RP11-215H22.1",0
"KCNA4",0
"RP11-624D11.2",0
"ARL14EP",0
"RP4-710M3.1",0
"MPPED2",0
"RP4-710M3.2",0
"RP5-1024C24.1",0
"DCDC1",0
"RP1-296L11.1",0
"DNAJC24",0
"IMMP1L",0
"AC108456.1",0
"ELP4",0
"Z83001.1",0
"PAX6",0
"RCN1",0
"RP1-65P5.1",0
"WT1",0
"WT1-AS",0
"EIF3M",0
"CCDC73",0
"PRRG4",0
"QSER1",0
"DEPDC7",0
"TCP11L1",0
"PIGCP1",0
"CSTF3",0
"CSTF3-AS1",0
"RP1-89D4.1",0
"HIPK3",0
"RP1-130L23.1",0
"RP1-305G21.1",0
"KIAA1549L",0
"RP4-541C22.5",0
"C11orf91",0
"CD59",0
"FBXO3",0
"LMO2",0
"CAPRIN1",0
"NAT10",0
"ABTB2",0
"RP1-145M24.1",0
"CAT",0
"ELF5",0
"EHF",0
"RP11-350D17.3",0
"RP4-743O11.1",0
"APIP",0
"PDHX",0
"CD44",0
"RP1-68D18.4",0
"RP1-68D18.2",0
"RP1-68D18.3",0
"RP4-683L5.1",0
"PAMR1",0
"RP5-945I17.2",0
"FJX1",0
"TRIM44",0
"RP11-698N11.4",0
"LDLRAD3",0
"RP5-916O11.3",0
"RP5-916O11.2",0
"LINC00610",0
"COMMD9",0
"PRR5L",0
"TRAF6",0
"RAG1",0
"RAG2",0
"C11orf74",0
"CTD-2119L1.1",0
"LRRC4C",0
"HNRNPKP3",0
"API5",0
"RP11-484D2.2",0
"TTC17",0
"RP11-484D2.5",0
"RP11-484D2.4",0
"RN7SKP287",0
"RP11-484D2.3",0
"HSD17B12",0
"MIR670HG",0
"RP11-472I20.1",0
"RP11-472I20.2",0
"RP11-613D13.5",0
"ALKBH3",0
"SEC14L1P1",0
"ALKBH3-AS1",0
"RP11-613D13.4",0
"C11orf96",0
"RP11-613D13.8",0
"ACCSL",0
"ACCS",0
"CTD-2609K8.3",0
"EXT2",0
"ALX4",0
"RP11-58K22.1",0
"CD82",0
"RP11-45A12.1",0
"RP11-45A12.2",0
"TSPAN18",0
"TP53I11",0
"PRDM11",0
"CTD-2560E9.3",0
"SYT13",0
"CTD-2560E9.5",0
"RP11-430H10.1",0
"RP11-430H10.2",0
"RP11-430H10.3",0
"RP11-958J22.1",0
"CHST1",0
"RP11-495O11.1",0
"CTD-2210P24.6",0
"CRY2",0
"MAPK8IP1",0
"C11orf94",0
"PEX16",0
"GYLTL1B",0
"PHF21A",0
"RP11-702F3.1",0
"CTD-2589M5.5",0
"CTD-2589M5.4",0
"CREB3L1",0
"DGKZ",0
"MDK",0
"CHRM4",0
"AMBRA1",0
"RP11-425L10.1",0
"HARBI1",0
"ATG13",0
"ARHGAP1",0
"ZNF408",0
"F2",0
"CKAP5",0
"MIR5582",0
"SNORD67",0
"LRP4-AS1",0
"LRP4",0
"C11orf49",0
"RP11-390K5.3",0
"ARFGAP2",0
"RP11-390K5.6",0
"PACSIN3",0
"RP11-390K5.1",0
"DDB2",0
"RP11-17G12.2",0
"ACP2",0
"NR1H3",0
"MADD",0
"RP11-17G12.3",0
"MYBPC3",0
"SPI1",0
"RP11-750H9.5",0
"SLC39A13",0
"RAPSN",0
"CELF1",0
"RP11-750H9.7",0
"RN7SL652P",0
"NDUFS3",0
"PTPMT1",0
"KBTBD4",0
"RNU5E-10P",0
"FAM180B",0
"C1QTNF4",0
"MTCH2",0
"AGBL2",0
"FNBP4",0
"NUP160",0
"RP11-692M12.5",0
"RP11-692M12.4",0
"PTPRJ",0
"TRIM49B",0
"FOLH1",0
"RP11-61N20.3",0
"RP11-707M1.1",0
"RP11-347H15.5",0
"OR7E5P",0
"RP11-59K5.1",0
"AP000479.1",0
"OR5AK4P",0
"OR5AO1P",0
"LRRC55",0
"APLNR",0
"TNKS1BP1",0
"RP11-872D17.4",0
"SSRP1",0
"AP000781.1",0
"PRG3",0
"PRG2",0
"SLC43A3",0
"RTN4RL2",0
"SLC43A1",0
"TIMM10",0
"UBE2L6",0
"SERPING1",0
"AP000662.4",0
"MIR130A",0
"YPEL4",0
"CLP1",0
"ZDHHC5",0
"MED19",0
"TMX2",0
"AP000662.9",0
"C11orf31",0
"RP11-691N7.6",0
"BTBD18",0
"CTNND1",0
"RP11-659P15.1",0
"OR5B12",0
"RP11-655C2.3",0
"OR5B21",0
"LPXN",0
"ZFP91",0
"AP001350.1",0
"CNTF",0
"GLYAT",0
"TMA16P1",0
"GLYATL2",0
"GLYATL1P2",0
"GLYATL1",0
"RP11-142C4.6",0
"RP11-142C4.4",0
"GLYATL1P1",0
"RP11-142C4.5",0
"GLYATL1P4",0
"GLYATL1P3",0
"FAM111B",0
"AP001258.4",0
"AP001258.5",0
"FAM111A",0
"DTX4",0
"MPEG1",0
"RN7SL42P",0
"AP000442.4",0
"OSBP",0
"AP000442.1",0
"PATL1",0
"AP000640.2",0
"STX3",0
"OR10V3P",0
"OR10V2P",0
"AP000640.10",0
"FABP5P7",0
"MRPL16",0
"GIF",0
"OOSP1",0
"MS4A6A",0
"MS4A4E",0
"MS4A7",0
"MS4A14",0
"MS4A12",0
"MS4A8",0
"MS4A15",0
"RP11-804A23.2",0
"CCDC86",0
"PTGDR2",0
"ZP1",0
"PRPF19",0
"RP11-881M11.2",0
"RP11-881M11.1",0
"TMEM109",0
"RP11-881M11.4",0
"TMEM132A",0
"SLC15A3",0
"CD6",0
"CD5",0
"VPS37C",0
"PGA3",0
"PGA4",0
"PGA5",0
"VWCE",0
"DDB1",0
"DAK",0
"CYB561A3",0
"TMEM138",0
"TMEM216",0
"CPSF7",0
"RP11-286N22.8",0
"SDHAF2",0
"RN7SL23P",0
"RP11-286N22.10",0
"LRRC10B",0
"SYT7",0
"RP11-794G24.1",0
"RP11-855O10.2",0
"RPLP0P2",0
"RP11-855O10.3",0
"DAGLA",0
"RP11-467L20.10",0
"MYRF",0
"TMEM258",0
"FEN1",0
"FADS2",0
"FADS1",0
"FADS3",0
"BEST1",0
"FTH1",0
"AP003733.1",0
"INCENP",0
"RP11-703H8.7",0
"ASRGL1",0
"RCC2P6",0
"SCGB1A1",0
"CTD-2531D15.4",0
"AHNAK",0
"RP11-864I4.4",0
"MIR3654",0
"TUT1",0
"MTA2",0
"EML3",0
"RP11-831H9.3",0
"ROM1",0
"B3GAT3",0
"GANAB",0
"INTS5",0
"C11orf48",0
"METTL12",0
"C11orf83",0
"UBXN1",0
"LRRN4CL",0
"HNRNPUL2-BSCL2",0
"BSCL2",0
"GNG3",0
"HNRNPUL2",0
"TTC9C",0
"ZBTB3",0
"POLR2G",0
"RP11-727F15.11",0
"TAF6L",0
"TMEM223",0
"RP11-727F15.12",0
"TMEM179B",0
"NXF1",0
"STX5",0
"RP11-727F15.13",0
"RNU6-118P",0
"RN7SL119P",0
"RP11-727F15.9",0
"WDR74",0
"SNHG1",0
"SLC3A2",0
"CHRM1",0
"AP000438.2",0
"SLC22A6",0
"SLC22A8",0
"SLC22A10",0
"SLC22A9",0
"HRASLS5",0
"LGALS12",0
"RARRES3",0
"PLA2G16",0
"ATL3",0
"RP11-697H9.4",0
"RTN3",0
"RP11-697H9.5",0
"C11orf95",0
"RP11-466C23.4",0
"C11orf84",0
"MARK2",0
"NAA40",0
"RNU6-45P",0
"COX8A",0
"OTUB1",0
"MACROD1",0
"RP11-21A7A.2",0
"RP11-21A7A.4",0
"FLRT1",0
"RP11-21A7A.3",0
"STIP1",0
"FERMT3",0
"TRPT1",0
"NUDT22",0
"RP11-783K16.14",0
"DNAJC4",0
"VEGFB",0
"FKBP2",0
"PPP1R14B",0
"RP11-783K16.5",0
"RP11-783K16.13",0
"PLCB3",0
"BAD",0
"GPR137",0
"KCNK4",0
"RP11-783K16.10",0
"ESRRA",0
"TRMT112",0
"PRDX5",0
"AP003774.1",0
"CCDC88B",0
"RPS6KA4",0
"AP003774.6",0
"AP003774.4",0
"SLC22A11",0
"SLC22A12",0
"NRXN2",0
"AP001092.4",0
"RASGRP2",0
"PYGM",0
"SF1",0
"AP001462.6",0
"RP11-869B15.1",0
"MAP4K2",0
"MEN1",0
"CDC42BPG",0
"EHD1",0
"RP11-665N17.4",0
"ATG2A",0
"PPP2R5B",0
"GPHA2",0
"C11orf85",0
"ARL2",0
"AP000436.4",0
"SNX15",0
"SAC3D1",0
"NAALADL1",0
"CDCA5",0
"ZFPL1",0
"VPS51",0
"TM7SF2",0
"ZNHIT2",0
"FAU",0
"SYVN1",0
"MRPL49",0
"SPDYC",0
"AP003068.18",0
"AP003068.23",0
"CAPN1",0
"SLC22A20",0
"POLA2",0
"CDC42EP2",0
"TIGD3",0
"SLC25A45",0
"FRMD8",0
"AP000769.1",0
"MALAT1",0
"SCYL1",0
"LTBP3",0
"SSSCA1-AS1",0
"SSSCA1",0
"FAM89B",0
"EHBP1L1",0
"KCNK7",0
"MAP3K11",0
"PCNXL3",0
"SIPA1",0
"MIR4489",0
"RELA",0
"KAT5",0
"RNASEH2C",0
"KRT8P26",0
"RP11-770G2.2",0
"AP5B1",0
"OVOL1",0
"OVOL1-AS1",0
"CFL1",0
"SNX32",0
"MUS81",0
"EFEMP2",0
"CTSW",0
"FIBP",0
"CCDC85B",0
"FOSL1",0
"C11orf68",0
"DRAP1",0
"TSGA10IP",0
"SART1",0
"RP11-1167A19.6",0
"EIF1AD",0
"BANF1",0
"CST6",0
"CATSPER1",0
"GAL3ST3",0
"SF3B2",0
"RP11-1167A19.2",0
"PACS1",0
"RP11-755F10.1",0
"KLC2",0
"RP11-755F10.3",0
"RP11-867G23.1",0
"RP11-867G23.2",0
"RAB1B",0
"RP11-867G23.3",0
"CNIH2",0
"YIF1A",0
"TMEM151A",0
"RP11-867G23.13",0
"RIN1",0
"RP11-867G23.12",0
"BRMS1",0
"B3GNT1",0
"RP11-867G23.8",0
"SLC29A2",0
"RP11-867G23.10",0
"NPAS4",0
"MRPL11",0
"CTD-3074O7.7",0
"PELI3",0
"CTD-3074O7.5",0
"DPP3",0
"BBS1",0
"ZDHHC24",0
"CTD-3074O7.12",0
"ACTN3",0
"CTD-3074O7.2",0
"CTSF",0
"CCDC87",0
"CCS",0
"RNU4-39P",0
"RBM14",0
"RBM4",0
"RBM14-RBM4",0
"RBM4B",0
"SPTBN2",0
"RN7SL12P",0
"C11orf80",0
"RP11-658F2.3",0
"FTLP6",0
"RCE1",0
"PC",0
"LRFN4",0
"C11orf86",0
"SYT12",0
"RHOD",0
"KDM2A",0
"AP001885.1",0
"ADRBK1",0
"ANKRD13D",0
"SSH3",0
"POLD4",0
"RN7SKP239",0
"CLCF1",0
"RAD9A",0
"RNU6-1238P",0
"PPP1CA",0
"TBC1D10C",0
"CARNS1",0
"RPS6KB2",0
"PTPRCAP",0
"CORO1B",0
"CABP4",0
"CTC-1337H24.1",0
"CTC-1337H24.2",0
"TMEM134",0
"AIP",0
"PITPNM1",0
"CDK2AP2",0
"GSTP1",0
"C11orf72",0
"RP11-655M14.12",0
"DOC2GP",0
"RP11-655M14.13",0
"NUDT8",0
"TBX10",0
"ACY3",0
"ALDH3B2",0
"RPL37P2",0
"UNC93B5",0
"ALG1L8P",0
"FAM86C2P",0
"RP11-119D9.1",0
"RPS3AP40",0
"AC004924.1",0
"RP5-903G2.2",0
"UNC93B1",0
"ALDH3B1",0
"RP5-901A4.1",0
"NDUFS8",0
"TCIRG1",0
"RP11-802E16.3",0
"CHKA",0
"CTD-2655K5.1",0
"SUV420H1",0
"C11orf24",0
"LRP5",0
"PPP6R3",0
"NDUFA3P2",0
"CTD-2007L18.5",0
"GAL",0
"MTL5",0
"CPT1A",0
"RP11-757G1.6",0
"MRPL21",0
"IGHMBP2",0
"RP11-757G1.5",0
"RP11-554A11.4",0
"MRGPRF",0
"RP11-554A11.6",0
"TPCN2",0
"MIR3164",0
"RP11-554A11.7",0
"RP11-554A11.8",0
"RP11-554A11.9",0
"MYEOV",0
"RP11-211G23.2",0
"ORAOV1",0
"FGF19",0
"AP001888.1",0
"FGF4",0
"FGF3",0
"RP11-626H12.1",0
"RP11-626H12.2",0
"ANO1",0
"FADD",0
"PPFIA1",0
"H2AFZP4",0
"AP000487.6",0
"CTA-797E19.1",0
"AP000487.4",0
"AP000487.5",0
"CTTN",0
"SHANK2",0
"AP001271.3",0
"SHANK2-AS1",0
"SHANK2-AS2",0
"AP002387.1",0
"DHCR7",0
"RP11-660L16.2",0
"NADSYN1",0
"RP11-684B2.3",0
"KRTAP5-7",0
"KRTAP5-8",0
"KRTAP5-9",0
"KRTAP5-10",0
"KRTAP5-11",0
"AP000867.1",0
"OR7E87P",0
"UNC93B6",0
"ENPP7P8",0
"FAM86C1",0
"CTD-2313N18.5",0
"ALG1L9P",0
"AP002495.1",0
"ZNF705E",0
"DEFB108B",0
"CTD-2313N18.8",0
"RP11-849H4.2",0
"OR7E128P",0
"OR7E126P",0
"AP000719.1",0
"RNF121",0
"IL18BP",0
"NUMA1",0
"RP11-849H4.4",0
"LRTOMT",0
"LAMTOR1",0
"ANAPC15",0
"FOLR3",0
"FOLR1",0
"INPPL1",0
"PHOX2A",0
"AP000593.5",0
"AP000593.6",0
"CLPB",0
"AP000593.7",0
"RP11-45F15.2",0
"RP11-169D4.1",0
"PDE2A",0
"RP11-169D4.2",0
"ARAP1",0
"RPS12P20",0
"STARD10",0
"ATG16L2",0
"FCHSD2",0
"AP002381.2",0
"P2RY2",0
"RP11-800A3.4",0
"P2RY6",0
"RP11-800A3.7",0
"ARHGEF17",0
"RELT",0
"FAM168A",0
"RP11-809N8.4",0
"HMGN2P38",0
"PLEKHB1",0
"RAB6A",0
"RP11-456I15.2",0
"MRPL48",0
"RN7SKP243",0
"COA4",0
"PAAF1",0
"RP11-707G14.8",0
"RP11-707G14.7",0
"DNAJB13",0
"RP11-167N4.2",0
"RP11-167N4.5",0
"RP11-167N4.4",0
"C2CD3",0
"PPME1",0
"P4HA3",0
"PGM2L1",0
"HNRNPA1P40",0
"RP11-702H23.4",0
"RP11-632K5.2",0
"KCNE3",0
"RP11-702H23.2",0
"LIPT2",0
"POLD3",0
"CHRDL2",0
"RP11-864N7.2",0
"RNF169",0
"XRRA1",0
"RN7SL239P",0
"RP11-147I3.1",0
"SPCS2",0
"RNU6-216P",0
"NEU3",0
"SLCO2B1",0
"CTD-2562J17.4",0
"ZDHHC20P3",0
"TPBGL",0
"CTD-2562J17.7",0
"ARRB1",0
"RPS3",0
"SNORD15B",0
"GDPD5",0
"SERPINH1",0
"CTD-2530H12.4",0
"MAP6",0
"CTD-2530H12.8",0
"CTD-2530H12.7",0
"CTD-2530H12.5",0
"MOGAT2",0
"DGAT2",0
"CTD-2530H12.2",0
"RP11-535A19.1",0
"RP11-535A19.2",0
"UVRAG",0
"CTD-2011F17.2",0
"WNT11",0
"RP11-619A14.2",0
"RP11-619A14.3",0
"PRKRIR",0
"RP11-111M22.2",0
"RP11-111M22.4",0
"RP11-111M22.5",0
"RP11-111M22.3",0
"C11orf30",0
"RP11-672A2.4",0
"AP001189.4",0
"LRRC32",0
"RP11-672A2.3",0
"GUCY2EP",0
"RP11-21L23.4",0
"TSKU",0
"RP11-21L23.3",0
"RP11-21L23.2",0
"ACER3",0
"CTD-2547H18.1",0
"B3GNT6",0
"OMP",0
"MYO7A",0
"GDPD4",0
"PAK1",0
"DKFZP434E1119",0
"CLNS1A",0
"RNU7-59P",0
"AQP11",0
"AP002789.1",0
"RSF1",0
"RSF1-IT2",0
"FTH1P16",0
"AAMDC",0
"RP11-91P24.7",0
"RP11-91P24.5",0
"RP11-91P24.6",0
"RP11-91P24.1",0
"INTS4",0
"RP11-91P24.3",0
"KCTD14",0
"RP11-7I15.4",0
"THRSP",0
"NDUFC2",0
"ALG8",0
"RNU6-126P",0
"KCTD21-AS1",0
"KCTD21",0
"USP35",0
"GAB2",0
"RP11-452H21.1",0
"RP11-452H21.4",0
"NARS2",0
"RP11-843A23.1",0
"TENM4",0
"RP11-673F18.1",0
"CTD-2337I7.1",0
"RP11-802F5.1",0
"MIR708",0
"RP11-885L14.1",0
"RP11-179A16.1",0
"RP11-742N3.1",0
"FAM181B",0
"RP11-718B12.2",0
"RP11-718B12.1",0
"PRCP",0
"RP11-718B12.5",0
"C11orf82",0
"RAB30",0
"RAB30-AS1",0
"RP11-113K21.4",0
"RP11-113K21.3",0
"PCF11",0
"RP11-727A23.4",0
"RP11-727A23.5",0
"ANKRD42",0
"RP11-727A23.7",0
"CCDC90B",0
"RP11-727A23.10",0
"DLG2",0
"RP11-160H12.2",0
"RP11-160H12.3",0
"CTD-2537O9.1",0
"HNRNPCP6",0
"TMEM126B",0
"TMEM126A",0
"CREBZF",0
"CCDC89",0
"SYTL2",0
"AP000974.1",0
"SLC25A1P1",0
"PICALM",0
"FNTAL1",0
"EED",0
"RP11-320L11.2",0
"SETP17",0
"C11orf73",0
"CCDC81",0
"ME3",0
"PRSS23",0
"AP000654.4",0
"OR7E2P",0
"RP11-736K20.5",0
"FZD4",0
"RP11-736K20.6",0
"TMEM135",0
"RP11-648O15.1",0
"RP11-777F6.3",0
"PSMA2P1",0
"RP11-164N3.3",0
"RAB38",0
"GAPDHP70",0
"GRM5-AS1",0
"NOX4",0
"FOLH1B",0
"RP11-313I2.5",0
"RP11-358N4.3",0
"TRIM49",0
"TRIM53AP",0
"TRIM49C",0
"RP11-529A4.12",0
"NAALAD2",0
"CHORDC1",0
"DISC1FP1",0
"RP11-121L10.3",0
"FAT3",0
"PGAM1P9",0
"RP11-675M1.2",0
"RP11-203F8.1",0
"RP11-676F20.1",0
"MTNR1B",0
"SLC36A4",0
"RP11-573M3.3",0
"CCDC67",0
"SMCO4",0
"RP11-288E14.2",0
"KIAA1731",0
"SCARNA9",0
"TAF1D",0
"SNORD6",0
"C11orf54",0
"MED17",0
"VSTM5",0
"HEPHL1",0
"PANX1",0
"RP11-680H20.1",0
"RP11-680H20.2",0
"GPR83",0
"MRE11A",0
"MIR548L",0
"RP11-685N10.1",0
"ANKRD49",0
"LINC01171",0
"PIWIL4",0
"FUT4",0
"RP11-867G2.8",0
"RP11-867G2.5",0
"RP11-867G2.6",0
"AMOTL1",0
"ST13P11",0
"CWC15",0
"KDM4D",0
"SRSF8",0
"ENDOD1",0
"RP11-712B9.4",0
"RP11-712B9.5",0
"RP11-712B9.2",0
"SESN3",0
"RP11-338H14.1",0
"FAM76B",0
"CEP57",0
"AP001877.1",0
"MTMR2",0
"RNA5SP345",0
"CCDC82",0
"JRKL",0
"RP11-360K13.1",0
"RP11-115E19.1",0
"CNTN5",0
"RPA2P3",0
"CTD-2383M3.1",0
"ARHGAP42",0
"TMEM133",0
"PGR",0
"TRPC6",0
"RP11-748H22.1",0
"ANGPTL5",0
"KIAA1377",0
"C11orf70",0
"RP11-732A21.2",0
"BIRC3",0
"BIRC2",0
"TMEM123",0
"RP11-315O6.1",0
"MMP7",0
"MMP20",0
"WTAPP1",0
"AP000619.5",0
"AP000647.3",0
"MMP10",0
"MMP1",0
"MMP3",0
"MMP12",0
"MMP13",0
"RP11-690D19.3",0
"DCUN1D5",0
"DYNC2H1",0
"RP11-37O16.6",0
"MTND2P26",0
"MTND1P36",0
"PDGFD",0
"RP11-617B3.2",0
"RP11-886D15.1",0
"CASP12",0
"RP11-693N9.2",0
"CASP4",0
"CASP1",0
"CARD16",0
"GRIA4",0
"AP000641.1",0
"AP000673.1",0
"RNU6-277P",0
"MSANTD4",0
"KBTBD3",0
"AASDHPPT",0
"RP11-677I18.3",0
"GUCY1A2",0
"RP11-819M15.1",0
"RP11-382M14.1",0
"RP11-819C21.1",0
"CWF19L2",0
"SMARCE1P1",0
"ALKBH8",0
"ELMOD1",0
"AP000889.2",0
"AP000889.1",0
"SLN",0
"SLC35F2",0
"RP11-832N8.1",0
"RAB39A",0
"CUL5",0
"ACAT1",0
"NPAT",0
"ATM",0
"C11orf65",0
"EXPH5",0
"DDX10",0
"RP11-708B6.2",0
"C11orf87",0
"RP11-10A7.1",0
"ZC3H12C",0
"RDX",0
"RP11-347E10.1",0
"FDX1",0
"ARHGAP20",0
"RP11-89C3.4",0
"COLCA1",0
"COLCA2",0
"POU2AF1",0
"BTG4",0
"C11orf88",0
"LAYN",0
"SIK2",0
"AP000925.2",0
"PPP2R1B",0
"RP11-108O10.2",0
"ALG9",0
"ALG9-IT1",0
"FDXACB1",0
"C11orf1",0
"RPL37AP8",0
"CRYAB",0
"HSPB2",0
"DIXDC1",0
"DLAT",0
"PPIHP1",0
"RNU6-893P",0
"C11orf57",0
"TIMM8B",0
"SDHD",0
"IL18",0
"RP11-356J5.4",0
"TEX12",0
"BCO2",0
"RP11-356J5.5",0
"MRPS36P4",0
"PTS",0
"RPS6P16",0
"PLET1",0
"AP002884.2",0
"ST13P10",0
"RP11-356J5.12",0
"RP11-65M17.3",0
"RP11-629G13.1",0
"NCAM1",0
"NCAM1-AS1",0
"RP11-839D17.3",0
"RP11-159N11.4",0
"ANKK1",0
"RP11-159N11.3",0
"DRD2",0
"MIR4301",0
"TMPRSS5",0
"RP11-627G1.1",0
"ZW10",0
"RP11-667M19.1",0
"RP11-667M19.4",0
"RP11-667M19.2",0
"ATF4P4",0
"USP28",0
"RP11-667M19.10",0
"RP11-667M19.9",0
"HTR3B",0
"HTR3A",0
"ZBTB16",0
"NNMT",0
"RP11-64D24.4",0
"C11orf71",0
"RBM7",0
"RP11-212D19.4",0
"REXO2",0
"NXPE1",0
"NXPE4",0
"RP11-172C16.4",0
"NXPE2",0
"CADM1",0
"AP000462.3",0
"AP000462.2",0
"AP000462.1",0
"RP11-136I14.3",0
"RP11-136I14.5",0
"AP000997.1",0
"AP000997.2",0
"AP000797.3",0
"LINC00900",0
"AP000797.4",0
"AP001891.1",0
"AP000770.1",0
"BUD13",0
"AP006216.10",0
"AP006216.11",0
"ZNF259",0
"APOA5",0
"APOC3",0
"APOA1",0
"APOA1-AS",0
"SIK3",0
"SIK3-IT1",0
"AP000936.1",0
"RP11-109L13.1",0
"PAFAH1B2",0
"SIDT2",0
"TAGLN",0
"PCSK7",0
"RNF214",0
"BACE1",0
"CEP164",0
"AP000892.4",0
"AP000892.8",0
"DSCAML1",0
"FXYD2",0
"RP11-728F11.4",0
"FXYD6",0
"TMPRSS13",0
"IL10RA",0
"TMPRSS4",0
"SCN4B",0
"SCN2B",0
"AMICA1",0
"MPZL3",0
"MPZL2",0
"CD3E",0
"UBE4A",0
"RP11-770J1.5",0
"ATP5L",0
"RP11-770J1.7",0
"RP11-770J1.4",0
"KMT2A",0
"RP11-770J1.3",0
"TTC36",0
"TMEM25",0
"IFT46",0
"RPL5P30",0
"ARCN1",0
"RNU6-1157P",0
"PHLDB1",0
"AP002954.3",0
"TREH",0
"AP002954.6",0
"AP002954.4",0
"DDX6",0
"BCL9L",0
"UPK2",0
"RN7SL688P",0
"RP11-158I9.7",0
"FOXR1",0
"RN7SL529P",0
"RP11-110I1.12",0
"CCDC84",0
"RPL23AP64",0
"RP11-110I1.11",0
"RP11-110I1.5",0
"RPS25",0
"TRAPPC4",0
"SLC37A4",0
"HYOU1",0
"RP11-110I1.14",0
"RP11-110I1.13",0
"VPS11",0
"HMBS",0
"H2AFX",0
"DPAGT1",0
"C2CD2L",0
"HINFP",0
"ABCG4",0
"AP002956.1",0
"NLRX1",0
"PDZD3",0
"CCDC153",0
"CBL",0
"RNU6-262P",0
"MCAM",0
"RNF26",0
"USP2",0
"RP11-334E6.2",0
"THY1",0
"RP11-196E1.3",0
"PVRL1",0
"RNU6-1123P",0
"CTD-2523D13.1",0
"CTD-2523D13.2",0
"RP11-215D10.1",0
"RP11-831A10.2",0
"RP11-831A10.1",0
"TRIM29",0
"OAF",0
"POU2F3",0
"TMEM136",0
"ARHGEF12",0
"GRIK4",0
"RP11-640N11.2",0
"TECTA",0
"SC5D",0
"BMPR1APS2",0
"RP11-730K11.1",0
"SORL1",0
"RP11-166D19.1",0
"RP11-820L6.1",0
"RP11-716H6.2",0
"UBASH3B",0
"CRTAM",0
"C11orf63",0
"RNU4-23P",0
"ATP5F1P5",0
"RP11-335F8.2",0
"HSPA8",0
"SNORD14E",0
"CLMP",0
"RP11-762B21.5",0
"AP000783.1",0
"LINC01059",0
"GRAMD1B",0
"SF3A3P2",0
"SCN3B",0
"ZNF202",0
"OR6X1",0
"RNU1-21P",0
"OR6T1",0
"VWA5A",0
"OR10D1P",0
"PANX3",0
"TBRG1",0
"SIAE",0
"NRGN",0
"RP11-677M14.2",0
"VSIG2",0
"ESAM",0
"RP11-677M14.3",0
"MSANTD2",0
"RP11-677M14.6",0
"RP11-677M14.7",0
"RP11-677M14.5",0
"ROBO4",0
"HEPACAM",0
"CCDC15",0
"SLC37A2",0
"AP001007.1",0
"TMEM218",0
"KRT18P59",0
"RP11-687M24.5",0
"PKNOX2",0
"RP11-687M24.7",0
"RP11-687M24.8",0
"FEZ1",0
"AP000708.1",0
"EI24",0
"STT3A-AS1",0
"STT3A",0
"CHEK1",0
"ACRV1",0
"PATE2",0
"PATE4",0
"RP11-680F20.10",0
"HYLS1",0
"PUS3",0
"RP11-680F20.9",0
"DDX25",0
"RP11-680F20.11",0
"RP11-680F20.5",0
"RP11-680F20.4",0
"RP11-680F20.6",0
"CDON",0
"NAP1L1P1",0
"RP11-50B3.2",0
"RP11-50B3.1",0
"RPUSD4",0
"RP11-50B3.4",0
"FAM118B",0
"RN7SL351P",0
"SRPR",0
"FOXRED1",0
"RPL35AP26",0
"TIRAP",0
"RP11-712L6.7",0
"RP11-712L6.5",0
"DCPS",0
"ST3GAL4",0
"KIRREL3",0
"KIRREL3-AS1",0
"RP11-115C10.1",0
"RP11-688I9.4",0
"KIRREL3-AS2",0
"KIRREL3-AS3",0
"RP11-676M6.1",0
"ETS1",0
"FLI1",0
"SENCR",0
"KCNJ1",0
"KCNJ5",0
"C11orf45",0
"TP53AIP1",0
"ARHGAP32",0
"BARX2",0
"TMEM45B",0
"NFRKB",0
"PRDM10",0
"LINC00167",0
"AP003041.2",0
"APLP2",0
"RPL34P21",0
"ST14",0
"DDX18P5",0
"RP11-121M22.1",0
"ADAMTS8",0
"ADAMTS15",0
"C11orf44",0
"RP11-890B15.2",0
"RP11-890B15.3",0
"SNX19",0
"NTM",0
"AP003025.2",0
"AP003039.3",0
"AP004372.1",0
"RP11-697E14.2",0
"OPCML",0
"OPCML-IT2",0
"OPCML-IT1",0
"SPATA19",0
"MIR4697",0
"IGSF9B",0
"RP11-713P17.5",0
"RP11-713P17.3",0
"RP11-713P17.4",0
"JAM3",0
"PTP4A2P2",0
"NCAPD3",0
"RP11-700F16.2",0
"RP11-700F16.3",0
"VPS26B",0
"THYN1",0
"ACAD8",0
"GLB1L3",0
"AP000859.4",0
"GLB1L2",0
"B3GAT1",0
"RP11-627G23.1",0
"RP11-469N6.1",0
"RP11-555G19.1",0
"AC215219.1",0
"ABC7-42389800N19.1",0
"DDX11L8",0
"FAM138D",0
"IQSEC3",0
"RP11-598F7.3",0
"RP11-598F7.4",0
"RP11-598F7.5",0
"RP11-598F7.6",0
"SLC6A12",0
"RP11-283I3.1",0
"RP11-283I3.2",0
"SLC6A13",0
"KDM5A",0
"CCDC77",0
"B4GALNT3",0
"NINJ2",0
"RP11-218M22.1",0
"WNK1",0
"RP11-359B12.2",0
"ERC1",0
"RP5-951N9.1",0
"LINC00942",0
"WNT5B",0
"FBXL14",0
"MIR3649",0
"ADIPOR2",0
"RP11-288K12.1",0
"RPS4XP14",0
"CACNA2D4",0
"LRTM2",0
"LINC00940",0
"DCP1B",0
"CACNA1C",0
"RP5-1096D14.6",0
"CACNA1C-IT2",0
"CACNA1C-AS4",0
"CACNA1C-IT3",0
"CACNA1C-AS3",0
"AC007618.3",0
"CACNA1C-AS2",0
"CACNA1C-AS1",0
"RP11-885B4.1",0
"RP11-986G18.1",0
"RP11-885B4.2",0
"RP4-816N1.1",0
"CBX3P4",0
"FKBP4",0
"RP4-816N1.6",0
"ITFG2",0
"NRIP2",0
"AC005841.1",0
"FOXM1",0
"RHNO1",0
"TULP3",0
"TEAD4",0
"RP11-253E3.3",0
"RP11-253E3.1",0
"TSPAN9",0
"RP11-543P15.1",0
"RP5-1063M23.1",0
"RP5-1063M23.2",0
"RP11-476M19.2",0
"PRMT8",0
"EFCAB4B",0
"PARP11",0
"HIN1L",0
"RP11-664D1.1",0
"RP11-320N7.2",0
"HSPA8P5",0
"RP11-320N7.1",0
"CCND2-AS1",0
"CCND2-AS2",0
"CCND2",0
"C12orf5",0
"RP11-264F23.1",0
"FGF23",0
"FGF6",0
"C12orf4",0
"RAD51AP1",0
"DYRK4",0
"AKAP3",0
"RP11-500M8.6",0
"RP11-500M8.4",0
"NDUFA9",0
"RP11-234B24.2",0
"GALNT8",0
"RP11-234B24.4",0
"KCNA6",0
"RP3-377H17.2",0
"KCNA1",0
"RP11-429A20.3",0
"RP11-429A20.4",0
"KCNA5",0
"RP11-319E16.1",0
"RP11-1038A11.3",0
"RP11-319E16.2",0
"RP11-1038A11.2",0
"NTF3",0
"ANO2",0
"VWF",0
"CD9",0
"PLEKHG6",0
"TNFRSF1A",0
"SCNN1A",0
"LTBR",0
"RP1-102E24.8",0
"RP1-102E24.1",0
"CD27-AS1",0
"CD27",0
"TAPBPL",0
"VAMP1",0
"MRPL51",0
"NCAPD2",0
"SCARNA10",0
"RP5-940J5.3",0
"GAPDH",0
"IFFO1",0
"RP5-940J5.8",0
"NOP2",0
"CHD4",0
"RP5-940J5.6",0
"LPAR5",0
"ING4",0
"RP4-761J14.8",0
"ZNF384",0
"PIANP",0
"RP4-761J14.9",0
"COPS7A",0
"RP4-761J14.10",0
"MLF2",0
"PTMS",0
"LAG3",0
"CD4",0
"GPR162",0
"LEPREL2",0
"GNB3",0
"CDCA3",0
"USP5",0
"TPI1",0
"SPSB2",0
"RPL13P5",0
"LRRC23",0
"DSTNP2",0
"ATN1",0
"C12orf57",0
"U47924.31",0
"PTPN6",0
"EMG1",0
"U47924.27",0
"PHB2",0
"LPCAT3",0
"U47924.30",0
"C1S",0
"C1R",0
"C1RL",0
"C1RL-AS1",0
"RNU6-485P",0
"RBP5",0
"RP11-273B20.1",0
"CLSTN3",0
"PEX5",0
"ACSM4",0
"CD163L1",0
"RP11-157G21.2",0
"NIFKP3",0
"GDF3",0
"DPPA3",0
"CLEC4C",0
"NANOG",0
"SLC2A14",0
"NANOGP1",0
"RP11-277E18.2",0
"SLC2A3",0
"RP11-69M1.1",0
"RP11-69M1.3",0
"RP11-69M1.4",0
"FOXJ2",0
"C3AR1",0
"CLEC4A",0
"POU5F1P3",0
"ZNF705A",0
"GCSHP4",0
"FAM66C",0
"FAM90A1",0
"ALG1L10P",0
"AC092111.1",0
"FAM86FP",0
"ENPP7P5",0
"LINC00937",0
"RP11-113C12.4",0
"RP11-90D4.3",0
"AC092745.1",0
"RPS3AP43",0
"AC092865.1",0
"CLEC6A",0
"CLEC4D",0
"CLEC4E",0
"AICDA",0
"RP11-438L7.3",0
"MFAP5",0
"RIMKLB",0
"RPSAP51",0
"A2ML1-AS1",0
"RP11-20D14.6",0
"A2ML1-AS2",0
"A2ML1",0
"PHC1",0
"M6PR",0
"KLRG1",0
"HNRNPA1P34",0
"RP11-436I9.3",0
"LINC00612",0
"A2M-AS1",0
"A2M",0
"RP11-436I9.5",0
"RP11-436I9.6",0
"PZP",0
"A2MP1",0
"PTMAP4",0
"LINC00987",0
"RP11-118B22.4",0
"RP11-22B23.2",0
"RP13-735L24.1",0
"RP11-599J14.2",0
"DDX12P",0
"RP11-726G1.1",0
"RP11-525E9.1",0
"KLRB1",0
"RP11-705C15.2",0
"GOT2P3",0
"RP11-705C15.4",0
"RP11-705C15.3",0
"CLEC2D",0
"RP11-75L1.2",0
"RP11-75L1.1",0
"CLECL1",0
"CD69",0
"KLRF1",0
"CLEC2B",0
"KLRF2",0
"CLEC2A",0
"CLEC1A",0
"CLEC7A",0
"GABARAPL1",0
"KLRD1",0
"RP11-277P12.10",0
"RP11-277P12.9",0
"RP11-277P12.20",0
"KLRC4-KLRK1",0
"KLRK1",0
"EIF2S3L",0
"KLRAP1",0
"MAGOHB",0
"STYK1",0
"YBX3",0
"RP13-81N3.2",0
"TAS2R8",0
"TAS2R9",0
"PRR4",0
"TAS2R10",0
"RP11-144O23.8",0
"TAS2R12",0
"TAS2R13",0
"PRH2",0
"TAS2R14",0
"TAS2R15",0
"TAS2R50",0
"TAS2R20",0
"TAS2R19",0
"AC018630.1",0
"TAS2R63P",0
"TAS2R46",0
"TAS2R64P",0
"TAS2R43",0
"TAS2R30",0
"TAS2R18",0
"RP11-785H5.2",0
"TAS2R67P",0
"TAS2R42",0
"PRB3",0
"PRB1",0
"PRB2",0
"RP11-711K1.7",0
"HIGD1AP8",0
"RP11-434C1.3",0
"RP11-434C1.1",0
"ETV6",0
"BCL2L14",0
"RP11-267J23.4",0
"LRP6",0
"RP11-267J23.1",0
"MANSC1",0
"RP11-757G14.1",0
"LOH12CR2",0
"LOH12CR1",0
"RP11-253I19.4",0
"DUSP16",0
"RP11-253I19.3",0
"CREBL2",0
"RP11-180M15.5",0
"GPR19",0
"RP11-180M15.3",0
"CDKN1B",0
"DDX47",0
"RP11-392P7.1",0
"GPRC5A",0
"RP11-392P7.6",0
"GPRC5D",0
"HEBP1",0
"HTR7P1",0
"RP11-377D9.3",0
"GSG1",0
"EMP1",0
"C12orf36",0
"RP11-4N23.1",0
"GRIN2B",0
"RPL30P11",0
"ATF7IP",0
"PLBD1",0
"RP11-695J4.2",0
"GUCY2C",0
"RP11-174G6.5",0
"HIST4H4",0
"H2AFJ",0
"WBP11",0
"C12orf60",0
"SMCO3",0
"ART4",0
"MGP",0
"ERP27",0
"ARHGDIB",0
"RP11-508P1.2",0
"RERG",0
"RERG-IT1",0
"RERG-AS1",0
"RP11-365O10.1",0
"PTPRO",0
"EPS8",0
"STRAP",0
"DERA",0
"RP11-674J14.3",0
"SLC15A5",0
"MGST1",0
"RP11-473N11.2",0
"RP11-424M22.1",0
"LMO3",0
"RP11-424M22.3",0
"RP11-1018J11.1",0
"EEF1A1P16",0
"RP11-871F6.3",0
"RERGL",0
"PLCZ1",0
"PSMC1P9",0
"RPL7P6",0
"PLEKHA5",0
"RP11-282K24.3",0
"RN7SL67P",0
"AEBP2",0
"RP11-841C19.3",0
"EEF1A1P4",0
"RP11-841C19.1",0
"RP11-405A12.2",0
"RP11-405A12.1",0
"RP11-664H17.1",0
"CTC-465D4.1",0
"PDE3A",0
"RP11-424C20.2",0
"SLCO1C1",0
"SLCO1B1",0
"IAPP",0
"PYROXD1",0
"TCEB1P31",0
"RECQL",0
"GOLT1B",0
"C12orf39",0
"GYS2",0
"LDHB",0
"KCNJ8",0
"ABCC9",0
"CMAS",0
"ST8SIA1",0
"C2CD5",0
"RP11-359J14.2",0
"RP11-268P4.5",0
"RP11-268P4.4",0
"ETNK1",0
"RP11-114G22.1",0
"RP11-449P1.1",0
"RP11-153K16.1",0
"SOX5",0
"RP11-444D3.1",0
"RP11-625L16.1",0
"BCAT1",0
"RP11-625L16.3",0
"AC026310.1",0
"LRMP",0
"CASC1",0
"LYRM5",0
"KRAS",0
"AC087239.1",0
"IFLTD1",0
"RASSF8-AS1",0
"RASSF8",0
"BHLHE41",0
"RP11-283G6.3",0
"RP11-283G6.4",0
"RP11-513G19.1",0
"RP11-612B6.2",0
"ITPR2",0
"RP11-666F17.1",0
"ASUN",0
"FGFR1OP2",0
"RP11-421F16.3",0
"TM7SF3",0
"AC024896.1",0
"MED21",0
"RP11-582E3.4",0
"STK38L",0
"ARNTL2",0
"RP11-165P7.1",0
"SMCO2",0
"PPFIBP1",0
"RP11-709A23.2",0
"RP11-1060J15.4",0
"REP15",0
"RP11-1060J15.5",0
"MRPS35",0
"MANSC4",0
"RP11-860B13.1",0
"KLHL42",0
"PTHLH",0
"CCDC91",0
"RP11-967K21.1",0
"RP11-874G11.1",0
"RP11-946L16.1",0
"FAR2",0
"RP11-996F15.2",0
"ERGIC2",0
"OVCH1-AS1",0
"OVCH1",0
"TMTC1",0
"RP11-310I24.1",0
"RP11-776A13.1",0
"IPO8",0
"CAPRIN2",0
"RP11-77I22.2",0
"LINC00941",0
"TSPAN11",0
"RP11-551L14.4",0
"RP11-551L14.6",0
"DDX11-AS1",0
"DDX11",0
"RP11-551L14.7",0
"RP11-551L14.1",0
"RP11-627K11.1",0
"FAM60A",0
"RP11-627K11.3",0
"AC024940.1",0
"RP11-771K4.1",0
"DENND5B",0
"RNU6-618P",0
"RP11-820K3.3",0
"RP11-820K3.4",0
"RP11-820K3.2",0
"DENND5B-AS1",0
"AK4P3",0
"METTL20",0
"AMN1",0
"RP11-467L13.4",0
"RP11-467L13.5",0
"H3F3C",0
"RP11-428G5.2",0
"RP11-428G5.7",0
"KIAA1551",0
"RP11-50I19.1",0
"BICD1",0
"RP11-956A19.1",0
"FGD4",0
"DNM1L",0
"RP11-278C7.2",0
"RP11-278C7.1",0
"YARS2",0
"PKP2",0
"SYT10",0
"RP11-438D14.2",0
"ALG10",0
"RP11-847H18.3",0
"CPNE8",0
"RP11-396F22.1",0
"KIF21A",0
"ABCD2",0
"C12orf40",0
"SLC2A13",0
"AC079630.4",0
"LRRK2",0
"MUC19",0
"CNTN1",0
"RP11-367O10.1",0
"PDZRN4",0
"GXYLT1",0
"YAF2",0
"PPHLN1",0
"RP11-76E16.2",0
"ZCRB1",0
"RP11-328C8.2",0
"PRICKLE1",0
"RP11-328C8.4",0
"RP11-118A3.1",0
"ADAMTS20",0
"RP11-350F4.2",0
"PUS7L",0
"RP11-210N13.1",0
"IRAK4",0
"TWF1",0
"TMEM117",0
"NELL2",0
"DBX2",0
"RP11-478B9.3",0
"PLEKHA8P1",0
"ANO6",0
"RP11-352M15.1",0
"LINC00938",0
"ARID2",0
"RN7SL246P",0
"KNOP1P2",0
"SCAF11",0
"SLC38A1",0
"SLC38A2",0
"RP11-474P2.2",0
"RP11-96H19.1",0
"RP11-474P2.4",0
"RP11-446N19.1",0
"SLC38A4",0
"AMIGO2",0
"PCED1B",0
"PCED1B-AS1",0
"RP3-432I18.1",0
"RPAP3",0
"RP1-197B17.3",0
"ENDOU",0
"RAPGEF3",0
"SLC48A1",0
"HDAC7",0
"AC004466.1",0
"VDR",0
"TMEM106C",0
"COL2A1",0
"RP1-228P16.3",0
"SENP1",0
"RP1-228P16.1",0
"RP1-228P16.7",0
"PFKM",0
"ASB8",0
"RP11-474C8.4",0
"RP11-474C8.5",0
"C12orf68",0
"DKFZP779L1853",0
"OR10AD1",0
"RP11-370I10.2",0
"H1FNT",0
"RP11-370I10.4",0
"ZNF641",0
"RP11-370I10.6",0
"OR5BK1P",0
"AC024257.1",0
"OR8T1P",0
"C12orf54",0
"OR8S1",0
"OR11M1P",0
"KANSL2",0
"SNORA34",0
"SNORA2A",0
"SNORA2B",0
"CCNT1",0
"ADCY6",0
"MIR4701",0
"RP11-579D7.4",0
"RP11-579D7.8",0
"CACNB3",0
"DDX23",0
"RND1",0
"RNU6-600P",0
"RP11-302B13.1",0
"RP11-302B13.5",0
"CCDC65",0
"FKBP11",0
"ARF3",0
"WNT10B",0
"DDN",0
"RP11-386G11.5",0
"PRKAG1",0
"KMT2D",0
"RHEBL1",0
"DHH",0
"RP11-386G11.8",0
"LMBR1L",0
"RP11-386G11.10",0
"TUBA1B",0
"TUBA1A",0
"RP11-977B10.2",0
"RP11-161H23.9",0
"PRPH",0
"TROAP",0
"C1QL4",0
"DNAJC22",0
"SPATS2",0
"RP11-161H23.10",0
"KCNH3",0
"MCRS1",0
"PRPF40B",0
"RP11-133N21.10",0
"FAM186B",0
"RNU6-834P",0
"POLR2KP1",0
"RP11-133N21.7",0
"FMNL3",0
"TMBIM6",0
"NCKAP5L",0
"BCDIN3D-AS1",0
"BCDIN3D",0
"FAIM2",0
"RP11-70F11.11",0
"RP11-469H8.6",0
"AQP5",0
"RACGAP1",0
"ASIC1",0
"SMARCD1",0
"GPD1",0
"COX14",0
"RP4-605O3.4",0
"CERS5",0
"LIMA1",0
"RP3-405J10.3",0
"AC140061.12",0
"FAM186A",0
"LARP4",0
"DIP2B",0
"RP11-60E8.2",0
"ATF1",0
"TMPRSS12",0
"METTL7A",0
"RP11-407N8.4",0
"HIGD1C",0
"SLC11A2",0
"LETMD1",0
"CSRNP2",0
"RP11-416A17.6",0
"RNU6-199P",0
"POU6F1",0
"DAZAP2",0
"SMAGP",0
"BIN2",0
"GALNT6",0
"SLC4A8",0
"SCN8A",0
"HNRNPA3P10",0
"RP11-923I11.6",0
"RP11-923I11.7",0
"RP11-923I11.4",0
"RP11-923I11.5",0
"ANKRD33",0
"ACVRL1",0
"ACVR1B",0
"RNU6-574P",0
"GRASP",0
"NR4A1",0
"RP11-1100L3.8",0
"C12orf44",0
"OR7E47P",0
"KRT80",0
"KRT7",0
"RP3-416H24.1",0
"KRT86",0
"KRT81",0
"RP11-845M18.6",0
"KRT5",0
"KRT71",0
"KRT74",0
"KRT77",0
"KRT126P",0
"RP11-641A6.5",0
"KRT125P",0
"RP11-641A6.9",0
"KRT127P",0
"KRT3",0
"KRT4",0
"KRT8",0
"KRT18",0
"EIF4B",0
"RP11-983P16.2",0
"RP11-983P16.4",0
"TENC1",0
"SPRYD3",0
"IGFBP6",0
"SOAT2",0
"HIGD1AP1",0
"RP11-1136G11.6",0
"CSAD",0
"ZNF740",0
"ITGB7",0
"RARG",0
"MFSD5",0
"ESPL1",0
"PFDN5",0
"RP11-680A11.5",0
"C12orf10",0
"AAAS",0
"SP7",0
"SP1",0
"AMHR2",0
"PRR13",0
"PCBP2",0
"RP11-793H13.11",0
"TARBP2",0
"RP11-793H13.10",0
"ATF7",0
"RP11-793H13.3",0
"ATP5G2",0
"CALCOCO1",0
"RP11-686F15.3",0
"RP11-686F15.2",0
"HOXC13",0
"HOXC10",0
"HOXC6",0
"HOXC-AS2",0
"HOXC9",0
"HOXC-AS1",0
"HOXC8",0
"HOXC4",0
"AC012531.25",0
"HOXC5",0
"MIR615",0
"RP11-834C11.3",0
"RP11-834C11.7",0
"RP11-834C11.6",0
"RP11-834C11.5",0
"RP11-834C11.4",0
"RP11-834C11.11",0
"RP11-834C11.10",0
"RP11-834C11.8",0
"SMUG1",0
"CBX5",0
"RP11-968A15.2",0
"HNRNPA1",0
"NFE2",0
"COPZ1",0
"RP11-753H16.3",0
"RP11-753H16.5",0
"GPR84",0
"ZNF385A",0
"ITGA5",0
"GTSF1",0
"NCKAP1L",0
"PDE1B",0
"PPP1R1A",0
"TESPA1",0
"RP11-616L12.1",0
"NEUROD4",0
"OR9K1P",0
"PHC1P1",0
"METTL7B",0
"ITGA7",0
"RP11-644F5.10",0
"BLOC1S1",0
"RDH5",0
"CD63",0
"RP11-644F5.11",0
"RP11-644F5.12",0
"SARNP",0
"RP11-762I7.5",0
"RP11-762I7.4",0
"ORMDL2",0
"DNAJC14",0
"TMEM198B",0
"MMP19",0
"OLA1P3",0
"WIBG",0
"DGKA",0
"PMEL",0
"CDK2",0
"RAB5B",0
"RP11-603J24.7",0
"SUOX",0
"RP11-603J24.4",0
"RPS26",0
"ERBB3",0
"PA2G4",0
"RPL41",0
"ZC3H10",0
"ESYT1",0
"RP11-603J24.5",0
"RP11-603J24.14",0
"MYL6",0
"SMARCC2",0
"RNF41",0
"NABP2",0
"SLC39A5",0
"ANKRD52",0
"COQ10A",0
"RP11-977G19.14",0
"CS",0
"RP11-977G19.11",0
"RP11-977G19.12",0
"CNPY2",0
"PAN2",0
"IL23A",0
"STAT2",0
"RNU7-40P",0
"APOF",0
"TIMELESS",0
"SPRYD4",0
"GLS2",0
"RP11-153M3.1",0
"RBMS2",0
"RNU6-343P",0
"BAZ2A",0
"ATP5B",0
"SNORD59A",0
"PTGES3",0
"RN7SL809P",0
"NACA",0
"PRIM1",0
"HSD17B6",0
"RP11-74M13.4",0
"SDR9C7",0
"RDH16",0
"GPR182",0
"RP11-474N8.5",0
"HBCBP",0
"ZBTB39",0
"TAC3",0
"MYO1A",0
"TMEM194A",0
"NAB2",0
"STAT6",0
"LRP1",0
"RP11-545N8.3",0
"NXPH4",0
"SHMT2",0
"STAC3",0
"R3HDM2",0
"AC126614.1",0
"RP11-756H6.1",0
"INHBC",0
"INHBE",0
"ARHGAP9",0
"MARS",0
"DDIT3",0
"MIR616",0
"MBD6",0
"DCTN2",0
"KIF5A",0
"PIP4K2C",0
"DTX3",0
"ARHGEF25",0
"AC025165.8",0
"SLC26A10",0
"B4GALNT1",0
"OS9",0
"RP11-571M6.8",0
"AGAP2",0
"AGAP2-AS1",0
"CDK4",0
"MARCH9",0
"CYP27B1",0
"METTL1",0
"METTL21B",0
"TSFM",0
"AVIL",0
"RP11-571M6.17",0
"RP11-571M6.18",0
"CTDSP2",0
"MIR26A2",0
"RP11-620J15.1",0
"RP11-620J15.2",0
"RP11-620J15.3",0
"XRCC6BP1",0
"RP11-58A17.3",0
"RP11-362K2.2",0
"RP11-767I20.1",0
"LRIG3",0
"RP11-150C16.1",0
"SLC16A7",0
"RP11-813P10.2",0
"RP11-471N19.1",0
"FAM19A2",0
"KRT8P19",0
"RPS3P6",0
"RP11-769N19.2",0
"USP15",0
"MON2",0
"RP11-863H1.1",0
"C12orf61",0
"RP11-631N16.2",0
"MIRLET7I",0
"PPM1H",0
"RPL14P1",0
"AVPR1A",0
"DPY19L2",0
"RP11-415I12.3",0
"RP11-972L6.2",0
"TMEM5",0
"PABPC1P4",0
"SRGAP1",0
"RP11-274J7.2",0
"RP11-274J7.3",0
"RP11-196H14.4",0
"C12orf66",0
"RPS11P6",0
"C12orf56",0
"RP11-114F3.2",0
"XPOT",0
"RP11-114F3.5",0
"TBK1",0
"RASSF3",0
"GNS",0
"RP11-629N8.3",0
"TBC1D30",0
"RPL7P39",0
"RP11-766N7.3",0
"RP11-766N7.4",0
"WIF1",0
"LEMD3",0
"MSRB3",0
"RP11-305O6.3",0
"RP11-230G5.2",0
"HMGA2",0
"RP11-366L20.2",0
"AC090673.2",0
"RP11-366L20.3",0
"LLPH",0
"TMBIM4",0
"RP11-745O10.2",0
"IRAK3",0
"RBMS1P1",0
"AC078889.1",0
"HELB",0
"GRIP1",0
"OSBPL9P4",0
"RP11-123O10.4",0
"RP11-123O10.3",0
"GGTA2P",0
"CAND1",0
"MRPL40P1",0
"RP11-542B15.1",0
"DYRK2",0
"RP11-335O4.3",0
"RP11-43N5.1",0
"MDM1",0
"RP11-81H14.2",0
"RP11-254B13.1",0
"RP11-254B13.4",0
"RP11-254B13.3",0
"RP11-637A17.2",0
"RPL7P42",0
"NUP107",0
"KRT8P39",0
"SLC35E3",0
"AC124890.1",0
"RP11-611O2.2",0
"MDM2",0
"RP11-611O2.1",0
"CPM",0
"CPSF6",0
"RP11-1143G9.2",0
"LYZ",0
"YEATS4",0
"RP11-159A18.1",0
"RP11-956E11.1",0
"FRS2",0
"CCT2",0
"BEST3",0
"RP11-588G21.2",0
"RAB3IP",0
"MYRFL",0
"RP11-611E13.2",0
"RP11-611E13.3",0
"RP11-320P7.2",0
"RP11-320P7.1",0
"CNOT2",0
"KCNMB4",0
"RNU4-65P",0
"RP11-588H23.5",0
"RP11-588H23.3",0
"PTPRB",0
"PTPRR",0
"FAHD2P1",0
"CTD-2021H9.3",0
"TSPAN8",0
"LGR5",0
"THAP2",0
"TMEM19",0
"RP11-2H8.2",0
"TBC1D15",0
"MRS2P2",0
"TPH2",0
"TRHDE",0
"TRHDE-AS1",0
"RP11-81H3.2",0
"RP11-274M17.3",0
"ATXN7L3B",0
"RP11-81K13.1",0
"KCNC2",0
"RP11-560G2.1",0
"CAPS2",0
"GLIPR1L1",0
"GLIPR1L2",0
"RP11-585P4.5",0
"KRR1",0
"RP11-114H23.1",0
"RP11-114H23.3",0
"RP11-114H23.2",0
"PHLDA1",0
"NAP1L1",0
"RP11-290L1.4",0
"RP11-54A9.1",0
"OSBPL8",0
"RP11-20E24.1",0
"RP11-613M5.1",0
"YWHAQP7",0
"RP11-613M5.2",0
"RPL7P43",0
"RP11-734E19.1",0
"ZDHHC17",0
"CSRP2",0
"RP11-461F16.3",0
"E2F7",0
"RP1-81P11.1",0
"RP1-34H18.1",0
"RP1-97G4.1",0
"RP11-781A6.1",0
"NAV3",0
"RP11-123M21.2",0
"SYT1",0
"RP11-390N6.1",0
"RP1-78O14.1",0
"RN7SL696P",0
"RP11-359M6.1",0
"RP11-359M6.3",0
"PAWR",0
"RP11-530C5.1",0
"PPP1R12A",0
"RP11-530C5.2",0
"RP11-84G21.1",0
"RPL7P38",0
"RP11-244J10.1",0
"OTOGL",0
"PTPRQ",0
"MYF6",0
"MYF5",0
"LIN7A",0
"PPFIA2",0
"RP11-121G22.3",0
"RP11-315E17.1",0
"CCDC59",0
"METTL25",0
"RP11-263K4.1",0
"RP11-263K4.3",0
"TMTC2",0
"RP11-788H18.1",0
"RP11-701B6.1",0
"SLC6A15",0
"TSPAN19",0
"LRRIQ1",0
"RP11-193M21.1",0
"RP11-408B11.2",0
"NTS",0
"RP11-18J9.3",0
"MGAT4C",0
"RP11-812D23.1",0
"MKRN9P",0
"C12orf50",0
"C12orf29",0
"RNA5SP364",0
"RP11-474L23.3",0
"TMTC3",0
"KITLG",0
"RP11-13A1.1",0
"RP11-13A1.3",0
"DUSP6",0
"RP11-1109F11.3",0
"RP11-1109F11.5",0
"POC1B",0
"CENPCP1",0
"GALNT4",0
"RP11-734K2.4",0
"RP11-981P6.1",0
"ATP2B1",0
"AC068641.1",0
"LINC00936",0
"RP11-654D12.2",0
"RP11-567C2.1",0
"RP11-753N8.1",0
"EPYC",0
"KERA",0
"LUM",0
"DCN",0
"C12orf79",0
"BTG1",0
"RP11-796E2.4",0
"RP11-693J15.5",0
"PLEKHG7",0
"EEA1",0
"RP11-603K19.1",0
"HNRNPA1P50",0
"RP11-511B23.2",0
"AC138123.2",0
"RP11-486A14.2",0
"NUDT4",0
"UBE2N",0
"MRPL42",0
"RN7SL737P",0
"SOCS2-AS1",0
"SOCS2",0
"RP11-887P2.3",0
"CRADD",0
"RP11-887P2.5",0
"RP11-1060G2.1",0
"RP11-1060G2.2",0
"RP11-74K11.1",0
"PLXNC1",0
"RP11-74K11.2",0
"RP11-1105G2.4",0
"RP11-1105G2.3",0
"CCDC41",0
"RP11-778J16.2",0
"SUCLG2P2",0
"TMCC3",0
"NDUFA12",0
"NR2C1",0
"FGD6",0
"RP11-129B9.2",0
"RP11-129B9.1",0
"VEZT",0
"CBX3P5",0
"RNU6-808P",0
"MIR331",0
"MIR3685",0
"RP11-490G8.1",0
"METAP2",0
"USP44",0
"PGAM1P5",0
"NTN4",0
"RP11-536G4.2",0
"SNRPF",0
"CCDC38",0
"AMDHD1",0
"HAL",0
"LTA4H",0
"ELK3",0
"CDK17",0
"RP11-117N2.2",0
"C12orf55",0
"EEF1A1P33",0
"NEDD1",0
"RP11-541G9.1",0
"RP11-541G9.2",0
"RMST",0
"MIR1251",0
"snoMe28S-Am2634",0
"MIR135A2",0
"RP11-1016B18.1",0
"SLC9A7P1",0
"RP11-181C3.1",0
"TMPO-AS1",0
"TMPO",0
"RP11-481K9.4",0
"SLC25A3",0
"SNORA53",0
"AC013283.1",0
"IKBIP",0
"APAF1",0
"ANKS1B",0
"RP11-90E9.1",0
"RP11-473C19.1",0
"FAM71C",0
"RPS4XP1",0
"UHRF1BP1L",0
"RP11-175P13.2",0
"GOLGA2P5",0
"ACTR6",0
"DEPDC4",0
"SCYL2",0
"SLC17A8",0
"NR1H4",0
"GAS2L3",0
"RP11-575G13.2",0
"ANO4",0
"RP11-350G24.1",0
"RP11-350G24.2",0
"SLC5A8",0
"UTP20",0
"ARL1",0
"RP11-321F8.4",0
"RNU6-1068P",0
"MYBPC1",0
"CHPT1",0
"SYCP3",0
"GNPTAB",0
"RNU6-101P",0
"RP11-511H9.3",0
"RNU6-172P",0
"HSPE1P4",0
"DRAM1",0
"RP11-554E23.2",0
"CCDC53",0
"RP11-554E23.4",0
"NUP37",0
"PARPBP",0
"PMCH",0
"RN7SL793P",0
"IGF1",0
"LINC00485",0
"PAH",0
"ASCL1",0
"C12orf42",0
"STAB2",0
"RP11-341G23.2",0
"RP11-341G23.4",0
"NT5DC3",0
"RP11-642P15.1",0
"HSP90B1",0
"C12orf73",0
"GLT8D2",0
"RP11-490H24.5",0
"HCFC2",0
"NFYB",0
"TXNRD1",0
"RPL18AP3",0
"EID3",0
"CHST11",0
"SLC41A2",0
"C12orf45",0
"ALDH1L2",0
"RP11-61E11.1",0
"RP11-61E11.2",0
"KIAA1033",0
"APPL2",0
"C12orf75",0
"CASC18",0
"ST13P3",0
"RP11-114F10.2",0
"NUAK1",0
"RP11-114F10.3",0
"CKAP4",0
"RP11-651L5.2",0
"TCP11L2",0
"POLR3B",0
"RP11-144F15.1",0
"RFX4",0
"RP11-482D24.2",0
"RP11-482D24.3",0
"RIC8B",0
"RP11-412D9.4",0
"C12orf23",0
"CRY1",0
"BTBD11",0
"RP11-128P10.1",0
"PWP1",0
"RP11-864J10.2",0
"PRDM4",0
"RP11-864J10.4",0
"ASCL4",0
"RP11-554D14.7",0
"RP11-554D14.6",0
"RP11-554D14.4",0
"RP11-554D14.5",0
"RP11-554D14.3",0
"RP11-554D14.2",0
"WSCD2",0
"CMKLR1",0
"RP11-13G14.4",0
"FICD",0
"SART3",0
"ISCU",0
"TMEM119",0
"SELPLG",0
"RP11-689B22.2",0
"CORO1C",0
"SSH1",0
"DAO",0
"RP11-423G4.7",0
"SVOP",0
"RNU6-361P",0
"USP30",0
"USP30-AS1",0
"RNA5SP372",0
"ALKBH2",0
"UNG",0
"RP11-968O1.5",0
"ACACB",0
"FOXN4",0
"MYO1H",0
"RP11-256L11.3",0
"KCTD10",0
"UBE3B",0
"MMAB",0
"RNU4-32P",0
"MVK",0
"FAM222A",0
"FAM222A-AS1",0
"TRPV4",0
"GLTP",0
"RP1-7G5.5",0
"RN7SL441P",0
"RP1-7G5.6",0
"TCHP",0
"GIT2",0
"ANKRD13A",0
"C12orf76",0
"IFT81",0
"ATP2A2",0
"ANAPC7",0
"RP11-478C19.2",0
"HMGA1P3",0
"ARPC3",0
"GPN3",0
"RPL31P49",0
"FAM216A",0
"VPS29",0
"RAD9B",0
"PPTC7",0
"HVCN1",0
"AC144522.1",0
"PPP1CC",0
"CCDC63",0
"RP1-46F2.2",0
"RP1-46F2.3",0
"CUX2",0
"AC002978.1",0
"RNA5SP373",0
"FAM109A",0
"RP3-473L9.4",0
"HSPA8P14",0
"SH2B3",0
"ATXN2",0
"RP11-686G8.1",0
"RP11-686G8.2",0
"BRAP",0
"PCNPP1",0
"ACAD10",0
"ALDH2",0
"RP3-462E2.3",0
"MAPKAPK5-AS1",0
"MAPKAPK5",0
"RPS2P41",0
"RP3-462E2.5",0
"ADAM1A",0
"ADAM1B",0
"TMEM116",0
"SLC25A3P2",0
"RP1-128M12.3",0
"ERP29",0
"NAA25",0
"MIR3657",0
"RP1-267L14.3",0
"TRAFD1",0
"HECTD4",0
"RP3-521E19.2",0
"RPL7AP60",0
"RPL6",0
"PTPN11",0
"RPH3A",0
"OAS1",0
"OAS3",0
"OAS2",0
"DTX1",0
"RASAL1",0
"CCDC42B",0
"DDX54",0
"RITA1",0
"IQCD",0
"TPCN1",0
"SLC8B1",0
"SDS",0
"SDSL",0
"LHX5",0
"RP11-82C23.2",0
"RP11-438N16.1",0
"RP11-438N16.2",0
"RBM19",0
"TBX5",0
"TBX5-AS1",0
"TBX3",0
"RP11-116D17.3",0
"RP11-493P1.2",0
"RP11-115H15.2",0
"RP11-148B3.1",0
"LINC00173",0
"RP11-809C9.2",0
"MAP1LC3B2",0
"RP11-497G19.3",0
"RP11-497G19.1",0
"RP11-497G19.2",0
"C12orf49",0
"RNFT2",0
"HRK",0
"FBXW8",0
"RP11-231I16.1",0
"TESC",0
"RP11-103B5.2",0
"FBXO21",0
"NOS1",0
"KSR2",0
"RFC5",0
"WSB2",0
"VSIG10",0
"PEBP1",0
"TAOK3",0
"AC026366.1",0
"RPS2P5",0
"RP11-131L12.2",0
"SUDS3",0
"RP11-357K6.1",0
"RP11-357K6.3",0
"SRRM4",0
"RN7SL508P",0
"RP11-364C11.3",0
"RP11-364C11.2",0
"HSPB8",0
"RP11-64B16.4",0
"RP11-64B16.2",0
"RP11-64B16.5",0
"CCDC60",0
"RP11-768F21.1",0
"TMEM233",0
"PRKAB1",0
"CIT",0
"RP1-127H14.3",0
"CCDC64",0
"RAB35",0
"GCN1L1",0
"RPLP0",0
"PXN-AS1",0
"PXN",0
"RPS20P31",0
"NME2P1",0
"RNU4-2",0
"RNU4-1",0
"SIRT4",0
"PLA2G1B",0
"MSI1",0
"RPS27P25",0
"TRIAP1",0
"GATC",0
"RPL31P52",0
"SRSF9",0
"DYNLL1",0
"DYNLL1-AS1",0
"COQ5",0
"RPL29P24",0
"RNF10",0
"POP5",0
"RP11-728G15.1",0
"CABP1",0
"MLEC",0
"UNC119B",0
"ACADS",0
"RP11-173P15.7",0
"HNF1A",0
"RP11-216P16.2",0
"C12orf43",0
"OASL",0
"P2RX7",0
"RP11-340F14.5",0
"P2RX4",0
"CAMKK2",0
"ANAPC5",0
"RNF34",0
"KDM2B",0
"RP13-941N14.1",0
"RNU6-1004P",0
"ORAI1",0
"MORN3",0
"TMEM120B",0
"RHOF",0
"AC084018.1",0
"RP11-347I19.8",0
"SETD1B",0
"HPD",0
"PSMD9",0
"RP11-87C12.2",0
"WDR66",0
"RP11-87C12.5",0
"BCL7A",0
"AC156455.1",0
"MLXIP",0
"LRRC43",0
"IL31",0
"B3GNT4",0
"DIABLO",0
"VPS33A",0
"CLIP1",0
"RP11-512M8.3",0
"RP11-450K4.1",0
"ZCCHC8",0
"RSRC2",0
"KNTC1",0
"HCAR1",0
"HCAR2",0
"HCAR3",0
"DENR",0
"HIP1R",0
"VPS37B",0
"ABCB9",0
"OGFOD2",0
"ARL6IP4",0
"PITPNM2",0
"RP11-197N18.7",0
"MPHOSPH9",0
"C12orf65",0
"RP11-282O18.3",0
"CDK2AP1",0
"RP11-282O18.7",0
"SBNO1",0
"hsa-mir-8072",0
"SETD8",0
"RILPL2",0
"RP11-972P1.8",0
"SNRNP35",0
"RILPL1",0
"RP11-486O12.2",0
"TMED2",0
"DDX55",0
"EIF2B1",0
"GTF2H3",0
"TCTN2",0
"ATP6V0A2",0
"DNAH10",0
"CCDC92",0
"RP11-380L11.4",0
"DNAH10OS",0
"RP11-214K3.23",0
"RP11-214K3.22",0
"RP11-214K3.21",0
"RP11-214K3.20",0
"RP11-214K3.19",0
"RP11-214K3.18",0
"ZNF664",0
"FAM101A",0
"RP11-214K3.5",0
"RP11-214K3.24",0
"RP11-522N14.2",0
"NCOR2",0
"RP11-408I18.9",0
"RP11-83B20.1",0
"SCARB1",0
"UBC",0
"MIR5188",0
"RPL22P19",0
"DHX37",0
"BRI3BP",0
"AACS",0
"TMEM132B",0
"LINC00939",0
"RP5-916L7.2",0
"RP4-809F18.2",0
"RP4-809F18.1",0
"LINC00943",0
"RP11-575F12.2",0
"AC079949.1",0
"RP13-653N12.2",0
"TMEM132C",0
"RP11-428I12.1",0
"AC107020.1",0
"SLC15A4",0
"GLT1D1",0
"NLRP9P",0
"TMEM132D",0
"RP11-337L12.1",0
"RP11-572C21.1",0
"RP11-474D1.3",0
"FZD10-AS1",0
"FZD10",0
"RIMBP2",0
"RP11-117L5.4",0
"STX2",0
"RP11-989F5.1",0
"RP11-989F5.3",0
"RAN",0
"GPR133",0
"RP11-243M5.1",0
"RP11-638F5.1",0
"RPS6P20",0
"AC092850.1",0
"RNA5SP376",0
"RP13-507P19.2",0
"RP13-507P19.1",0
"RP11-897M7.1",0
"RP11-495K9.9",0
"RP11-495K9.7",0
"RP11-495K9.6",0
"RPS6P21",0
"SFSWAP",0
"RP11-495K9.5",0
"MMP17",0
"RP11-417L19.2",0
"ULK1",0
"RP11-417L19.4",0
"PUS1",0
"EP400",0
"AC137590.1",0
"SNORA49",0
"EP400NL",0
"DDX51",0
"NOC4L",0
"RP13-977J11.2",0
"RP13-977J11.8",0
"GALNT9",0
"RP13-895J2.2",0
"RP13-895J2.3",0
"RP13-895J2.7",0
"MUC8",0
"FBRSL1",0
"LRCOL1",0
"P2RX2",0
"POLE",0
"PXMP2",0
"PGAM5",0
"RNA5SP379",0
"ANKLE2",0
"RP13-672B3.5",0
"GOLGA3",0
"CHFR",0
"RPS11P5",0
"RNU6-327P",0
"RP11-46H11.12",0
"ZNF605",0
"NANOGNBP2",0
"ZNF26",0
"RNU4ATAC12P",0
"RP11-386I8.6",0
"PTP4A1P2",0
"ZNF84",0
"ZNF140",0
"CTD-2140B24.6",0
"ZNF891",0
"RPL23AP67",0
"ZNF10",0
"ZNF268",0
"AC226150.4",0
"ZNF962P",0
"TERF1P5",0
"FAM207BP",0
"RHOT1P3",0
"PSPC1P1",0
"MRPL3P1",0
"PARP4P2",0
"FAM58DP",0
"TPTE2",0
"MRPS31P2",0
"ESRRAP1",0
"CASC4P1",0
"MPHOSPH8",0
"RP11-523H24.3",0
"PSPC1",0
"AL354808.2",0
"ST6GALNAC4P1",0
"ZMYM5",0
"RP11-61K9.2",0
"ZMYM2",0
"KRR1P1",0
"GJA3",0
"GJB2",0
"GJB6",0
"CRYL1",0
"IFT88",0
"SLC35E1P1",0
"RNU2-7P",0
"IL17D",0
"AL161772.1",0
"AL512652.1",0
"N6AMT2",0
"RANP8",0
"XPO4",0
"HNRNPA1P30",0
"RPSAP54",0
"LATS2",0
"SAP18",0
"SKA3",0
"MRP63",0
"ESRRAP2",0
"RP11-101P17.11",0
"MIPEPP3",0
"LINC00422",0
"GRK6P1",0
"GAPDHP52",0
"ZDHHC20",0
"ZDHHC20-IT1",0
"MICU2",0
"FNTAP2",0
"RPS7P10",0
"FGF9",0
"IPMKP1",0
"RFESDP1",0
"RP11-363G2.4",0
"LINC00621",0
"BASP1P1",0
"NUS1P2",0
"RP11-124N19.3",0
"SGCG",0
"TATDN2P3",0
"SACS",0
"RPLP1P13",0
"LINC00327",0
"MIPEP",0
"C1QTNF9B-AS1",0
"C1QTNF9B",0
"ANKRD20A19P",0
"RP11-307N16.6",0
"SPATA13",0
"IPO7P2",0
"C1QTNF9",0
"TPTE2P6",0
"PARP4",0
"RP11-556N21.1",0
"ATP12A",0
"ANKRD20A10P",0
"RNF17",0
"CENPJ",0
"TPTE2P1",0
"SLC25A15P3",0
"PABPC3",0
"AMER2",0
"MTMR6",0
"RP11-271M24.2",0
"NUPL1",0
"ATP8A2",0
"RP11-467D10.2",0
"SHISA2",0
"RNF6",0
"CDK8",0
"WASF3",0
"RPS3AP44",0
"GPR12",0
"USP12",0
"USP12-AS1",0
"USP12-AS2",0
"LINC00412",0
"RPL21",0
"RASL11A",0
"LINC01079",0
"GTF3A",0
"AL137059.1",0
"LNX2",0
"POLR1D",0
"GSX1",0
"PDX1-AS1",0
"PDX1",0
"LINC00543",0
"CDX2",0
"URAD",0
"RN7SL272P",0
"FLT3",0
"PAN3-AS1",0
"PAN3",0
"EEF1A1P3",0
"FLT1",0
"EIF4A1P7",0
"POMP",0
"SLC46A3",0
"CYP51A1P2",0
"MTUS2",0
"GAPDHP69",0
"MTUS2-AS1",0
"SLC7A1",0
"UBL3",0
"RP11-629E24.2",0
"LINC00365",0
"LINC00384",0
"KATNAL1",0
"PRDX2P1",0
"LINC00427",0
"LINC00426",0
"LINC01058",0
"UBE2L5P",0
"HMGB1",0
"RBM22P2",0
"MFAP1P1",0
"PTPN2P2",0
"USPL1",0
"ALOX5AP",0
"TEX26-AS1",0
"LINC00545",0
"MEDAG",0
"TEX26",0
"HSPH1",0
"B3GALTL",0
"ANKRD26P4",0
"RXFP2",0
"EEF1DP3",0
"LINC01073",0
"FRY-AS1",0
"FRY",0
"RP11-37E23.5",0
"ZAR1L",0
"BRCA2",0
"IFIT1P1",0
"N4BP2L2",0
"ATP8A2P2",0
"PDS5B",0
"RNY1P4",0
"KL",0
"STARD13",0
"STARD13-AS",0
"RP11-37L2.1",0
"RFC3",0
"VDAC1P12",0
"RP11-307O13.1",0
"NBEA",0
"SCAND3P1",0
"PHBP13",0
"MAB21L1",0
"DCLK1",0
"CCDC169",0
"SPG20",0
"SPG20OS",0
"AL139377.1",0
"CCNA1",0
"SERTM1",0
"SMAD9",0
"SMAD9-AS1",0
"EIF4A1P5",0
"ALG5",0
"EXOSC8",0
"SUPT20H",0
"CSNK1A1L",0
"POSTN",0
"TRPC4",0
"LINC00571",0
"UFM1",0
"FREM2",0
"STOML3",0
"PROSER1",0
"NHLRC3",0
"LHFP",0
"COG6",0
"RP11-172E9.2",0
"LINC00598",0
"FOXO1",0
"RLIMP1",0
"MIR320D1",0
"MRPS31",0
"SLC25A15",0
"MIR621",0
"TPTE2P5",0
"CYCSP34",0
"SUGT1P3",0
"ELF1",0
"RGS17P1",0
"WBP4",0
"CALM2P3",0
"KBTBD7",0
"MORF4L1P4",0
"MTRF1",0
"NAA16",0
"RNU6-57P",0
"TUBBP2",0
"RGCC",0
"VWA8",0
"DGKH",0
"RP11-187A9.3",0
"MAPK6PS3",0
"FHP1",0
"AKAP11",0
"TNFSF11",0
"FAM216B",0
"LINC01050",0
"LINC00428",0
"EPSTI1",0
"ENOX1",0
"ENOX1-AS1",0
"RP11-168P13.1",0
"CCDC122",0
"LINC00284",0
"DGKZP1",0
"SMIM2-AS1",0
"SMIM2",0
"RP11-478K15.6",0
"LINC01071",0
"RP11-71C5.2",0
"SMARCE1P5",0
"LINC00407",0
"NUFIP1",0
"RP11-321C24.1",0
"GPALPP1",0
"RN7SL49P",0
"GTF2F2",0
"KCTD4",0
"TPT1",0
"TPT1-AS1",0
"RP11-290D2.3",0
"RCN1P2",0
"SLC25A30",0
"SLC25A30-AS1",0
"COG3",0
"FAM194B",0
"SPERT",0
"SIAH3",0
"ZC3H13",0
"CPB2-AS1",0
"CPB2",0
"LCP1",0
"LRRC63",0
"RN7SKP5",0
"KIAA0226L",0
"RNU2-6P",0
"RP11-189B4.6",0
"COX17P1",0
"LRCH1",0
"ESD",0
"HTR2A",0
"NAP1L4P3",0
"RPL27AP8",0
"RP11-279N8.1",0
"LINC00444",0
"LINC00562",0
"SUCLA2",0
"SUCLA2-AS1",0
"NUDT15",0
"MED4",0
"MED4-AS1",0
"ITM2B",0
"LINC00441",0
"RB1",0
"PPP1R26P1",0
"PCNPP5",0
"LPAR6",0
"RCBTB2",0
"CYSLTR2",0
"PSME2P2",0
"FNDC3A",0
"RAD17P2",0
"COX7CP1",0
"OGFOD1P1",0
"MLNR",0
"CDADC1",0
"CAB39L",0
"AL136218.1",0
"SETDB2",0
"SNRPGP14",0
"PHF11",0
"RCBTB1",0
"RP11-432M24.4",0
"ARL11",0
"EBPL",0
"KPNA3",0
"CTAGE10P",0
"SPRYD7",0
"TRIM13",0
"MIR3613",0
"KCNRG",0
"DLEU2",0
"DLEU1",0
"RPL18P10",0
"ST13P4",0
"DLEU7-AS1",0
"RNASEH2B-AS1",0
"RNASEH2B",0
"GUCY1B2",0
"LINC00371",0
"RPL5P31",0
"SLMO2P2",0
"FAM124A",0
"SERPINE3",0
"MIR5693",0
"INTS6",0
"RP11-24B19.4",0
"RP11-24B19.3",0
"INTS6-AS1",0
"RPS4XP16",0
"RN7SL320P",0
"WDFY2",0
"RNY1P6",0
"ATP5F1P1",0
"DHRS12",0
"RP11-327P2.5",0
"CCDC70",0
"CTAGE3P",0
"ATP7B",0
"FABP5P2",0
"ALG11",0
"UTP14C",0
"NEK5",0
"NEK3",0
"MRPS31P5",0
"TPTE2P2",0
"THSD1",0
"VPS36",0
"CKAP2",0
"LINC00345",0
"TPTE2P3",0
"HNRNPA1L2",0
"SUGT1",0
"PCDH8",0
"OLFM4",0
"PCDH8P1",0
"LINC00458",0
"RP11-168P6.2",0
"RPL13AP25",0
"SPATA2P1",0
"PCDH17",0
"DIAPH3",0
"LINC00434",0
"TARDBPP2",0
"PPP1R2P10",0
"HNRNPA3P5",0
"PCDH9-AS2",0
"PCDH9-AS3",0
"PCDH9-AS4",0
"RPSAP53",0
"BCRP9",0
"ZDHHC20P4",0
"KLHL1",0
"ATXN8OS",0
"DACH1",0
"H3F3BP1",0
"RPL35AP31",0
"RPL21P110",0
"RNU6-80P",0
"MZT1",0
"BORA",0
"DIS3",0
"PIBF1",0
"AL391384.1",0
"KLF5",0
"FABP5P1",0
"KLF12",0
"LINC00402",0
"CTAGE11P",0
"TBC1D4",0
"COMMD6",0
"RP11-29G8.3",0
"RP11-173B14.5",0
"LMO7",0
"RP11-173B14.4",0
"FAM204CP",0
"LINC00561",0
"KCTD12",0
"DHX9P1",0
"CLN5",0
"FBXL3",0
"MYCBP2",0
"MYCBP2-AS1",0
"MYCBP2-AS2",0
"SCEL",0
"SLAIN1",0
"EDNRB-AS1",0
"EDNRB",0
"RNF219-AS1",0
"RP11-52L5.6",0
"POU4F1",0
"RNF219",0
"RBM26",0
"RNA5SP33",0
"RBM26-AS1",0
"NDFIP2",0
"LINC01068",0
"SPRY2",0
"RP11-521J24.1",0
"PTMAP5",0
"SLITRK1",0
"LINC00333",0
"SLITRK6",0
"RP11-30L8.1",0
"MIR4500HG",0
"RP11-29P20.1",0
"MIR4500",0
"SLITRK5",0
"LINC00433",0
"LINC00410",0
"LINC00379",0
"MIR17HG",0
"GPC5",0
"GPC5-AS1",0
"GPC6",0
"HNRNPA1P29",0
"GPC6-AS2",0
"RNA5SP35",0
"GPC6-AS1",0
"DCT",0
"TGDS",0
"GPR180",0
"RN7SL585P",0
"LINC00391",0
"SOX21",0
"SOX21-AS1",0
"BRD7P5",0
"LINC00557",0
"RNU6-62P",0
"ABCC4",0
"RNY3P8",0
"CLDN10",0
"DNAJC3-AS1",0
"DNAJC3",0
"UGGT2",0
"HMGN1P24",0
"HS6ST3",0
"AMMECR1LP1",0
"LINC00359",0
"OXGR1",0
"MBNL2",0
"RNA5SP37",0
"RAP2A",0
"IPO5",0
"FARP1",0
"RNF113B",0
"RP11-573N10.1",0
"FARP1-AS1",0
"STK24",0
"RP11-295B17.6",0
"STK24-AS1",0
"SLC15A1",0
"DOCK9",0
"DOCK9-AS2",0
"GAPDHP22",0
"UBAC2-AS1",0
"UBAC2",0
"H2AFZP3",0
"GPR18",0
"GPR183",0
"MIR623",0
"HMGB3P4",0
"CCR12P",0
"LINC00449",0
"TM9SF2",0
"RNY3P6",0
"LINC01039",0
"CFL1P8",0
"CLYBL",0
"CLYBL-AS2",0
"ZIC5",0
"ZIC2",0
"ASNSP3",0
"PCCA",0
"RPL15P18",0
"PCCA-AS1",0
"GGACT",0
"RP11-151A6.4",0
"RPS26P47",0
"TMTC4",0
"COX5BP6",0
"NALCN-AS1",0
"NALCN",0
"ITGBL1",0
"RP11-397O8.7",0
"FGF14",0
"LIPT1P1",0
"FGF14-IT1",0
"FGF14-AS1",0
"FGF14-AS2",0
"RP11-811P12.3",0
"LINC00555",0
"TPP2",0
"RP11-29B2.5",0
"CCDC168",0
"LINC00283",0
"TEX30",0
"KDELC1",0
"BIVM",0
"RNY5P8",0
"ERCC5",0
"METTL21EP",0
"RP11-255P5.2",0
"SLC10A2",0
"EFNB2",0
"ARGLU1",0
"LINC00551",0
"LINC00443",0
"FAM155A",0
"FAM155A-IT1",0
"LIG4",0
"ABHD13",0
"TNFSF13B",0
"RNA5SP39",0
"MYO16",0
"MYO16-AS2",0
"MYO16-AS1",0
"IRS2",0
"COL4A1",0
"COL4A2",0
"COL4A2-AS2",0
"COL4A2-AS1",0
"RAB20",0
"CARKD",0
"CARS2",0
"ING1",0
"RPL21P107",0
"LINC00567",0
"LINC00346",0
"ANKRD10",0
"ANKRD10-IT1",0
"PARP1P1",0
"LINC00431",0
"LINC00368",0
"ARHGEF7-AS2",0
"ARHGEF7",0
"ARHGEF7-IT1",0
"ARHGEF7-AS1",0
"TEX29",0
"RP11-65D24.2",0
"LINC00354",0
"SOX1",0
"RP11-450H6.3",0
"LINC00404",0
"LINC00403",0
"LINC01070",0
"LINC01043",0
"TUBGCP3",0
"C13orf35",0
"ATP11A",0
"ATP11A-AS1",0
"MCF2L",0
"RP11-120K24.3",0
"MCF2L-AS1",0
"RP11-120K24.4",0
"RP11-120K24.5",0
"AL137002.1",0
"F7",0
"F10",0
"F10-AS1",0
"KARSP2",0
"PROZ",0
"RP11-98F14.11",0
"PCID2",0
"CUL4A",0
"LAMP1",0
"GRTP1",0
"GRTP1-AS1",0
"ADPRHL1",0
"DCUN1D2",0
"DCUN1D2-AS",0
"RNU1-16P",0
"TMCO3",0
"TFDP1",0
"ATP4B",0
"GRK1",0
"LINC00552",0
"TMEM255B",0
"GAS6-AS1",0
"GAS6",0
"GAS6-AS2",0
"LINC00452",0
"LINC00565",0
"RASA3",0
"RASA3-IT1",0
"CDC16",0
"MIR548AR",0
"MIR4502",0
"UPF3A",0
"CLCP2",0
"CHAMP1",0
"LINC01054",0
"RP11-536C10.12",0
"RP11-536C10.11",0
"AL589743.1",0
"RP11-496I2.5",0
"CTD-2314B22.3",0
"RP11-597A11.3",0
"OR11H7",0
"OR11H4",0
"TTC5",0
"CTD-2292M16.8",0
"CCNB1IP1",0
"SNORA79",0
"RPPH1",0
"PARP2",0
"RP11-203M5.2",0
"TEP1",0
"RNA5SP382",0
"RP11-203M5.6",0
"OSGEP",0
"RP11-203M5.7",0
"APEX1",0
"TMEM55B",0
"PNP",0
"RNASE10",0
"RNASE9",0
"RP11-14J7.6",0
"RNASE4",0
"ANG",0
"RP11-903H12.3",0
"RANBP20P",0
"EDDM3A",0
"RNASE6",0
"RNASE1",0
"RP11-219E7.3",0
"RP11-219E7.2",0
"RNASE3",0
"RNASE2",0
"RP11-84C10.1",0
"METTL17",0
"RP11-84C10.4",0
"SLC39A2",0
"NDRG2",0
"TPPP2",0
"AL161668.5",0
"RNASE13",0
"RNASE7",0
"ARHGEF40",0
"ZNF219",0
"TMEM253",0
"CTD-2552B11.2",0
"LINC00641",0
"HNRNPC",0
"RPGRIP1",0
"SUPT16H",0
"RP11-524O1.4",0
"CHD8",0
"SNORD9",0
"SNORD8",0
"RP11-689J19.1",0
"EIF4EBP1P1",0
"RN7SL650P",0
"RAB2B",0
"TOX4",0
"METTL3",0
"SALL2",0
"RBBP4P5",0
"TRAV2",0
"AE000658.31",0
"TRAV3",0
"TRAV5",0
"RPL4P1",0
"TRAV11",0
"TRAV8-2",0
"TRAV8-3",0
"TRAV8-5",0
"TRAV13-2",0
"TRAV12-3",0
"TRAV18",0
"TRAV19",0
"TRAV39",0
"AE000661.37",0
"TRDC",0
"TRAC",0
"DAD1",0
"CTD-2555K7.4",0
"ABHD4",0
"CTD-2555K7.1",0
"OR6E1P",0
"CTD-2555K7.2",0
"CTD-2555K7.3",0
"OXA1L",0
"SLC7A7",0
"AL135998.1",0
"MRPL52",0
"MMP14",0
"LRP10",0
"REM2",0
"RBM23",0
"PRMT5-AS1",0
"PRMT5",0
"RP11-298I3.1",0
"HAUS4",0
"AJUBA",0
"RP11-298I3.4",0
"C14orf93",0
"PSMB5",0
"CDH24",0
"ACIN1",0
"C14orf119",0
"CEBPE",0
"SLC7A8",0
"C14orf164",0
"HOMEZ",0
"RP11-124D2.7",0
"PPP1R3E",0
"BCL2L2",0
"BCL2L2-PABPN1",0
"PABPN1",0
"SLC22A17",0
"EFS",0
"CMTM5",0
"MYH6",0
"MYH7",0
"NGDN",0
"RP11-66N24.4",0
"ZFHX2",0
"THTPA",0
"AP1G2",0
"RP11-66N24.3",0
"JPH4",0
"DHRS2",0
"DHRS4-AS1",0
"DHRS4",0
"DHRS4L2",0
"RP11-468E2.9",0
"CPNE6",0
"NRL",0
"PCK2",0
"DCAF11",0
"FITM1",0
"PSME1",0
"EMC9",0
"RP11-468E2.5",0
"PSME2",0
"RNF31",0
"RP11-468E2.4",0
"RNA5SP383",0
"IRF9",0
"REC8",0
"IPO4",0
"TM9SF1",0
"TSSK4",0
"CHMP4A",0
"AL136419.6",0
"MDP1",0
"NEDD8",0
"GMPR2",0
"TINF2",0
"TGM1",0
"RABGGTA",0
"DHRS1",0
"NOP9",0
"LTB4R2",0
"LTB4R",0
"ADCY4",0
"RIPK3",0
"NFATC4",0
"NYNRIN",0
"CBLN3",0
"KHNYN",0
"SDR39U1",0
"RP11-80A15.1",0
"CMA1",0
"GZMB",0
"STXBP6",0
"HMGN2P6",0
"RP11-388G3.1",0
"RP11-314P15.2",0
"NOVA1",0
"RP11-483C6.1",0
"NOVA1-AS1",0
"RP11-626P14.1",0
"RP11-626P14.2",0
"RP11-384J4.1",0
"BNIP3P1",0
"CTD-2591A6.2",0
"RP11-966I7.1",0
"FOXG1",0
"C14orf23",0
"RP11-966I7.2",0
"RP11-562L8.1",0
"PRKD1",0
"RP11-269C4.2",0
"RP11-1103G16.1",0
"G2E3",0
"SCFD1",0
"UBE2CP1",0
"RP11-159L20.2",0
"COCH",0
"RP11-829H16.3",0
"STRN3",0
"RP11-829H16.5",0
"AP4S1",0
"HECTD1",0
"RPL21P5",0
"RP11-596D21.1",0
"HEATR5A",0
"RP11-176H8.1",0
"CTD-2213F21.2",0
"DTD2",0
"NUBPL",0
"RP11-159D23.2",0
"RP11-187E13.1",0
"RP11-187E13.2",0
"ARHGAP5-AS1",0
"ARHGAP5",0
"RNU6-8",0
"RP11-134E15.2",0
"AKAP6",0
"RP11-320M16.2",0
"RN7SL660P",0
"RP11-320M16.1",0
"NPAS3",0
"EGLN3",0
"SPTSSA",0
"EAPP",0
"SNX6",0
"RPS19P3",0
"RP11-434O22.1",0
"BAZ1A",0
"RP11-73E17.2",0
"RP11-85K15.2",0
"IGBP1P1",0
"SRP54",0
"FAM177A1",0
"PPP2R3C",0
"KIAA0391",0
"RPL9P3",0
"RP11-561B11.1",0
"NFKBIA",0
"DNAJC8P1",0
"RP11-561B11.6",0
"KRT18P6",0
"INSM2",0
"RALGAPA1",0
"QRSL1P3",0
"RP11-317N8.5",0
"BRMS1L",0
"RP11-317N8.3",0
"RP11-317N8.4",0
"LINC00609",0
"RP11-259K15.2",0
"DPPA3P2",0
"SFTA3",0
"NKX2-1",0
"NKX2-8",0
"RP11-964E11.2",0
"PAX9",0
"SLC25A21",0
"SLC25A21-AS1",0
"MIPOL1",0
"RNU6-886P",0
"RP11-356O9.2",0
"RP11-356O9.1",0
"TTC6",0
"LINC00517",0
"CTD-2058B24.3",0
"CTD-2058B24.2",0
"CTD-2142D14.1",0
"SSTR1",0
"CLEC14A",0
"LINC00639",0
"SEC23A",0
"RP11-545M17.2",0
"RP11-545M17.3",0
"GEMIN2",0
"TRAPPC6B",0
"RPL7AP2",0
"RP11-407N17.4",0
"PNN",0
"RP11-407N17.6",0
"CTAGE5",0
"RP11-407N17.5",0
"RP11-647O20.1",0
"RP11-1074O12.1",0
"FBXO33",0
"RP11-111A21.1",0
"RP11-662J14.1",0
"RP11-662J14.2",0
"RP11-129M6.1",0
"RP11-629F19.1",0
"CTD-2298J14.2",0
"LRFN5",0
"RP11-1053O12.1",0
"HNRNPUP1",0
"RP11-305B6.1",0
"RP11-99L13.2",0
"RP11-398E10.1",0
"C14orf28",0
"RP11-857B24.5",0
"KLHL28",0
"FAM179B",0
"CTD-3028N15.1",0
"PRPF39",0
"FKBP3",0
"FANCM",0
"MIS18BP1",0
"DNAJC19P9",0
"RP11-454K7.3",0
"RP11-454K7.1",0
"RP11-369C8.1",0
"LINC00871",0
"RPL10L",0
"MDGA2",0
"RPL13AP2",0
"RPS15AP3",0
"LINC00648",0
"RP11-816J8.1",0
"RP11-326E7.1",0
"RPS29",0
"RN7SL1",0
"AL139099.1",0
"LRR1",0
"RHOQP1",0
"RPL36AL",0
"MGAT2",0
"DNAAF2",0
"RP11-649E7.7",0
"POLE2",0
"RP11-831F12.3",0
"KLHDC1",0
"RP11-831F12.2",0
"KLHDC2",0
"NEMF",0
"AL627171.2",0
"AL627171.1",0
"RN7SL3",0
"RN7SL2",0
"ARF6",0
"RP11-58E21.4",0
"C14orf182",0
"RP11-58E21.3",0
"C14orf183",0
"SOS2",0
"L2HGDH",0
"ATP5S",0
"RP11-247L20.4",0
"CDKL1",0
"RP11-247L20.3",0
"RP11-406H23.2",0
"ATL1",0
"SAV1",0
"RN7SL452P",0
"RP11-248J18.2",0
"NIN",0
"RP11-248J18.3",0
"PYGL",0
"ABHD12B",0
"RP11-218E20.3",0
"TRIM9",0
"RP11-1140I5.1",0
"TMX1",0
"LINC00640",0
"RP11-255G12.2",0
"FRMD6",0
"GNG2",0
"RP11-463J10.2",0
"RP11-463J10.4",0
"C14orf166",0
"NID2",0
"COX5AP2",0
"PTGDR",0
"RP11-452D12.1",0
"PTGER2",0
"TXNDC16",0
"GPR137C",0
"ERO1L",0
"PSMC6",0
"STYX",0
"GNPNAT1",0
"FERMT2",0
"RP11-589M4.4",0
"RP11-368P15.1",0
"RP11-368P15.2",0
"RP11-368P15.3",0
"DDHD1",0
"RP11-547D23.1",0
"AL163953.3",0
"AL163953.2",0
"BMP4",0
"CDKN3",0
"CNIH1",0
"GMFB",0
"CGRRF1",0
"SAMD4A",0
"GCH1",0
"FDPSP3",0
"WDHD1",0
"AL160471.6",0
"SOCS4",0
"MAPK1IP1L",0
"LGALS3",0
"DLGAP5",0
"RP11-698F20.3",0
"RP11-665C16.8",0
"FBXO34",0
"RP11-665C16.1",0
"CHMP4BP1",0
"ATG14",0
"RP11-454L9.2",0
"TBPL2",0
"KTN1-AS1",0
"RPL7AP4",0
"RP11-132J14.3",0
"KTN1",0
"RPL13AP3",0
"LINC00520",0
"PELI2",0
"RP11-930O11.2",0
"RP11-930O11.1",0
"TMEM260",0
"RP11-1085N6.2",0
"RP11-1085N6.6",0
"OTX2",0
"OTX2-AS1",0
"RP11-613G13.1",0
"RP11-108M12.3",0
"EXOC5",0
"AP5M1",0
"RP11-932A10.1",0
"C14orf105",0
"SLC35F4",0
"RP11-409I10.2",0
"CTD-2325K12.1",0
"RN7SKP99",0
"RP11-999E24.3",0
"C14orf37",0
"ACTR10",0
"PSMA3",0
"CTD-2002H8.2",0
"RP11-349A22.5",0
"HMGB1P14",0
"AL132989.1",0
"RNU6-341P",0
"ARID4A",0
"RP11-517O13.3",0
"TOMM20L",0
"RP11-517O13.1",0
"TIMM9",0
"KIAA0586",0
"HNRNPCP1",0
"RPL9P5",0
"DACT1",0
"RP11-112J1.1",0
"RP11-112J1.3",0
"DAAM1",0
"GPR135",0
"L3HYPDH",0
"JKAMP",0
"CCDC175",0
"RTN1",0
"RP11-62H20.1",0
"LRRC9",0
"RP11-16B13.1",0
"PCNXL4",0
"DHRS7",0
"SCOCP1",0
"CTD-2184C24.2",0
"PPM1A",0
"C14orf39",0
"RBM8B",0
"SALL4P7",0
"SIX6",0
"RP11-1042B17.3",0
"RP11-1042B17.5",0
"SIX1",0
"SIX4",0
"MNAT1",0
"RP11-307P22.1",0
"TRMT5",0
"SLC38A6",0
"PRKCH",0
"TMEM30B",0
"RP11-902B17.1",0
"RP11-47I22.1",0
"RP11-47I22.2",0
"RP11-47I22.3",0
"HIF1A-AS1",0
"HIF1A",0
"SNAPC1",0
"SYT16",0
"RP11-355I22.5",0
"RP11-355I22.2",0
"RP11-355I22.7",0
"RP11-355I22.6",0
"LINC00643",0
"KCNH5",0
"RP11-696D21.2",0
"GPHB5",0
"PPP2R5E",0
"CTD-2302E22.4",0
"CTD-2302E22.1",0
"CTD-2302E22.5",0
"WDR89",0
"HSPE1P2",0
"SGPP1",0
"SYNE2",0
"ESR2",0
"RP11-544I20.2",0
"TEX21P",0
"CTD-2555O16.1",0
"RP11-712C19.1",0
"MTHFD1",0
"CTD-2555O16.2",0
"CTD-2555O16.4",0
"ZBTB25",0
"CTD-2555O16.3",0
"AKAP5",0
"ZBTB1",0
"RP11-973N13.4",0
"HSPA2",0
"PPP1R36",0
"RP11-973N13.2",0
"PLEKHG3",0
"SPTB",0
"CHURC1",0
"FNTB",0
"GPX2",0
"RAB15",0
"RP11-840I19.5",0
"MAX",0
"MIR4706",0
"RP11-840I19.3",0
"PTBP1P",0
"FUT8",0
"CTD-2014B16.3",0
"YBX1P1",0
"RP11-72M17.1",0
"LINC00238",0
"GPHN",0
"RP11-862P13.1",0
"FAM71D",0
"MPP5",0
"ATP6V1D",0
"EIF2S1",0
"PLEK2",0
"TMEM229B",0
"PLEKHH1",0
"PIGH",0
"RP11-643G16.3",0
"RP11-643G16.4",0
"ARG2",0
"VTI1B",0
"COX7A2P1",0
"RP11-1012A1.4",0
"RDH11",0
"RDH12",0
"ZFYVE26",0
"RN7SL213P",0
"RP11-1012A1.7",0
"RAD51B",0
"PPIAP6",0
"CTD-2325P2.3",0
"CTD-2325P2.2",0
"ZFP36L1",0
"BLZF2P",0
"ACTN1",0
"ACTN1-AS1",0
"DCAF5",0
"DDX18P1",0
"RP11-363J20.1",0
"EXD2",0
"RP11-363J20.2",0
"GALNT16",0
"SLC39A9",0
"PLEKHD1",0
"RP11-1046B16.1",0
"CCDC177",0
"KIAA0247",0
"SLC10A1",0
"SMOC1",0
"RPL7AP6",0
"SLC8A3",0
"RP11-486O13.2",0
"ADAM21P1",0
"RP11-718G2.5",0
"COX16",0
"RNU2-51P",0
"SYNJ2BP",0
"RP11-486O13.4",0
"ADAM21",0
"ADAM20P1",0
"ADAM20",0
"MED6",0
"KRT18P7",0
"CTD-2540L5.6",0
"TTC9",0
"RP6-65G23.1",0
"MAP3K9",0
"RP6-65G23.3",0
"PCNX",0
"RP5-1163L11.2",0
"RP5-1163L11.3",0
"PTTG4P",0
"RP6-91H8.5",0
"RP1-261D10.2",0
"SIPA1L1",0
"RP1-261D10.1",0
"RP6-114E22.1",0
"RGS6",0
"RP3-514A23.2",0
"DPF3",0
"DCAF4",0
"RP11-109N23.6",0
"RP11-109N23.1",0
"ZFYVE1",0
"RBM25",0
"RP11-109N23.5",0
"PSEN1",0
"PAPLN",0
"RP4-647C14.2",0
"RNU6-419P",0
"RP4-647C14.3",0
"NUMB",0
"HEATR4",0
"RP3-414A15.11",0
"RP3-414A15.2",0
"ACOT1",0
"NT5CP2",0
"ACOT2",0
"NT5CP1",0
"ACOT4",0
"ACOT6",0
"RP3-414A15.10",0
"DNAL1",0
"PNMA1",0
"ELMSAN1",0
"RP5-1021I20.1",0
"RP5-1021I20.2",0
"PTGR2",0
"RP5-1021I20.4",0
"ZNF410",0
"RP5-1021I20.5",0
"RP5-1021I20.6",0
"FAM161B",0
"COQ6",0
"ENTPD5",0
"CCDC176",0
"ALDH6A1",0
"LIN52",0
"VSX2",0
"ABCD4",0
"AC005519.4",0
"VRTN",0
"SUB1P2",0
"SYNDIG1L",0
"RP3-449M8.9",0
"RP3-449M8.6",0
"NPC2",0
"RAP1AP",0
"ISCA2",0
"LTBP2",0
"CTD-2207P18.2",0
"AREL1",0
"RP11-173A8.2",0
"FCF1",0
"YLPM1",0
"RP11-316E14.6",0
"PROX2",0
"RP11-316E14.2",0
"DLST",0
"RPS6KL1",0
"PGF",0
"EIF2B2",0
"RP11-950C14.3",0
"MLH3",0
"RNU6-689P",0
"ACYP1",0
"ZC2HC1C",0
"NEK9",0
"RP11-950C14.7",0
"TMED10",0
"FOS",0
"RP11-293M10.5",0
"RP11-293M10.6",0
"JDP2",0
"FLVCR2",0
"RP11-507E23.1",0
"TTLL5",0
"C14orf1",0
"RP11-270M14.4",0
"IFT43",0
"TGFB3",0
"RP11-270M14.5",0
"GPATCH2L",0
"RP11-361H10.3",0
"RP11-516J2.1",0
"RP11-187O7.3",0
"RP11-187O7.1",0
"RP11-99E15.2",0
"VASH1",0
"RP11-488C13.5",0
"ANGEL1",0
"RP11-488C13.1",0
"RP11-488C13.4",0
"RP11-7F17.7",0
"RP11-7F17.1",0
"IRF2BPL",0
"RP11-7F17.5",0
"RP11-7F17.3",0
"CIPC",0
"TMEM63C",0
"ZDHHC22",0
"AC007375.1",0
"RP11-463C8.5",0
"NGB",0
"POMT2",0
"GSTZ1",0
"TMED8",0
"RP11-493G17.4",0
"SAMD15",0
"NOXRED1",0
"FKSG61",0
"VIPAS39",0
"SNORA46",0
"ISM2",0
"SPTLC2",0
"ALKBH1",0
"RPL21P10",0
"ZMYND19P1",0
"SLIRP",0
"SNW1",0
"C14orf178",0
"AC008372.1",0
"ADCK1",0
"NRXN3",0
"CTD-2243E23.1",0
"RP11-588P7.1",0
"RP11-588P7.2",0
"RP11-242P2.2",0
"RP11-242P2.1",0
"RP11-526N18.1",0
"DIO2",0
"CEP128",0
"TSHR",0
"RP11-114N19.3",0
"GTF2A1",0
"DYNLL1P1",0
"UNGP3",0
"STON2",0
"RP11-299L17.3",0
"SEL1L",0
"RP11-799P8.1",0
"RP11-406A9.2",0
"ENSAP2",0
"RP11-11K13.1",0
"RP11-497E19.1",0
"FLRT2",0
"CTD-2341M24.1",0
"RP11-594C13.1",0
"GALC",0
"FAM35CP",0
"LINC01146",0
"RP11-753D20.4",0
"RP11-753D20.3",0
"KCNK10",0
"SPATA7",0
"PTPN21",0
"RP11-507K2.2",0
"RNU4-22P",0
"ZC3H14",0
"EML5",0
"TTC8",0
"FOXN3",0
"CAP2P1",0
"RP11-356K23.1",0
"RP11-356K23.2",0
"FOXN3-AS1",0
"FOXN3-AS2",0
"RP11-944C7.1",0
"EFCAB11",0
"TDP1",0
"KCNK13",0
"PSMC1",0
"NRDE2",0
"RPL21P11",0
"CALM1",0
"RP11-471B22.2",0
"LINC00642",0
"TTC7B",0
"AL096869.1",0
"RP11-1078H9.2",0
"RP11-1078H9.5",0
"CTD-3035D6.1",0
"CTD-3035D6.2",0
"RPS6KA5",0
"C14orf159",0
"GPR68",0
"CTD-2547L24.3",0
"CTD-2547L24.4",0
"CCDC88C",0
"RP11-895M11.3",0
"RP11-895M11.2",0
"SMEK1",0
"AL133373.1",0
"CATSPERB",0
"RP11-248B24.4",0
"NANOGP7",0
"RP11-747H7.3",0
"TC2N",0
"FBLN5",0
"TRIP11",0
"RP11-529H20.3",0
"RP11-529H20.6",0
"ATXN3",0
"NDUFB1",0
"CPSF2",0
"RIN3",0
"LGMN",0
"GOLGA5",0
"RP11-862G15.1",0
"CHGA",0
"ITPK1",0
"ITPK1-AS1",0
"MOAP1",0
"TMEM251",0
"RP11-371E8.4",0
"C14orf142",0
"UBR7",0
"RP11-85G20.1",0
"BTBD7",0
"RP11-85G20.2",0
"COX8C",0
"RNU6-1258P",0
"PRIMA1",0
"FAM181A-AS1",0
"FAM181A",0
"ASB2",0
"RP11-131H24.4",0
"OTUB2",0
"DDX24",0
"IFI27L1",0
"IFI27",0
"PPP4R4",0
"SERPINA10",0
"SERPINA6",0
"SERPINA1",0
"SERPINA11",0
"SERPINA12",0
"SERPINA4",0
"SERPINA5",0
"RPSAP4",0
"GSC",0
"RPL15P2",0
"RP11-991C1.1",0
"DICER1",0
"DICER1-AS1",0
"CLMN",0
"LINC00341",0
"SYNE3",0
"RP11-1070N10.3",0
"SNHG10",0
"SCARNA13",0
"GLRX5",0
"RP11-1070N10.4",0
"RP11-1070N10.5",0
"RP11-1070N10.7",0
"TCL6",0
"TCL1B",0
"TCL1A",0
"RP11-164H13.1",0
"LINC00617",0
"C14orf132",0
"BDKRB2",0
"RP11-404P21.9",0
"BDKRB1",0
"RP11-404P21.3",0
"ATG2B",0
"GSKIP",0
"RNU2-33P",0
"AK7",0
"RPL23AP10",0
"RP11-872J21.3",0
"PAPOLA",0
"RP11-433J8.1",0
"VRK1",0
"LINC00618",0
"RP11-907D1.1",0
"CTD-2506J14.1",0
"RPL3P4",0
"AL162151.3",0
"SETD3",0
"CCNK",0
"CCDC85C",0
"RP11-543C4.1",0
"HHIPL1",0
"CYP46A1",0
"RP11-543C4.3",0
"EML1",0
"VDAC3P1",0
"EVL",0
"RP11-436M15.1",0
"RP11-436M15.3",0
"CTD-2376I20.1",0
"MIR151B",0
"DEGS2",0
"RP11-638I2.4",0
"YY1",0
"RP11-638I2.2",0
"SLC25A29",0
"MIR345",0
"SLC25A47",0
"WARS",0
"RP11-638I2.9",0
"RP11-638I2.10",0
"WDR25",0
"RP11-362L22.1",0
"CTD-2062F14.2",0
"BEGAIN",0
"CTD-2062F14.3",0
"DLK1",0
"RP11-566J3.4",0
"MEG3",0
"MIR770",0
"RTL1",0
"AL117190.3",0
"MEG8",0
"AL117190.1",0
"SNORD113-1",0
"SNORD113-3",0
"AL132709.5",0
"AL132709.8",0
"RP11-909M7.3",0
"MIR656",0
"MEG9",0
"AL132709.1",0
"CTD-2561F5.1",0
"DIO3OS",0
"DIO3",0
"RP11-1029J19.4",0
"RP11-1029J19.5",0
"RP11-796G6.1",0
"RP11-796G6.2",0
"PPP2R5C",0
"CTD-2017C7.2",0
"CTD-2017C7.1",0
"RP11-1017G21.5",0
"RP11-1017G21.6",0
"DYNC1H1",0
"RP11-1017G21.3",0
"RP11-1017G21.4",0
"HSP90AA1",0
"WDR20",0
"MOK",0
"ZNF839",0
"CINP",0
"ANKRD9",0
"CTD-2555C10.3",0
"TRAF3",0
"AMN",0
"CDC42BPB",0
"RP11-365N19.2",0
"EXOC3L4",0
"LINC00677",0
"TNFAIP2",0
"RP11-736N17.4",0
"LINC00605",0
"RP11-736N17.9",0
"RAP2CP1",0
"RP11-45P15.4",0
"EIF5",0
"SNORA28",0
"MARK3",0
"RP11-600F24.2",0
"CKB",0
"RP11-600F24.7",0
"TRMT61A",0
"RNU7-160P",0
"RP11-894P9.2",0
"BAG5",0
"KLC1",0
"APOPT1",0
"RP11-894P9.1",0
"RP11-73M18.6",0
"RP11-73M18.10",0
"RP11-73M18.7",0
"RP11-73M18.8",0
"XRCC3",0
"AL049840.1",0
"RP11-73M18.9",0
"ZFYVE21",0
"PPP1R13B",0
"RP11-73M18.11",0
"LINC00637",0
"CTD-2134A5.4",0
"CTD-2134A5.3",0
"C14orf2",0
"TDRD9",0
"RD3L",0
"ASPG",0
"CTD-2223O18.1",0
"KIF26A",0
"RP11-260M19.2",0
"C14orf144",0
"TMEM179",0
"C14orf180",0
"RP11-982M15.7",0
"RP11-982M15.8",0
"RP11-982M15.6",0
"INF2",0
"RP11-982M15.5",0
"ADSSL1",0
"SIVA1",0
"AKT1",0
"ZBTB42",0
"LINC00638",0
"RPS26P49",0
"RPS2P4",0
"CTD-3051D23.1",0
"CTD-3051D23.4",0
"CEP170B",0
"CTD-3051D23.3",0
"PLD4",0
"AHNAK2",0
"C14orf79",0
"CDCA4",0
"GPR132",0
"RP11-44N21.1",0
"JAG2",0
"NUDT14",0
"BRF1",0
"BTBD6",0
"PACS2",0
"RPS20P33",0
"TEX22",0
"RP11-521B24.3",0
"MTA1",0
"RP11-521B24.5",0
"CRIP2",0
"CRIP1",0
"C14orf80",0
"TMEM121",0
"IGHA1",0
"AB019441.29",0
"RP11-492D6.3",0
"RP11-509A17.3",0
"AC026495.1",0
"HERC2P3",0
"RP11-467L19.8",0
"NBEAP1",0
"RP11-403B2.7",0
"RP11-810K23.9",0
"RP11-810K23.10",0
"BMS1P16",0
"RP11-32B5.1",0
"RP11-32B5.7",0
"CXADRP2",0
"RP11-2F9.3",0
"RP11-603B24.2",0
"RP11-467N20.1",0
"ABCB10P1",0
"TUBGCP5",0
"CYFIP1",0
"NIPA1",0
"RP11-566K19.6",0
"RP11-566K19.5",0
"RP11-26F2.1",0
"AC138649.1",0
"RP11-1180F24.1",0
"WHAMMP3",0
"GOLGA8I",0
"HERC2P2",0
"HERC2P7",0
"RP11-529J17.3",0
"GOLGA6L2",0
"MIR4508",0
"MKRN3",0
"RP11-73C9.1",0
"MAGEL2",0
"NDN",0
"RP11-484P15.1",0
"PWRN4",0
"PWRN2",0
"RP11-580I1.1",0
"RP11-580I1.2",0
"RP11-350A1.2",0
"PWRN3",0
"PWRN1",0
"NPAP1",0
"SNRPN",0
"RPL5P1",0
"AC090602.2",0
"SNURF",0
"SNHG14",0
"SNORD108",0
"RP11-701H24.7",0
"RP11-701H24.3",0
"PWAR6",0
"SNORD109A",0
"SNORD116-1",0
"SNORD116-2",0
"SNORD116-3",0
"SNORD116-5",0
"SNORD116-6",0
"SNORD116-7",0
"SNORD116-8",0
"SNORD116-9",0
"SNORD116-12",0
"SNORD116-13",0
"SNORD116-14",0
"SNORD116-15",0
"SNORD116-16",0
"SNORD116-17",0
"SNORD116-18",0
"SNORD116-19",0
"SNORD116-20",0
"SNORD116-23",0
"SNORD116-24",0
"SNORD116-25",0
"SNORD116-26",0
"SNORD116-27",0
"SNORD116-29",0
"SNORD116-30",0
"RP11-145P16.3",0
"TMEM261P1",0
"SNORD115-4",0
"SNORD115-6",0
"SNORD115-12",0
"SNORD115-20",0
"SNORD115-21",0
"SNORD115-22",0
"SNORD115-25",0
"SNORD115-31",0
"SNORD115-32",0
"SNORD115-45",0
"SNORD109B",0
"UBE3A",0
"RP13-487P22.1",0
"AC124997.1",0
"AC023449.2",0
"ATP10A",0
"AC009878.2",0
"GABRB3",0
"AC011196.3",0
"GABRA5",0
"TVP23BP1",0
"GABRG3",0
"AC136896.1",0
"AC145436.1",0
"AC144833.1",0
"RP11-100M12.2",0
"RP11-100M12.3",0
"RP11-30G8.1",0
"OCA2",0
"HERC2",0
"RPL41P2",0
"RP11-578F21.3",0
"ABCB10P3",0
"RP11-483E23.4",0
"ABCB10P4",0
"GOLGA8G",0
"RP11-665A22.1",0
"HERC2P9",0
"RP11-578F21.2",0
"GOLGA8M",0
"WHAMMP2",0
"RP11-578F21.9",0
"RP11-578F21.12",0
"WI2-2334D6.1",0
"APBA2",0
"FAM189A1",0
"RP11-37J13.1",0
"NDNL2",0
"CTD-3118D7.1",0
"RP11-300A12.2",0
"TUBBP8",0
"RP11-680F8.1",0
"TJP1",0
"RP11-680F8.4",0
"HMGN2P5",0
"RP11-680F8.3",0
"GOLGA8J",0
"ULK4P3",0
"GOLGA8T",0
"AC026150.5",0
"RP11-261B23.1",0
"RP11-382B18.4",0
"CHRFAM7A",0
"GOLGA8R",0
"CTD-3092A11.1",0
"CTD-3092A11.2",0
"AC026150.6",0
"AC026150.8",0
"GOLGA8Q",0
"DNM1P50",0
"ULK4P2",0
"GOLGA8H",0
"RP11-932O9.8",0
"RN7SL628P",0
"RP11-932O9.9",0
"RP11-932O9.7",0
"ARHGAP11B",0
"RP11-932O9.10",0
"GOLGA8UP",0
"HERC2P10",0
"RP11-540B6.2",0
"RP11-540B6.3",0
"FAN1",0
"RP11-540B6.6",0
"MTMR10",0
"TRPM1",0
"RP11-16E12.1",0
"RP11-16E12.2",0
"KLF13",0
"RP11-126F18.2",0
"OTUD7A",0
"RP11-456J20.1",0
"CHRNA7",0
"RP13-395E19.2",0
"GOLGA8K",0
"RP13-395E19.3",0
"AC139426.2",0
"ULK4P1",0
"GOLGA8O",0
"RP11-632K20.8",0
"RP11-632K20.6",0
"RP11-632K20.2",0
"RP11-632K20.7",0
"GOLGA8N",0
"AC123768.3",0
"AC123768.1",0
"RP11-1000B6.5",0
"ARHGAP11A",0
"SCG5",0
"RP11-1000B6.2",0
"RP11-758N13.1",0
"GREM1",0
"FMN1",0
"RP11-758N13.3",0
"RP11-489D6.2",0
"RYR3",0
"RP11-3D4.3",0
"RP11-3D4.2",0
"AVEN",0
"CHRM5",0
"RP11-74D7.1",0
"RP11-1084A12.1",0
"PGBD4",0
"KATNBL1",0
"EMC4",0
"SLC12A6",0
"NOP10",0
"NUTM1",0
"LPCAT4",0
"RP11-602M11.3",0
"GOLGA8A",0
"HNRNPLP2",0
"RP11-1H8.3",0
"GOLGA8B",0
"GJD2",0
"RP11-814P5.1",0
"ACTC1",0
"RP11-83J16.3",0
"AQR",0
"RP11-83J16.1",0
"ZNF770",0
"RP11-463I20.3",0
"RP11-463I20.2",0
"RP11-323I15.3",0
"NANOGP8",0
"RP11-323I15.2",0
"RP11-323I15.5",0
"PRELID1P4",0
"ANP32AP1",0
"DPH6",0
"MIR3942",0
"RP11-139F4.2",0
"HNRNPA1P45",0
"DPH6-AS1",0
"C15orf41",0
"LARP4P",0
"CSNK1A1P1",0
"RP11-122D10.1",0
"MEIS2",0
"RP11-720L8.1",0
"RP11-1008C21.1",0
"RP11-1008C21.2",0
"SPRED1",0
"FAM98B",0
"AC109631.1",0
"RASGRP1",0
"RP11-102L12.2",0
"RP11-624L4.1",0
"RP11-62C7.2",0
"RP11-265N7.2",0
"RP11-265N7.1",0
"RP11-27M9.1",0
"THBS1",0
"FSIP1",0
"RP11-37C7.3",0
"GPR176",0
"RP11-37C7.2",0
"RP11-325N19.3",0
"EIF2AK4",0
"SRP14",0
"SRP14-AS1",0
"RP11-521C20.2",0
"BMF",0
"PAK6",0
"RP11-133K1.7",0
"C15orf56",0
"PLCB2",0
"ANKRD63",0
"LINC00984",0
"C15orf52",0
"PHGR1",0
"DISP2",0
"LINC00594",0
"RP11-64K12.10",0
"KNSTRN",0
"IVD",0
"BAHD1",0
"RP11-64K12.9",0
"RP11-64K12.8",0
"CHST14",0
"RP11-111A22.1",0
"C15orf57",0
"RNU6-516P",0
"RPUSD2",0
"CASC5",0
"CTD-2339L15.3",0
"RAD51-AS1",0
"RAD51",0
"RMDN3",0
"SUMO2P15",0
"GCHFR",0
"DNAJC17",0
"C15orf62",0
"ZFYVE19",0
"PPP1R14D",0
"RP11-532F12.5",0
"SPINT1",0
"RHOV",0
"VPS18",0
"RP11-540O11.1",0
"ISCA1P4",0
"INO80",0
"RP11-540O11.6",0
"RP11-540O11.4",0
"FAM92A1P1",0
"EXD1",0
"CHP1",0
"OIP5-AS1",0
"OIP5",0
"NUSAP1",0
"RP11-16O9.2",0
"RTF1",0
"ITPKA",0
"LTK",0
"RPAP1",0
"TYRO3",0
"MGA",0
"RP11-107F6.3",0
"MAPKBP1",0
"AC073657.1",0
"PLA2G4B",0
"JMJD7",0
"JMJD7-PLA2G4B",0
"SPTBN5",0
"RNA5SP393",0
"RP11-23P13.6",0
"RP11-23P13.7",0
"EHD4",0
"CTD-2382E5.1",0
"PLA2G4E",0
"PLA2G4D",0
"VPS39",0
"RP11-546B15.1",0
"TMEM87A",0
"GANC",0
"RP11-546B15.2",0
"RP11-164J13.1",0
"CAPN3",0
"SNAP23",0
"LRRC57",0
"HAUS2",0
"RP11-265N6.3",0
"STARD9",0
"EIF4EBP2P2",0
"CDAN1",0
"TTBK2",0
"KRT8P50",0
"FDPSP4",0
"UBR1",0
"EPB42",0
"RPS3AP47",0
"TMEM62",0
"RP11-473C18.3",0
"CCNDBP1",0
"LCMT2",0
"ADAL",0
"ZSCAN29",0
"TUBGCP4",0
"RN7SL487P",0
"MAP1A",0
"PPIP5K1",0
"CKMT1B",0
"STRC",0
"RNU6-554P",0
"CATSPER2",0
"RNU6-610P",0
"PDIA3P2",0
"AC011330.5",0
"CKMT1A",0
"STRCP1",0
"RNU6-353P",0
"CATSPER2P1",0
"RNU6-354P",0
"PDIA3",0
"ELL3",0
"SERF2",0
"HYPK",0
"MFAP1",0
"WDR76",0
"FRMD5",0
"PIN4P1",0
"ACTBP7",0
"GAPDHP55",0
"CASC4",0
"RP11-616K22.1",0
"RP11-516C1.1",0
"CTDSPL2",0
"HNRNPMP1",0
"CTD-2329K10.1",0
"EIF3J-AS1",0
"EIF3J",0
"RP11-151N17.1",0
"SPG11",0
"PATL2",0
"B2M",0
"TRIM69",0
"CTD-2008A1.2",0
"SORD",0
"RP11-109D20.1",0
"DUOX2",0
"DUOXA1",0
"DUOX1",0
"SHF",0
"RP11-519G16.2",0
"CTD-2651B20.7",0
"CTD-2651B20.6",0
"CTD-2651B20.3",0
"SLC28A2",0
"CTD-2651B20.4",0
"GATM",0
"C15orf48",0
"RP11-519G16.5",0
"RP11-519G16.3",0
"SLC30A4",0
"HMGN2P46",0
"BLOC1S6",0
"SQRDL",0
"RP11-718O11.1",0
"RP11-627D16.1",0
"RP11-627D16.2",0
"SEMA6D",0
"RN7SKP139",0
"CTD-2050N2.1",0
"RP11-142J21.1",0
"RP11-142J21.2",0
"RP11-552E10.1",0
"CTD-2270N23.1",0
"SLC24A5",0
"MYEF2",0
"AC066612.1",0
"RP11-605F22.2",0
"CTXN2",0
"SLC12A1",0
"RP11-154J22.1",0
"DUT",0
"FBN1",0
"RP11-227D13.1",0
"CEP152",0
"RP11-227D13.2",0
"RP11-227D13.4",0
"SHC4",0
"EID1",0
"SECISBP2L",0
"RN7SL577P",0
"RP11-325E5.1",0
"COPS2",0
"GALK2",0
"NDUFAF4P1",0
"FAM227B",0
"RP11-295H24.3",0
"FGF7",0
"DTWD1",0
"CTD-2647E9.1",0
"ATP8B4",0
"SLC27A2",0
"HDC",0
"GABPB1",0
"GABPB1-AS1",0
"CTD-3110H11.1",0
"MIR4712",0
"USP8",0
"RNA5SP395",0
"RP11-562A8.1",0
"RP11-562A8.4",0
"USP50",0
"TRPM7",0
"RP11-120K9.2",0
"SPPL2A",0
"AP4E1",0
"DCAF13P3",0
"RP11-108K3.1",0
"TNFAIP8L3",0
"RP11-394B5.2",0
"CYP19A1",0
"RP11-108K3.3",0
"RP11-108K3.2",0
"GLDN",0
"RP11-707P17.1",0
"DMXL2",0
"RP11-313P18.1",0
"LYSMD2",0
"TMOD2",0
"CTD-2308G16.1",0
"TMOD3",0
"RP11-56B16.1",0
"RP11-56B16.5",0
"RP11-56B16.2",0
"LEO1",0
"MAPK6",0
"CTD-2650P22.1",0
"CTD-2184D3.5",0
"BCL2L10",0
"CTD-2184D3.6",0
"GNB5",0
"CTD-2184D3.7",0
"RP11-430B1.2",0
"MYO5C",0
"MYO5A",0
"EEF1B2P1",0
"ARPP19",0
"FAM214A",0
"RP11-519C12.1",0
"RP11-209K10.2",0
"EEF1A1P22",0
"RP11-209E8.1",0
"WDR72",0
"UNC13C",0
"RSL24D1",0
"RAB27A",0
"RP11-139H15.1",0
"PIGB",0
"CCPG1",0
"MIR628",0
"C15orf65",0
"DYX1C1",0
"PYGO1",0
"PRTG",0
"RP11-420M1.2",0
"NEDD4",0
"CNOT6LP1",0
"RFX7",0
"RP11-5N19.3",0
"TEX9",0
"RP11-48G14.1",0
"MNS1",0
"RP11-1129I3.1",0
"ZNF280D",0
"HNRNPA3P11",0
"LINC00926",0
"CGNL1",0
"RNU6-844P",0
"CTD-2515H24.4",0
"CTD-2515H24.1",0
"GCOM1",0
"POLR2M",0
"RP11-344A16.2",0
"ALDH1A2",0
"RP11-86K22.1",0
"CTD-2330J20.2",0
"AQP9",0
"LIPC",0
"RP11-50C13.1",0
"ADAM10",0
"RP11-123C21.2",0
"RP11-30K9.6",0
"FAM63B",0
"RP11-30K9.4",0
"RP11-30K9.5",0
"RNF111",0
"SLTM",0
"AC025918.2",0
"CCNB2",0
"RP11-59H7.3",0
"MYO1E",0
"C15ORF31",0
"AC092757.1",0
"MIR2116",0
"LDHAL6B",0
"FAM81A",0
"GCNT3",0
"GTF2A2",0
"AC092755.4",0
"BNIP2",0
"PIGHP1",0
"RP11-361D15.2",0
"RPS3AP6",0
"NMNAT1P5",0
"FOXB1",0
"RP11-82L7.4",0
"ANXA2",0
"RP11-745A24.1",0
"RP11-745A24.2",0
"NARG2",0
"RP11-219B17.1",0
"RORA",0
"CTD-2501E16.2",0
"RP11-39M21.1",0
"RP11-39M21.2",0
"RP11-162I7.1",0
"VPS13C",0
"RP11-643M14.1",0
"C2CD4A",0
"C2CD4B",0
"hsa-mir-7162",0
"RP11-299H22.6",0
"TLN2",0
"RP11-625H11.1",0
"AC103740.1",0
"RP11-1069G10.1",0
"RP11-1069G10.2",0
"RP11-244F12.3",0
"RP11-69G7.1",0
"LACTB",0
"RPS27L",0
"RAB8B",0
"CA12",0
"RP11-321G12.1",0
"USP3",0
"USP3-AS1",0
"FBXL22",0
"HERC1",0
"RP11-317G6.1",0
"DAPK2",0
"RP11-111E14.1",0
"FAM96A",0
"SNX1",0
"SNX22",0
"PPIB",0
"CSNK1G1",0
"CTD-2116N17.1",0
"KIAA0101",0
"TRIP4",0
"ZNF609",0
"RP11-702L15.4",0
"GAPDHP61",0
"RP11-330L19.1",0
"RP11-330L19.2",0
"RNU6-549P",0
"OAZ2",0
"AC100830.5",0
"AC100830.3",0
"RBPMS2",0
"PIF1",0
"AC069368.3",0
"PLEKHO2",0
"ANKDD1A",0
"SPG21",0
"MTFMT",0
"RP11-325L12.5",0
"SLC51B",0
"RASL12",0
"KBTBD13",0
"UBAP1L",0
"RP11-325L12.3",0
"PDCD7",0
"CLPX",0
"CILP",0
"RNU6-686P",0
"RNU5A-1",0
"RP11-349G13.2",0
"IGDCC3",0
"DPP8",0
"RP11-349G13.3",0
"RP11-349G13.1",0
"PTPLAD1",0
"RNU6-19P",0
"VWA9",0
"DENND4A",0
"RAB11A",0
"RP11-16E23.3",0
"RP11-16E23.4",0
"MEGF11",0
"RP11-653J6.1",0
"DIS3L",0
"RP11-352G18.2",0
"TIPIN",0
"MAP2K1",0
"RPL35AP32",0
"CTD-3185P2.1",0
"SNAPC5",0
"MIR4512",0
"RPL4",0
"ZWILCH",0
"LCTL",0
"SMAD6",0
"RP11-622C24.1",0
"RP11-798K3.2",0
"SMAD3",0
"AAGAB",0
"IQCH",0
"IQCH-AS1",0
"C15orf61",0
"RP11-502I4.3",0
"MAP2K5",0
"HNRNPA1P5",0
"SKOR1",0
"RP11-34F13.3",0
"RP11-34F13.2",0
"PIAS1",0
"CALML4",0
"CLN6",0
"RP11-315D16.4",0
"FEM1B",0
"RP11-709B3.2",0
"ITGA11",0
"CORO2B",0
"ANP32A",0
"MIR4312",0
"SPESP1",0
"RP11-696L21.2",0
"NOX5",0
"LINC00277",0
"GLCE",0
"AC026992.1",0
"RN7SL438P",0
"RP11-352D13.6",0
"RP11-352D13.5",0
"PAQR5",0
"RP11-253M7.6",0
"RP11-253M7.1",0
"RP11-253M7.3",0
"RPLP1",0
"RP11-253M7.4",0
"RP11-279F6.1",0
"LINC00593",0
"TLE3",0
"UACA",0
"RP11-138H8.7",0
"LARP6",0
"RP11-138H8.6",0
"LRRC49",0
"KRT8P9",0
"THAP10",0
"RPL5P3",0
"THSD4",0
"CT62",0
"RP11-673C5.2",0
"RP11-673C5.1",0
"RP11-592N21.1",0
"NR2E3",0
"CTD-2524L6.3",0
"MYO9A",0
"RP11-390D11.1",0
"RP11-390D11.2",0
"SENP8",0
"RP11-2I17.1",0
"GRAMD2",0
"PKM",0
"PARP6",0
"CELF6",0
"RP11-106M3.3",0
"RP11-106M3.2",0
"HEXA",0
"HEXA-AS1",0
"RP11-106M3.1",0
"RP11-1007O24.3",0
"RP11-1007O24.4",0
"RP11-1007O24.2",0
"ARIH1",0
"RP11-1006G14.4",0
"RP11-361M10.3",0
"RP11-1006G14.2",0
"RP11-1006G14.1",0
"RP11-1006G14.3",0
"GOLGA6B",0
"HIGD2B",0
"BBS4",0
"ADPGK",0
"ADPGK-AS1",0
"NEO1",0
"NPM1P43",0
"RP11-272D12.2",0
"HCN4",0
"RP11-272D12.1",0
"C15orf60",0
"NPTN",0
"CD276",0
"C15orf59",0
"RP11-8P11.3",0
"TBC1D21",0
"LOXL1-AS1",0
"LOXL1",0
"STOML1",0
"PML",0
"GOLGA6A",0
"RP11-247C2.1",0
"ISLR2",0
"RP11-247C2.2",0
"RP11-665J16.1",0
"ISLR",0
"STRA6",0
"RP11-60L3.1",0
"CCDC33",0
"RP11-60L3.2",0
"CYP11A1",0
"CTD-2311M21.2",0
"CTD-2311M21.3",0
"SEMA7A",0
"UBL7",0
"UBL7-AS1",0
"RP11-10O17.1",0
"RP11-10O17.3",0
"ARID3B",0
"CTD-3154N5.1",0
"EDC3",0
"CYP1A1",0
"CYP1A2",0
"CSK",0
"MIR4513",0
"RP11-414J4.2",0
"ULK3",0
"SCAMP2",0
"MPI",0
"FAM219B",0
"COX5A",0
"RPP25",0
"SCAMP5",0
"PPCDC",0
"C15orf39",0
"RP11-69H7.2",0
"GOLGA6C",0
"GOLGA6D",0
"DNM1P34",0
"ANP32BP1",0
"COMMD4",0
"NEIL1",0
"RP11-817O13.6",0
"MAN2C1",0
"RP11-817O13.8",0
"SIN3A",0
"PTPN9",0
"CTD-2323K18.3",0
"CTD-2323K18.2",0
"CTD-2323K18.1",0
"SNUPN",0
"CTD-2026K11.2",0
"IMP3",0
"SNX33",0
"CSPG4",0
"AC105020.1",0
"ODF3L1",0
"DNM1P35",0
"RP11-24M17.4",0
"AC019294.1",0
"RP11-24M17.3",0
"MIR4313",0
"RP11-24M17.5",0
"UBE2Q2",0
"FBXO22",0
"NRG4",0
"RP11-326L17.1",0
"RP11-593F23.1",0
"TYRO3P",0
"ISL2",0
"RP11-685G9.2",0
"RP11-685G9.4",0
"SCAPER",0
"RCN2",0
"KRT8P23",0
"PSTPIP1",0
"RP11-797A18.4",0
"RP11-797A18.3",0
"TSPAN3",0
"RP11-797A18.6",0
"PEAK1",0
"HMG20A",0
"RP11-307C19.1",0
"RP11-307C19.2",0
"LINGO1",0
"RP11-307C19.3",0
"CTD-2632K10.1",0
"CTD-2071N1.1",0
"CSPG4P13",0
"RP11-114H24.2",0
"RP11-114H24.7",0
"RP11-114H24.4",0
"ADAMTS7P3",0
"TBC1D2B",0
"RP11-114H24.6",0
"SH2D7",0
"CIB2",0
"IDH3A",0
"RP11-285A1.1",0
"ACSBG1",0
"DNAJA4",0
"WDR61",0
"RP11-762H8.2",0
"RP11-762H8.1",0
"IREB2",0
"RP11-650L12.1",0
"HYKK",0
"AC027228.1",0
"PSMA4",0
"CHRNA5",0
"RP11-650L12.2",0
"CHRNA3",0
"CHRNB4",0
"RP11-335K5.2",0
"RP11-160C18.2",0
"ADAMTS7",0
"MORF4L1",0
"RPL21P116",0
"RNU6-415P",0
"CTSH",0
"RASGRF1",0
"RP11-16K12.1",0
"RP11-17L5.4",0
"HNRNPCP3",0
"ANKRD34C",0
"TMED3",0
"RP11-358L4.1",0
"KIAA1024",0
"RP11-621H8.2",0
"RNU6-667P",0
"RP11-38G5.2",0
"MTHFS",0
"RP11-38G5.4",0
"ST20",0
"C15orf37",0
"BCL2A1",0
"ZFAND6",0
"FAH",0
"RP11-2E17.1",0
"RP11-210M15.2",0
"ARNT2",0
"RP11-210M15.1",0
"RP11-379K22.2",0
"RP11-379K22.3",0
"MIR5572",0
"ABHD17C",0
"RP11-28H5.2",0
"KIAA1199",0
"RP11-351M8.1",0
"RP11-775C24.3",0
"C15orf26",0
"IL16",0
"RP11-761I4.4",0
"STARD5",0
"TMC3",0
"CTD-2240J17.1",0
"CTD-2034I4.1",0
"CTD-2034I4.2",0
"RP11-499F3.1",0
"RP11-499F3.2",0
"RP11-276M12.1",0
"MEX3B",0
"RP11-597K23.2",0
"EFTUD1",0
"FAM154B",0
"ADAMTS7P1",0
"GOLGA6L10",0
"UBE2Q2P2",0
"UBE2Q2P6",0
"GOLGA6L9",0
"CSPG4P8",0
"RP11-152F13.3",0
"RN7SL61P",0
"GOLGA6L17P",0
"RPS17",0
"ADAMTS7P2",0
"GOLGA6L18",0
"RP11-152F13.7",0
"RN7SL256P",0
"CSPG4P9",0
"UBE2Q2P3",0
"RPL9P8",0
"GOLGA6L20",0
"CSPG4P10",0
"RP13-996F3.3",0
"GOLGA6L21P",0
"RPS17L",0
"RP11-379H8.1",0
"CPEB1",0
"RP11-752G15.3",0
"AP3B2",0
"RP11-752G15.4",0
"AC105339.1",0
"RP11-752G15.9",0
"RP11-752G15.8",0
"RP11-752G15.6",0
"FSD2",0
"WHAMM",0
"HOMER2",0
"RP11-382A20.5",0
"C15orf40",0
"RP11-382A20.7",0
"AC022558.1",0
"BTBD1",0
"RP11-90B9.2",0
"RP11-382A20.6",0
"RP11-382A20.1",0
"TM6SF1",0
"RP11-382A20.2",0
"HDGFRP3",0
"RP11-382A20.4",0
"BNC1",0
"SH3GL3",0
"AC087738.1",0
"ADAMTSL3",0
"RP11-342A23.1",0
"EFTUD1P1",0
"RP13-262C2.3",0
"UBE2Q2L",0
"CSPG4P11",0
"RN7SL331P",0
"GOLGA6L4",0
"RP11-182J1.14",0
"RN7SL417P",0
"RP11-671M22.4",0
"AC136704.1",0
"DNM1P51",0
"CSPG4P5",0
"UBE2Q2P11",0
"UBE2Q2P12",0
"RP11-182J1.10",0
"GOLGA6L5P",0
"RP11-182J1.12",0
"UBE2Q2P1",0
"LINC00933",0
"ZSCAN2",0
"RP11-182J1.5",0
"SCAND2P",0
"RP11-182J1.1",0
"WDR73",0
"NMB",0
"SEC11A",0
"RP11-245C17.2",0
"ZNF592",0
"ALPK3",0
"SLC28A1",0
"PDE8A",0
"NIFKP8",0
"CSPG4P12",0
"RP11-561C5.4",0
"GOLGA6L3",0
"ADAMTS7P4",0
"AKAP13",0
"CTD-2262B20.1",0
"RP11-815J21.4",0
"RP11-815J21.1",0
"RP11-158M2.2",0
"RP11-158M2.3",0
"RP11-158M2.4",0
"RP11-158M2.5",0
"KLHL25",0
"MIR1276",0
"RP11-158M2.6",0
"AGBL1",0
"RP11-138H10.2",0
"LINC00052",0
"NTRK3",0
"NTRK3-AS1",0
"MRPL46",0
"MRPS11",0
"RP11-97O12.6",0
"DET1",0
"RP11-97O12.2",0
"MIR7-2",0
"AEN",0
"ISG20",0
"RP11-343B18.2",0
"ACAN",0
"HAPLN3",0
"MFGE8",0
"RP11-320A16.1",0
"RP11-326A19.4",0
"ABHD2",0
"RLBP1",0
"FANCI",0
"POLG",0
"RP11-217B1.2",0
"LINC00925",0
"RHCG",0
"LINC00928",0
"RP11-429B14.4",0
"RP11-429B14.1",0
"TICRR",0
"KIF7",0
"PLIN1",0
"PEX11A",0
"RPL36AP43",0
"WDR93",0
"RP11-300G22.2",0
"MESP1",0
"MESP2",0
"ANPEP",0
"AP3S2",0
"RP11-493E3.1",0
"RNU7-111P",0
"C15orf38",0
"ZNF710",0
"MIR3174",0
"RP11-617F23.1",0
"IDH2",0
"CTD-2315E11.1",0
"SEMA4B",0
"RPS12P26",0
"CIB1",0
"GDPGP1",0
"RP11-697E2.4",0
"TTLL13",0
"RP11-697E2.6",0
"NGRN",0
"RP11-697E2.7",0
"RP11-697E2.10",0
"RP11-697E2.9",0
"AC091167.3",0
"RN7SL736P",0
"GABARAPL3",0
"ZNF774",0
"NDUFA3P4",0
"IQGAP1",0
"CRTC3",0
"CTD-3065B20.2",0
"CTD-3065B20.3",0
"RP11-387D10.2",0
"HSPE1P3",0
"RP11-387D10.3",0
"BLM",0
"CTD-3094K11.1",0
"FURIN",0
"FES",0
"MAN2A2",0
"UNC45A",0
"HDDC3",0
"AC068831.3",0
"AC068831.6",0
"RCCD1",0
"PRC1",0
"PRC1-AS1",0
"VPS33B",0
"AC068831.10",0
"SV2B",0
"RP11-152L20.3",0
"NPM1P5",0
"ST8SIA2",0
"ENO1P2",0
"RP11-763K15.1",0
"C15orf32",0
"LINC00930",0
"RP11-386M24.3",0
"RP11-386M24.6",0
"RP11-386M24.9",0
"FAM174B",0
"RP11-386M24.5",0
"HMGN1P38",0
"RP11-386M24.4",0
"RP11-386M24.1",0
"CTD-2313J17.5",0
"ASB9P1",0
"CTD-2313J17.1",0
"CHD2",0
"RGMA",0
"RP11-368J22.2",0
"AC112693.2",0
"RP11-326A13.1",0
"RP11-326A13.3",0
"RP11-266O8.1",0
"RP11-164C12.2",0
"RP11-739G5.1",0
"CTD-3049M7.1",0
"RP11-76E17.3",0
"AC103996.1",0
"CTD-2643K12.2",0
"CTD-2643K12.3",0
"CTD-2643K12.1",0
"MCTP2",0
"RP11-4F5.2",0
"CTD-2576F9.1",0
"RP11-255M2.1",0
"CTD-2536I1.1",0
"LINC00924",0
"NR2F2-AS1",0
"RP11-327J17.2",0
"RP11-327J17.1",0
"NR2F2",0
"RP11-522B15.3",0
"RP11-522B15.6",0
"RP11-522B15.4",0
"FAM149B1P1",0
"SPATA8-AS1",0
"SPATA8",0
"CTD-2147F2.1",0
"CTD-2147F2.2",0
"RP11-461F11.3",0
"LINC00923",0
"ARRDC4",0
"RP11-753A21.1",0
"CTD-2544M6.1",0
"RP11-167B3.1",0
"FAM169B",0
"RP11-35O15.1",0
"IGF1R",0
"RP11-654A16.3",0
"PGPEP1L",0
"SYNM",0
"RP11-6O2.4",0
"TTC23",0
"RP11-6O2.3",0
"AC022819.3",0
"LRRC28",0
"HSP90B2P",0
"HNRNPA1P62",0
"RP11-616M17.1",0
"RP11-20G13.3",0
"RP11-20G13.2",0
"RP11-20G13.1",0
"MEF2A",0
"LYSMD4",0
"DNM1P46",0
"CTD-2054N24.2",0
"CTD-3076O17.1",0
"ADAMTS17",0
"CTD-3076O17.2",0
"SPATA41",0
"CERS3",0
"RP11-526I2.5",0
"RNU6-322P",0
"RP11-526I2.1",0
"LINS",0
"RNU6-181P",0
"RP11-192M23.1",0
"RP11-66B24.5",0
"RP11-66B24.2",0
"RP11-66B24.7",0
"ALDH1A3",0
"RP11-66B24.4",0
"LRRK1",0
"RP11-505E24.3",0
"RP11-505E24.2",0
"RP11-424I19.1",0
"RP11-424I19.2",0
"CHSY1",0
"VIMP",0
"SNRPA1",0
"RP11-299G20.2",0
"PCSK6",0
"TM2D3",0
"RNU6-807P",0
"TARSL2",0
"RP11-89K11.1",0
"DNM1P47",0
"CTD-2611K5.5",0
"FAM138E",0
"MIR1302-11",0
"WASH3P",0
"DDX11L9",0
"DDX11L10",0
"WASH4P",0
"Z84812.4",0
"WASIR2",0
"IL9RP3",0
"POLR3K",0
"SNRNP25",0
"RHBDF1",0
"MPG",0
"NPRL3",0
"Z69666.2",0
"HBM",0
"HBA2",0
"HBA1",0
"HBQ1",0
"LA16c-OS12.2",0
"LUC7L",0
"Z69890.1",0
"ITFG3",0
"RGS11",0
"PDIA2",0
"AXIN1",0
"MRPL28",0
"TMEM8A",0
"Z97634.3",0
"NME4",0
"DECR2",0
"AL049542.1",0
"CAPN15",0
"MIR5587",0
"MIR3176",0
"C16orf11",0
"PIGQ",0
"RAB40C",0
"Z98881.1",0
"WFIKKN1",0
"C16orf13",0
"AL022341.1",0
"FAM195A",0
"AL022341.3",0
"WDR90",0
"RHOT2",0
"RHBDL1",0
"LA16c-313D11.9",0
"STUB1",0
"JMJD8",0
"WDR24",0
"LA16c-313D11.12",0
"FBXL16",0
"LA16c-380A1.1",0
"METRN",0
"FAM173A",0
"CCDC78",0
"HAGHL",0
"MSLN",0
"MSLNL",0
"RPUSD1",0
"CHTF18",0
"GNG13",0
"PRR25",0
"LMF1",0
"LA16c-306A4.1",0
"LA16c-306A4.2",0
"LA16c-366D3.1",0
"SOX8",0
"SSTR5-AS1",0
"SSTR5",0
"C1QTNF8",0
"LA16c-349E11.1",0
"LA16c-381G6.1",0
"CACNA1H",0
"RP11-616M22.1",0
"RP11-616M22.2",0
"RP11-616M22.3",0
"TPSG1",0
"TPSB2",0
"TPSAB1",0
"TPSD1",0
"RP11-616M22.5",0
"TPSP2",0
"UBE2I",0
"LA16c-358B7.3",0
"BAIAP3",0
"TSR3",0
"GNPTG",0
"LA16c-316G12.2",0
"UNKL",0
"AL031721.1",0
"LA16c-312E8.2",0
"C16orf91",0
"CCDC154",0
"CLCN7",0
"LA16c-390E6.4",0
"RPS3AP2",0
"PTX4",0
"TELO2",0
"IFT140",0
"LA16c-385E7.1",0
"TMEM204",0
"LA16c-425C2.1",0
"CRAMP1L",0
"LA16c-395F10.1",0
"LA16c-431H6.6",0
"HN1L",0
"MAPK8IP3",0
"LA16c-329F2.1",0
"MIR3177",0
"NME3",0
"MRPS34",0
"EME2",0
"SPSB3",0
"NUBP2",0
"IGFALS",0
"HAGH",0
"FAHD1",0
"MEIOB",0
"LA16c-429E7.1",0
"HS3ST6",0
"MSRB1",0
"RPL3L",0
"NDUFB10",0
"RPS2",0
"SNHG9",0
"RNF151",0
"TBL3",0
"NOXO1",0
"GFER",0
"AC005606.14",0
"SYNGR3",0
"ZNF598",0
"NPW",0
"RN7SL219P",0
"SLC9A3R2",0
"NTHL1",0
"TSC2",0
"PKD1",0
"RP11-304L19.1",0
"RP11-304L19.3",0
"RP11-304L19.4",0
"RP11-304L19.2",0
"RAB26",0
"RP11-304L19.5",0
"TRAF7",0
"CASKIN1",0
"MLST8",0
"BRICD5",0
"PGP",0
"E4F1",0
"DNASE1L2",0
"RP11-304L19.11",0
"RNPS1",0
"MIR3677",0
"ABCA3",0
"RP11-715J22.1",0
"ABCA17P",0
"CCNF",0
"RP11-715J22.3",0
"RP11-715J22.4",0
"C16orf59",0
"RP11-715J22.2",0
"NTN3",0
"TBC1D24",0
"RP11-715J22.6",0
"ATP6V0C",0
"AMDHD2",0
"MIR3178",0
"PDPK1",0
"RP11-20I23.13",0
"RP11-20I23.8",0
"RP11-20I23.6",0
"RP11-20I23.7",0
"AC141586.5",0
"PDPK2",0
"CTD-3126B10.4",0
"ERVK13-1",0
"KCTD5",0
"PRSS27",0
"SRRM2-AS1",0
"SRRM2",0
"TCEB2",0
"PRSS33",0
"PRSS21",0
"ZG16B",0
"PRSS30P",0
"PRSS22",0
"LA16c-325D7.2",0
"FLYWCH2",0
"LA16c-321D4.1",0
"LA16c-321D4.2",0
"KREMEN2",0
"PKMYT1",0
"PAQR4",0
"LA16c-380H5.3",0
"LA16c-380H5.4",0
"LA16c-380H5.2",0
"LA16c-380H5.5",0
"CLDN9",0
"CLDN6",0
"TNFRSF12A",0
"HCFC1R1",0
"THOC6",0
"CCDC64B",0
"RP11-473M20.5",0
"MMP25",0
"RP11-473M20.7",0
"IL32",0
"RP11-473M20.9",0
"RNU1-22P",0
"ZSCAN10",0
"RP11-473M20.11",0
"ZNF205-AS1",0
"ZNF205",0
"ZNF213",0
"CASP16",0
"RP11-473M20.16",0
"AJ003147.8",0
"AJ003147.9",0
"OR1F1",0
"OR1F2P",0
"ZNF200",0
"MEFV",0
"ZNF263",0
"TIGD7",0
"ZNF75A",0
"RP11-433P17.1",0
"OR2C1",0
"NAA60",0
"ZSCAN32",0
"ZNF174",0
"ZNF597",0
"C16orf90",0
"LA16c-306E5.1",0
"CLUAP1",0
"NLRC3",0
"LA16c-390H2.4",0
"SLX4",0
"DNASE1",0
"RP11-461A8.4",0
"TRAP1",0
"AC006111.1",0
"CREBBP",0
"RP11-95J11.1",0
"RP11-462G12.2",0
"RP11-462G12.1",0
"ADCY9",0
"RP11-95P2.3",0
"SRL",0
"RP11-95P2.1",0
"TFAP4",0
"GLIS2",0
"AC005356.1",0
"PAM16",0
"RP11-295D4.1",0
"CORO7",0
"VASN",0
"DNAJA3",0
"NMRAL1",0
"HMOX2",0
"CDIP1",0
"SUB1P3",0
"UBALD1",0
"RP11-709D24.6",0
"NUDT16L1",0
"ANKS3",0
"RP11-127I20.7",0
"C16orf71",0
"ZNF500",0
"SMIM22",0
"RP11-127I20.5",0
"GLYR1",0
"UBN1",0
"SEC14L5",0
"NAGPA",0
"ALG1",0
"C16orf89",0
"RP11-10K17.3",0
"FAM86A",0
"RP11-10K17.6",0
"RP11-420N3.2",0
"AC074051.1",0
"RP11-382N13.5",0
"RP11-382N13.3",0
"RP11-124K4.1",0
"RBFOX1",0
"RP11-509E10.1",0
"RP11-468I15.1",0
"RP11-185J20.2",0
"RP11-26O3.1",0
"RP11-279O17.2",0
"RP11-279O17.1",0
"RP11-279O17.3",0
"TMEM114",0
"METTL22",0
"ABAT",0
"TMEM186",0
"PMM2",0
"RP11-152P23.2",0
"RP11-77H9.2",0
"CARHSP1",0
"RP11-77H9.6",0
"USP7",0
"RP11-77H9.8",0
"C16orf72",0
"RP11-473I1.9",0
"RPL21P119",0
"RP11-243A14.1",0
"RP11-243A14.3",0
"RP11-418I22.2",0
"RP11-297M9.1",0
"RP11-297M9.2",0
"GRIN2A",0
"RP11-895K13.2",0
"IMPDH1P11",0
"ATF7IP2",0
"EMP2",0
"RP11-27M24.2",0
"TEKT5",0
"RP11-109M19.1",0
"RP11-109M19.4",0
"RP11-109M19.3",0
"NUBP1",0
"TVP23A",0
"RP11-876N24.1",0
"CIITA",0
"DEXI",0
"RP11-876N24.5",0
"RP11-876N24.4",0
"CLEC16A",0
"RPL7P46",0
"RP11-66H6.3",0
"RP11-396B14.2",0
"HNRNPCP4",0
"RMI2",0
"SOCS1",0
"PRM1",0
"RP11-485G7.5",0
"RP11-485G7.6",0
"CTD-3088G3.8",0
"CTD-3088G3.4",0
"CTD-3088G3.6",0
"LITAF",0
"SNN",0
"TXNDC11",0
"RP11-490O6.2",0
"ZC3H7A",0
"BCAR4",0
"RSL1D1",0
"RP11-166B2.8",0
"GSPT1",0
"RP11-166B2.3",0
"COX6CP1",0
"RP11-166B2.5",0
"RP11-166B2.1",0
"TNFRSF17",0
"SNX29",0
"RP11-276H1.3",0
"RP11-165M1.2",0
"RP11-552C15.1",0
"CTD-3037G24.4",0
"CTD-3037G24.3",0
"CPPED1",0
"CTD-2583P5.1",0
"CTD-2583P5.3",0
"SHISA9",0
"U91319.1",0
"AC003009.1",0
"U95743.1",0
"ERCC4",0
"RPS26P52",0
"CTD-2135D7.2",0
"MKL2",0
"TVP23CP2",0
"RP11-65J21.3",0
"RP11-65J21.4",0
"PARN",0
"BFAR",0
"PLA2G10",0
"NPIPA3",0
"RP11-719K4.3",0
"NPIPA2",0
"ABCC6P2",0
"NOMO1",0
"MIR3179-1",0
"MIR3180-1",0
"RP11-958N24.1",0
"NPIPA1",0
"PDXDC1",0
"MIR1972-1",0
"RP11-680G24.5",0
"NTAN1",0
"RRN3",0
"RP11-72I8.1",0
"NPIPP1",0
"RP11-1186N24.5",0
"PKD1P6",0
"MIR3180-4",0
"NPIPA5",0
"MPV17L",0
"C16orf45",0
"KIAA0430",0
"CTB-193M12.1",0
"NDE1",0
"MYH11",0
"AF001548.5",0
"FOPNL",0
"RNU6-213P",0
"CTA-972D3.2",0
"ABCC1",0
"ABCC6",0
"NOMO3",0
"PKD1P1",0
"NPIPA7",0
"RP11-958N24.2",0
"XYLT1",0
"CTD-2576D5.4",0
"RPL7P47",0
"NPIPA8",0
"RP11-1212A22.1",0
"MIR3179-3",0
"NOMO2",0
"ABCC6P1",0
"RPS15A",0
"ARL6IP1",0
"RP11-1035H13.2",0
"SMG1",0
"CTD-2288F12.1",0
"TMC7",0
"RP11-626G11.5",0
"RP11-626G11.1",0
"COQ7",0
"RP11-626G11.4",0
"ITPRIPL2",0
"SYT17",0
"CLEC19A",0
"AC003003.5",0
"CTA-363E6.1",0
"CTA-363E6.2",0
"TMC5",0
"GDE1",0
"CCP110",0
"C16orf62",0
"KNOP1",0
"IQCK",0
"CTD-2380F24.1",0
"GPRC5B",0
"GPR139",0
"PDILT",0
"RP11-429K17.1",0
"ACSM5",0
"ACSM2A",0
"ACSM2B",0
"ACSM3",0
"ACSM1",0
"THUMPD1",0
"AC004381.7",0
"ERI2",0
"RNU6-944P",0
"AC004381.6",0
"DCUN1D3",0
"LYRM1",0
"DNAH3",0
"CTC-508F8.1",0
"TMEM159",0
"ZP2",0
"ANKS4B",0
"CRYM",0
"CRYM-AS1",0
"CTD-2547E10.3",0
"SNX29P1",0
"NPIPB3",0
"CTD-2547E10.2",0
"MIR3680-1",0
"CTB-31N19.2",0
"METTL9",0
"CTB-31N19.3",0
"IGSF6",0
"RNU6-1005P",0
"RNU6-196P",0
"OTOA",0
"RP11-645C24.5",0
"RRN3P1",0
"NPIPB4",0
"RP11-645C24.2",0
"UQCRC2",0
"PDZD9",0
"CTD-2649C14.1",0
"C16orf52",0
"RP11-101E7.2",0
"VWA3A",0
"SDR42E2",0
"EEF2K",0
"RP11-141O15.1",0
"POLR3E",0
"CDR2",0
"RP11-21M24.3",0
"RP11-21M24.2",0
"AC092338.5",0
"RRN3P3",0
"SMG1P1",0
"NPIPB5",0
"RP11-368J21.3",0
"RP11-105C19.2",0
"RP11-105C19.1",0
"HS3ST2",0
"RP11-20G6.2",0
"USP31",0
"SCNN1G",0
"SCNN1B",0
"COG7",0
"RN7SKP23",0
"CTD-2270L9.2",0
"CTD-2270L9.4",0
"GGA2",0
"AC002400.1",0
"EARS2",0
"CTD-2196E14.6",0
"NDUFAB1",0
"PALB2",0
"CTD-2196E14.3",0
"DCTN5",0
"CTD-2196E14.9",0
"CTD-2196E14.4",0
"PLK1",0
"CTD-2196E14.5",0
"ERN2",0
"CHP2",0
"PRKCB",0
"CACNG3",0
"RBBP6",0
"CTD-2540M10.1",0
"TNRC6A",0
"CTD-2515A14.1",0
"SLC5A11",0
"ARHGAP17",0
"RP11-266L9.1",0
"RP11-266L9.4",0
"RP11-266L9.5",0
"SCML2P2",0
"RP11-266L9.6",0
"RP11-449H11.1",0
"RP11-266L9.3",0
"LCMT1",0
"RP11-266L9.2",0
"AQP8",0
"ZKSCAN2",0
"HS3ST4",0
"RP11-185O21.1",0
"HMGN2P3",0
"AC009158.1",0
"AC002331.1",0
"C16orf82",0
"EEF1A1P38",0
"KDM8",0
"CTD-3203P2.1",0
"NSMCE1",0
"CTD-3203P2.2",0
"IL4R",0
"IL21R",0
"IL21R-AS1",0
"GTF3C1",0
"KIAA0556",0
"CTD-2049O4.1",0
"XPO6",0
"TPRKBP2",0
"RP11-159J3.1",0
"SBK1",0
"NPIPB6",0
"RP11-435I10.5",0
"EIF3CL",0
"RP11-435I10.3",0
"NPIPB7",0
"CLN3",0
"APOBR",0
"NUPR1",0
"CCDC101",0
"SULT1A2",0
"SULT1A1",0
"NPIPB8",0
"RP11-57A19.4",0
"EIF3C",0
"CDC37P1",0
"RP11-1348G14.6",0
"NPIPB9",0
"RP11-1348G14.4",0
"RP11-1348G14.1",0
"RP11-1348G14.5",0
"TUFM",0
"SH2B1",0
"RP11-22P6.2",0
"ATP2A1",0
"RP11-22P6.3",0
"RABEP2",0
"CD19",0
"NFATC2IP",0
"RP11-264B17.2",0
"SPNS1",0
"RP11-264B17.3",0
"RP11-264B17.4",0
"LAT",0
"CTB-134H23.2",0
"CTB-134H23.3",0
"RRN3P2",0
"RP11-426C22.5",0
"RP11-426C22.4",0
"SNX29P2",0
"RP11-426C22.6",0
"NPIPB11",0
"RP11-231C14.3",0
"RP11-345J4.5",0
"RP11-345J4.6",0
"SLX1B",0
"SULT1A4",0
"RP11-231C14.4",0
"RP11-345J4.8",0
"MIR3680-2",0
"SLC7A5P1",0
"SPN",0
"QPRT",0
"RN7SKP127",0
"AC009133.17",0
"KIF22",0
"MAZ",0
"AC009133.14",0
"PRRT2",0
"PAGR1",0
"AC009133.12",0
"MVP",0
"CDIPT",0
"CDIPT-AS1",0
"SEZ6L2",0
"ASPHD1",0
"KCTD13",0
"CTD-2574D22.2",0
"TMEM219",0
"TAOK2",0
"HIRIP3",0
"INO80E",0
"DOC2A",0
"C16orf92",0
"FAM57B",0
"ALDOA",0
"PPP4C",0
"TBX6",0
"YPEL3",0
"RP11-455F5.3",0
"GDPD3",0
"MAPK3",0
"CORO1A",0
"RP11-455F5.5",0
"BOLA2B",0
"SLX1A",0
"SULT1A3",0
"RP11-347C12.2",0
"RP11-347C12.1",0
"CD2BP2",0
"RP11-347C12.10",0
"TBC1D10B",0
"MYLPF",0
"ZNF48",0
"SEPT1",0
"ZNF771",0
"DCTPP1",0
"SEPHS2",0
"ITGAL",0
"ZNF768",0
"ZNF747",0
"AC002310.12",0
"AC002310.10",0
"ZNF764",0
"ZNF688",0
"AC002310.7",0
"ZNF785",0
"RP11-146F11.5",0
"AC002310.17",0
"ZNF689",0
"RP11-146F11.4",0
"PRR14",0
"FBRS",0
"RP11-146F11.1",0
"SRCAP",0
"PHKG2",0
"C16orf93",0
"RNF40",0
"ZNF629",0
"RP11-2C24.5",0
"BCL7C",0
"MIR4519",0
"CTF1",0
"CTF2P",0
"FBXL19-AS1",0
"FBXL19",0
"ORAI3",0
"SETD1A",0
"HSD3B7",0
"STX1B",0
"STX4",0
"RP11-196G11.2",0
"ZNF668",0
"AC135050.5",0
"ZNF646",0
"PRSS53",0
"VKORC1",0
"BCKDK",0
"KAT8",0
"RP11-196G11.4",0
"PRSS8",0
"PRSS36",0
"FUS",0
"RP11-388M20.1",0
"PYCARD",0
"C16orf98",0
"TRIM72",0
"PYDC1",0
"RP11-388M20.9",0
"ITGAM",0
"ITGAX",0
"COX6A2",0
"ZNF843",0
"RP11-452L6.5",0
"ARMC5",0
"TGFB1I1",0
"SLC5A2",0
"C16orf58",0
"RP11-452L6.7",0
"AHSP",0
"YBX3P1",0
"ZNF720",0
"AC002519.8",0
"ZNF267",0
"RP11-1166P10.1",0
"HERC2P5",0
"SLC6A10P",0
"HERC2P8",0
"RP11-989E6.10",0
"BMS1P8",0
"ARHGAP23P1",0
"CTD-2522B17.4",0
"LINC00273",0
"CTD-2144E22.10",0
"UBE2MP1",0
"HMGN2P41",0
"ANKRD26P1",0
"SHCBP1",0
"RP11-46D6.1",0
"RAB43P1",0
"VPS35",0
"RP11-93O14.2",0
"ORC6",0
"RP11-480G7.1",0
"MYLK3",0
"RP11-480G7.2",0
"C16orf87",0
"GPT2",0
"DNAJA2",0
"RP11-169E6.1",0
"NETO2",0
"RP11-329J18.2",0
"RPL23AP72",0
"ITFG1",0
"RP11-329J18.3",0
"RP11-329J18.4",0
"RP11-474B12.1",0
"PHKB",0
"EIF4BP5",0
"NDUFA5P11",0
"RP11-523L20.2",0
"AC140542.2",0
"RP11-523L20.1",0
"ABCC12",0
"ABCC11",0
"UBA52P8",0
"SIAH1",0
"N4BP1",0
"RP11-44I10.3",0
"RPS2P44",0
"RP11-42I10.1",0
"CTC-527H23.3",0
"CBLN1",0
"RP11-491F9.1",0
"RP11-491F9.8",0
"RP11-491F9.6",0
"RP11-491F9.5",0
"C16orf78",0
"RP11-189E14.4",0
"ZNF423",0
"ADAM3B",0
"CNEP1R1",0
"RP11-429P3.4",0
"HEATR3",0
"RP11-429P3.5",0
"PAPD5",0
"ADCY7",0
"BRD7",0
"RP11-21B23.1",0
"RP11-21B23.2",0
"RP11-21B23.3",0
"NKD1",0
"RP11-401P9.1",0
"RP11-401P9.6",0
"RP11-401P9.4",0
"SNX20",0
"NOD2",0
"RP11-327F22.6",0
"RP11-327F22.2",0
"RP11-327F22.1",0
"CYLD",0
"hsa-mir-3181",0
"RP11-327F22.4",0
"CTD-2034I21.1",0
"CTD-2034I21.2",0
"RP11-883G14.1",0
"SALL1",0
"AC009166.5",0
"UNGP1",0
"HNRNPA1P48",0
"RP11-7O14.1",0
"TOX3",0
"CASC16",0
"RP11-297L17.6",0
"RP11-467J12.4",0
"CHD9",0
"RP11-295M3.2",0
"RP11-454F8.2",0
"RP11-44F14.2",0
"RP11-44F14.8",0
"RBL2",0
"RNU6-1153P",0
"RP11-44F14.5",0
"AKTIP",0
"RPGRIP1L",0
"FTO",0
"RP11-357N13.3",0
"RP11-357N13.2",0
"RP11-357N13.1",0
"FTO-IT1",0
"IRX3",0
"CRNDE",0
"IRX5",0
"CTD-3032H12.2",0
"CTD-3032H12.1",0
"IRX6",0
"RP11-26L20.4",0
"MMP2",0
"LPCAT2",0
"RP11-212I21.4",0
"CAPNS2",0
"SLC6A2",0
"CES1P1",0
"CES1",0
"CES5A",0
"RP11-355E10.1",0
"CTD-2050B12.1",0
"CTD-2050B12.2",0
"RP11-441F2.2",0
"RP11-441F2.5",0
"AMFR",0
"NUDT21",0
"BBS2",0
"MT3",0
"MT2A",0
"MT1E",0
"MT1M",0
"MT1F",0
"MT1G",0
"MT1H",0
"MT1X",0
"RP11-343H19.1",0
"NUP93",0
"MIR138-2",0
"SLC12A3",0
"HERPUD1",0
"RP11-325K4.3",0
"RP11-325K4.2",0
"CETP",0
"NLRC5",0
"RP11-407G23.1",0
"CPNE2",0
"FAM192A",0
"RSPRY1",0
"ARL2BP",0
"RP11-407G23.4",0
"PLLP",0
"CCL22",0
"CX3CL1",0
"CCL17",0
"CIAPIN1",0
"COQ9",0
"DOK4",0
"CCDC102A",0
"GPR114",0
"GPR56",0
"GPR97",0
"RP11-405F3.4",0
"KATNB1",0
"CTD-2600O9.1",0
"CNGB1",0
"TEPP",0
"ZNF319",0
"USB1",0
"MMP15",0
"C16orf80",0
"CTB-134F13.1",0
"CSNK2A2",0
"CCDC113",0
"GINS3",0
"RP11-481J2.2",0
"NDRG4",0
"RNU6-103P",0
"SETD6",0
"CNOT1",0
"SLC38A7",0
"GOT2",0
"RP11-410D17.2",0
"RP11-700H13.1",0
"APOOP5",0
"RP11-430C1.1",0
"RP11-354I13.2",0
"RP11-354I13.1",0
"RP11-51O6.1",0
"CDH8",0
"RP11-109D24.1",0
"AC009110.1",0
"RP11-96H17.1",0
"RP11-96H17.3",0
"RP11-368L12.1",0
"AC012322.1",0
"RP11-744D14.1",0
"RP11-467L24.1",0
"RP11-439I14.2",0
"RP11-439I14.1",0
"CDH11",0
"RP11-95H3.1",0
"RP11-256I9.2",0
"RP11-256I9.3",0
"LINC00922",0
"RP11-351A20.1",0
"RP11-513N24.1",0
"CDH5",0
"LINC00920",0
"BEAN1",0
"CTD-2258A20.3",0
"CTD-2258A20.5",0
"AC132186.1",0
"TK2",0
"CKLF",0
"CMTM1",0
"CMTM2",0
"CMTM3",0
"DYNC1LI2",0
"RP11-63M22.1",0
"RP11-61A14.4",0
"CCDC79",0
"NAE1",0
"RP11-61A14.1",0
"CA7",0
"PDP2",0
"RP11-61A14.2",0
"RP11-61A14.3",0
"CDH16",0
"RRAD",0
"FAM96B",0
"CES2",0
"CES3",0
"CES4A",0
"CBFB",0
"C16orf70",0
"B3GNT9",0
"TRADD",0
"FBXL8",0
"HSF4",0
"NOL3",0
"KIAA0895L",0
"EXOC3L1",0
"E2F4",0
"ELMO3",0
"LRRC29",0
"TMEM208",0
"FHOD1",0
"SLC9A5",0
"CTC-277H1.7",0
"PLEKHG4",0
"KCTD19",0
"LRRC36",0
"TPPP3",0
"ZDHHC1",0
"HSD11B2",0
"RP11-297D21.2",0
"AC009061.1",0
"ATP6V0D1",0
"RP11-297D21.4",0
"AGRP",0
"FAM65A",0
"CTD-2012K14.2",0
"CTD-2012K14.6",0
"CTD-2012K14.7",0
"AC009095.4",0
"RLTPR",0
"ACD",0
"PARD6A",0
"ENKD1",0
"C16orf86",0
"GFOD2",0
"RANBP10",0
"RP11-167P11.2",0
"TSNAXIP1",0
"CENPT",0
"THAP11",0
"NUTF2",0
"CTC-479C5.11",0
"EDC4",0
"CTC-479C5.10",0
"PSKH1",0
"CTC-479C5.12",0
"PSMB10",0
"LCAT",0
"SLC12A4",0
"DPEP3",0
"DUS2",0
"NFATC3",0
"RP11-96D1.9",0
"RPS12P27",0
"RP11-96D1.5",0
"RP11-96D1.10",0
"ESRP2",0
"RP11-96D1.6",0
"RP11-96D1.7",0
"SLC7A6",0
"RNU6-1262P",0
"SLC7A6OS",0
"PRMT7",0
"RP11-96D1.3",0
"SMPD3",0
"ZFP90",0
"RP11-615I2.1",0
"CDH3",0
"RP11-615I2.2",0
"RP11-615I2.3",0
"HSPE1P5",0
"CDH1",0
"FTLP14",0
"TANGO6",0
"RP11-521L9.2",0
"RPS2P45",0
"CHTF8",0
"CIRH1A",0
"SNTB2",0
"VPS4A",0
"COG8",0
"PDF",0
"NIP7",0
"TMED6",0
"TERF2",0
"CYB5B",0
"RP11-343C2.10",0
"NFAT5",0
"NQO1",0
"CTD-2033A16.3",0
"NOB1",0
"WWP2",0
"CLEC18A",0
"PDXDC2P",0
"PDPR",0
"RP11-296I10.3",0
"CLEC18C",0
"AC009060.1",0
"RP11-296I10.6",0
"FKSG63",0
"EXOSC6",0
"AARS",0
"DDX19B",0
"RP11-529K1.2",0
"DDX19A",0
"ST3GAL2",0
"FUK",0
"COG4",0
"SF3B3",0
"SNORD111",0
"RP11-49C24.1",0
"IL34",0
"MTSS1L",0
"FLJ00418",0
"VAC14",0
"RP11-394B2.6",0
"VAC14-AS1",0
"RP11-424M24.5",0
"HYDIN",0
"RP11-23E19.2",0
"CMTR2",0
"CALB2",0
"RP11-510M2.1",0
"RP11-510M2.4",0
"ZNF23",0
"RP11-510M2.2",0
"ZNF19",0
"CHST4",0
"RP11-510M2.5",0
"RNU6-1061P",0
"TAT",0
"RP11-432I5.2",0
"MARVELD3",0
"PHLPP2",0
"RP11-432I5.6",0
"RNU6-208P",0
"RP11-432I5.8",0
"RP11-432I5.4",0
"AP1G1",0
"SNORD71",0
"RP11-417N10.3",0
"ATXN1L",0
"IST1",0
"ZNF821",0
"RP11-498D10.3",0
"RP11-498D10.5",0
"PKD1L3",0
"RP11-498D10.6",0
"RP11-498D10.8",0
"ATP5A1P3",0
"DHODH",0
"TXNL4B",0
"HP",0
"HPR",0
"RP11-384M15.3",0
"DHX38",0
"RP11-328J14.1",0
"RP11-328J14.2",0
"AC004158.2",0
"AC004158.3",0
"RP5-991G20.1",0
"ZFHX3",0
"RP5-991G20.4",0
"RP5-991G20.2",0
"RNU7-71P",0
"RP11-346C20.4",0
"RP11-346C20.3",0
"HCCAT5",0
"C16orf47",0
"AC140912.1",0
"CTD-2009A10.1",0
"RPSAP56",0
"AC009120.4",0
"PSMD7",0
"AC009120.6",0
"AC009120.3",0
"AC009120.5",0
"RP11-252A24.2",0
"RP11-252A24.3",0
"NPIPB15",0
"CLEC18B",0
"RP11-252A24.5",0
"RP11-252A24.7",0
"GLG1",0
"RNU6-237P",0
"RFWD3",0
"RP11-144N1.1",0
"MLKL",0
"FA2H",0
"RP11-787D11.1",0
"WDR59",0
"ZNRF1",0
"LDHD",0
"RP11-252E2.2",0
"ZFP1",0
"RP11-331F4.1",0
"CTRB2",0
"CTRB1",0
"RP11-331F4.4",0
"BCAR1",0
"CFDP1",0
"RP11-252K23.2",0
"TMEM170A",0
"RP11-77K12.3",0
"RP11-77K12.4",0
"CHST6",0
"RP11-77K12.5",0
"CHST5",0
"TMEM231",0
"GABARAPL2",0
"ADAT1",0
"KARS",0
"TERF2IP",0
"AC025287.1",0
"CNTNAP4",0
"MON1B",0
"SYCE1L",0
"VN2R10P",0
"RP11-538I12.3",0
"ADAMTS18",0
"RP11-449J10.1",0
"NUDT7",0
"RP11-264M12.2",0
"VAT1L",0
"RP11-281J9.1",0
"CLEC3A",0
"WWOX",0
"RPS3P7",0
"RP11-679B19.2",0
"MAF",0
"RP11-345M22.1",0
"RP11-345M22.2",0
"RP11-525K10.3",0
"DYNLRB2",0
"RP11-109P11.1",0
"CDYL2",0
"RP11-314O13.1",0
"CMC2",0
"CENPN",0
"RP11-303E16.3",0
"RP11-303E16.2",0
"ATMIN",0
"C16orf46",0
"RP11-303E16.8",0
"RP11-303E16.5",0
"RP11-303E16.6",0
"RP11-303E16.7",0
"GCSH",0
"PKD1L2",0
"BCMO1",0
"RP11-55K13.1",0
"GAN",0
"CMIP",0
"RP11-391L3.5",0
"RP11-960L18.1",0
"PLCG2",0
"SDR42E1",0
"HSD17B2",0
"RP11-510J16.5",0
"CTD-2588J6.1",0
"MPHOSPH6",0
"CTD-2588J6.2",0
"CDH13",0
"RP11-22H5.2",0
"RP11-543N12.1",0
"RP11-298D21.1",0
"RP11-483P21.2",0
"RP11-483P21.3",0
"HSBP1",0
"MLYCD",0
"RP11-505K9.4",0
"RP11-483P21.6",0
"OSGIN1",0
"SLC38A8",0
"MBTPS1",0
"RP11-505K9.1",0
"RP11-505K9.3",0
"HSDL1",0
"TAF1C",0
"ADAD2",0
"RP11-486L19.2",0
"KCNG4",0
"WFDC1",0
"ATP2C2",0
"RP11-517C16.2",0
"TLDC1",0
"RP11-517C16.4",0
"RP11-61F12.1",0
"KLHL36",0
"USP10",0
"CRISPLD2",0
"ZDHHC7",0
"KIAA0513",0
"FAM92B",0
"CTC-786C10.1",0
"LINC00311",0
"MIR5093",0
"RP11-680G10.1",0
"RP11-118F19.1",0
"CTD-2542L18.1",0
"GSE1",0
"RN7SL381P",0
"GINS2",0
"C16orf74",0
"EMC8",0
"RNU1-103P",0
"RP11-568J23.5",0
"RP11-568J23.6",0
"COX4I1",0
"IRF8",0
"LINC00917",0
"FENDRR",0
"FOXF1",0
"RP11-463O9.9",0
"RP11-463O9.1",0
"MTHFSD",0
"RP11-463O9.5",0
"FOXC2",0
"FOXL1",0
"CTD-2015G9.2",0
"RP11-134D3.1",0
"RP11-134D3.2",0
"C16orf95",0
"RP11-899L11.1",0
"RP11-178L8.5",0
"RP11-178L8.7",0
"FBXO31",0
"RP11-178L8.9",0
"MAP1LC3B",0
"RP11-178L8.3",0
"ZCCHC14",0
"RP11-482M8.1",0
"RP11-482M8.3",0
"JPH3",0
"AC010536.1",0
"FLJ00104",0
"RP11-278A23.2",0
"RP4-536B24.4",0
"SLC7A5",0
"RP4-536B24.2",0
"CTD-3057O21.1",0
"BANP",0
"RP11-863P13.4",0
"RP11-863P13.3",0
"LA16c-444G7.2",0
"LA16c-444G7.1",0
"ZNF469",0
"ZFPM1",0
"MIR5189",0
"RP11-21B21.4",0
"ZC3H18",0
"IL17C",0
"CYBA",0
"MVD",0
"SNAI3-AS1",0
"SNAI3",0
"RNF166",0
"CTU2",0
"PIEZO1",0
"RP5-1142A6.9",0
"RP5-1142A6.2",0
"RP5-1142A6.7",0
"RP5-1142A6.8",0
"CDT1",0
"APRT",0
"GALNS",0
"AC092384.1",0
"TRAPPC2L",0
"PABPN1L",0
"RP11-830F9.5",0
"RP11-830F9.7",0
"RP11-830F9.6",0
"CTD-2555A7.3",0
"LINC00304",0
"RP11-46C24.3",0
"CDH15",0
"SLC22A31",0
"ZNF778",0
"RP11-46C24.5",0
"ANKRD11",0
"AC137932.1",0
"AC137932.5",0
"AC137932.6",0
"RP1-168P16.2",0
"RP1-168P16.1",0
"RP1-168P16.3",0
"SPG7",0
"RP11-104N10.1",0
"RNU7-117P",0
"RPL13",0
"CPNE7",0
"CHMP1A",0
"SPATA33",0
"CDK10",0
"RP11-368I7.4",0
"SPATA2L",0
"VPS9D1",0
"VPS9D1-AS1",0
"ZNF276",0
"FANCA",0
"SPIRE2",0
"TCF25",0
"RP11-566K11.7",0
"MC1R",0
"TUBB3",0
"RP11-566K11.4",0
"DEF8",0
"CENPBD1",0
"AFG3L1P",0
"DBNDD1",0
"GAS8",0
"C16orf3",0
"URAHP",0
"PRDM7",0
"TUBB8P7",0
"FAM157C",0
"RP11-356C4.5",0
"AC108004.5",0
"DOC2B",0
"AC108004.2",0
"RPH3AL",0
"RP11-1260E13.1",0
"RP11-1260E13.4",0
"RP11-1260E13.2",0
"RP11-1260E13.3",0
"AC108004.3",0
"C17orf97",0
"FAM101B",0
"RP5-1029F21.3",0
"VPS53",0
"RP5-1029F21.4",0
"RP5-1029F21.2",0
"RP11-411G7.2",0
"RPS4XP17",0
"FAM57A",0
"GEMIN4",0
"DBIL5P",0
"GLOD4",0
"RNMTL1",0
"RP11-676J12.8",0
"NXN",0
"RP11-676J12.6",0
"RP11-676J12.7",0
"RP11-356I18.1",0
"AC015884.1",0
"TIMM22",0
"ABR",0
"MIR3183",0
"AC144836.1",0
"BHLHA9",0
"TUSC5",0
"YWHAE",0
"CRK",0
"RP11-818O24.3",0
"MYO1C",0
"INPP5K",0
"PITPNA-AS1",0
"PITPNA",0
"SLC43A2",0
"SCARF1",0
"RILP",0
"PRPF8",0
"TLCD2",0
"MIR22HG",0
"WDR81",0
"SERPINF2",0
"SERPINF1",0
"SMYD4",0
"RPA1",0
"AC016292.3",0
"RTN4RL1",0
"CTD-2545H1.2",0
"AC099684.1",0
"DPH1",0
"RP11-667K14.3",0
"MIR132",0
"MIR212",0
"HIC1",0
"SMG6",0
"RP11-667K14.5",0
"RP11-667K14.8",0
"AL450226.2",0
"SRR",0
"TSR1",0
"SNORD91B",0
"SNORD91A",0
"SGSM2",0
"RP1-59D14.5",0
"MNT",0
"METTL16",0
"PAFAH1B1",0
"SAMD11P1",0
"RN7SL608P",0
"RP11-74E22.6",0
"CLUH",0
"RP11-74E22.3",0
"RP11-74E22.4",0
"RAP1GAP2",0
"CTD-2309O5.3",0
"OR1P1",0
"SPATA22",0
"ASPA",0
"TRPV3",0
"SHPK",0
"TRPV1",0
"RP11-235E17.3",0
"RP11-235E17.5",0
"CTNS",0
"RP11-235E17.6",0
"TAX1BP3",0
"P2RX5-TAX1BP3",0
"RP11-48B14.1",0
"EMC6",0
"P2RX5",0
"ITGAE",0
"CTD-3195I5.3",0
"GSG2",0
"CTD-3195I5.4",0
"CTD-3195I5.5",0
"CTD-3195I5.1",0
"C17orf85",0
"CAMKK1",0
"P2RX1",0
"ATP2A3",0
"ZZEF1",0
"RNA5SP434",0
"CYB5D2",0
"ANKFY1",0
"RYKP1",0
"UBE2G1",0
"RP11-104O19.2",0
"SPNS3",0
"RP13-580F15.2",0
"AC118754.4",0
"SPNS2",0
"MYBBP1A",0
"GGT6",0
"RP11-141J13.3",0
"TXNP4",0
"SMTNL2",0
"RP11-141J13.5",0
"ALOX15",0
"PELP1",0
"RP11-314A20.2",0
"RP11-314A20.1",0
"ARRB2",0
"MED11",0
"CXCL16",0
"ZMYND15",0
"VMO1",0
"GLTPD2",0
"PSMB6",0
"RP11-81A22.5",0
"PLD2",0
"MINK1",0
"ATP6V0CP1",0
"CHRNE",0
"C17orf107",0
"GP1BA",0
"SLC25A11",0
"RNF167",0
"ENO3",0
"SPAG7",0
"CAMTA2",0
"RP5-1050D4.2",0
"RP5-1050D4.4",0
"AC004771.1",0
"RP5-1050D4.5",0
"INCA1",0
"KIF1C",0
"AC109333.10",0
"SLC52A1",0
"RP11-46I8.3",0
"ZFP3",0
"ZNF232",0
"AC012146.7",0
"USP6",0
"RP11-46I8.4",0
"ZNF594",0
"RP11-333E1.1",0
"SCIMP",0
"RP11-333E1.2",0
"RABEP1",0
"NUP88",0
"RP11-420A6.2",0
"RPAIN",0
"CTC-524C5.2",0
"C1QBP",0
"DHX33",0
"DERL2",0
"MIS12",0
"NLRP1",0
"WSCD1",0
"AIPL1",0
"FAM64A",0
"PITPNM3",0
"KIAA0753",0
"RNA5SP435",0
"MED31",0
"CTC-281F24.1",0
"MIR4520A",0
"SLC13A5",0
"XAF1",0
"FBXO39",0
"TEKT1",0
"AC027763.2",0
"RP11-530N7.2",0
"RP11-530N7.3",0
"RP11-589P10.5",0
"ALOX12",0
"RNASEK",0
"C17orf49",0
"BCL6B",0
"SLC16A13",0
"SLC16A11",0
"CLEC10A",0
"ASGR2",0
"RPL7AP64",0
"ASGR1",0
"ACADVL",0
"MIR324",0
"DVL2",0
"PHF23",0
"GABARAP",0
"CTDNEP1",0
"ELP5",0
"CLDN7",0
"SLC2A4",0
"YBX2",0
"EIF5A",0
"GPS2",0
"NEURL4",0
"AC026954.6",0
"ACAP1",0
"KCTD11",0
"TNK1",0
"TMEM256-PLSCR3",0
"TMEM256",0
"NLGN2",0
"RP11-104H15.7",0
"SPEM1",0
"C17orf74",0
"TMEM102",0
"FGF11",0
"CHRNB1",0
"ZBTB4",0
"POLR2A",0
"TNFSF12",0
"TNFSF13",0
"SENP3",0
"SENP3-EIF4A1",0
"EIF4A1",0
"CD68",0
"AC113189.5",0
"MPDU1",0
"SOX15",0
"FXR2",0
"SHBG",0
"SAT2",0
"ATP1B2",0
"TP53",0
"RP11-199F11.2",0
"WRAP53",0
"EFNB3",0
"DNAH2",0
"KDM6B",0
"TMEM88",0
"LSMD1",0
"CYB5D1",0
"CHD3",0
"AC025335.1",0
"KCNAB3",0
"TRAPPC1",0
"CNTROB",0
"RP11-1099M24.8",0
"GUCY2D",0
"ALOX15B",0
"ALOX12B",0
"AC129492.6",0
"ALOXE3",0
"HES7",0
"PER1",0
"VAMP2",0
"TMEM107",0
"RP11-599B13.7",0
"C17orf59",0
"RP11-599B13.8",0
"AURKB",0
"LINC00324",0
"RP11-849F2.8",0
"CTC1",0
"PFAS",0
"RP11-849F2.9",0
"SLC25A35",0
"RANGRF",0
"ARHGEF15",0
"RP11-849F2.4",0
"ODF4",0
"AC135178.1",0
"RP11-849F2.5",0
"KRBA2",0
"RP11-849F2.7",0
"RPL26",0
"RNF222",0
"NDEL1",0
"MYH10",0
"RNU7-43P",0
"RN7SL129P",0
"RP11-713H12.2",0
"RP11-713H12.1",0
"CCDC42",0
"MFSD6L",0
"PIK3R6",0
"PIK3R5",0
"CTB-41I6.1",0
"CTB-41I6.2",0
"NTN1",0
"RP11-85B7.2",0
"STX8",0
"RP11-565F19.2",0
"WDR16",0
"USP43",0
"GLP2R",0
"RCVRN",0
"GAS7",0
"AC000003.2",0
"MYH13",0
"MYH8",0
"MYH1",0
"MYH2",0
"MYH3",0
"CTC-297N7.1",0
"CTC-297N7.8",0
"SCO1",0
"CTC-297N7.10",0
"ADPRM",0
"TMEM220",0
"MAGOH2",0
"CTC-297N7.5",0
"CTC-297N7.9",0
"RP11-963H4.2",0
"PIRT",0
"RP11-963H4.3",0
"RPL15P21",0
"SHISA6",0
"AC005725.1",0
"RP11-680C21.1",0
"DNAH9",0
"RP11-1096G20.5",0
"ZNF18",0
"RPL21P122",0
"MAP2K4",0
"RP11-471L13.3",0
"LINC00670",0
"MYOCD",0
"RP11-1090M7.1",0
"ARHGAP44",0
"ELAC2",0
"HS3ST3A1",0
"COX10-AS1",0
"AC005304.1",0
"RP11-131K5.1",0
"CDRT15P1",0
"COX10",0
"AC005224.2",0
"CDRT15",0
"RP11-214O1.1",0
"HS3ST3B1",0
"RP11-214O1.2",0
"RP11-214O1.3",0
"RPS18P12",0
"AC005863.1",0
"AC005772.2",0
"PMP22",0
"TEKT3",0
"RP11-849N15.4",0
"RN7SL792P",0
"CDRT4",0
"TVP23C",0
"RPL9P2",0
"AC005517.3",0
"RP11-385D13.3",0
"CDRT1",0
"RP11-385D13.1",0
"TRIM16",0
"RP11-640I15.1",0
"ZNF29P",0
"ZNF286A",0
"UBE2SP1",0
"TBC1D26",0
"AC005324.6",0
"IL6STP1",0
"MEIS3P1",0
"CTD-3157E16.1",0
"AC015922.7",0
"ADORA2B",0
"ZSWIM7",0
"TTC19",0
"NCOR1",0
"AC002553.1",0
"RNU6-314P",0
"PIGL",0
"CENPV",0
"UBB",0
"FTLP12",0
"TRPV2",0
"FAM211A-AS1",0
"RP11-138I1.3",0
"FAM211A",0
"RP1-77H15.1",0
"AC005822.1",0
"ZNF624",0
"NEK4P2",0
"RNASEH1P2",0
"CCDC144A",0
"UPF3AP1",0
"USP32P1",0
"SRP68P1",0
"RP11-92B11.3",0
"AC022596.6",0
"TBC1D27",0
"MPRIP",0
"MPRIP-AS1",0
"RP11-45M22.3",0
"RNU6-767P",0
"RN7SL775P",0
"PLD6",0
"RP11-45M22.4",0
"FLCN",0
"RP11-45M22.5",0
"AC055811.5",0
"COPS3",0
"NT5M",0
"RPL13P12",0
"MED9",0
"RASD1",0
"PEMT",0
"RP11-524F11.1",0
"RP11-524F11.2",0
"SMCR2",0
"RAI1",0
"RAI1-AS1",0
"SMCR5",0
"SREBF1",0
"MIR33B",0
"TOM1L2",0
"AC122129.1",0
"LRRC48",0
"ATPAF2",0
"AC087163.2",0
"GID4",0
"DRG2",0
"MYO15A",0
"RP11-258F1.1",0
"ALKBH5",0
"FLII",0
"MIEF2",0
"RP1-178F10.1",0
"TOP3A",0
"RPL7AP65",0
"RPL21P121",0
"SMCR8",0
"RP1-178F10.3",0
"SHMT1",0
"RP1-37N7.3",0
"AL353997.3",0
"KRT17P2",0
"KRT16P1",0
"TNPO1P2",0
"LGALS9C",0
"NOS2P2",0
"CTD-2303H24.2",0
"USP32P2",0
"FAM106A",0
"CCDC144B",0
"AC107983.4",0
"TBC1D28",0
"AC026271.5",0
"RP11-815I9.4",0
"FOXO3B",0
"UBE2SP2",0
"TRIM16L",0
"FBXW10",0
"TVP23B",0
"CTD-2145A24.3",0
"PRPSAP2",0
"CTD-2145A24.4",0
"AC090286.2",0
"SLC5A10",0
"FAM83G",0
"GRAP",0
"SNORD3B-1",0
"SNORD3B-2",0
"AC007952.5",0
"SNORD3D",0
"GRAPL",0
"CTC-457L16.2",0
"SNORD3A",0
"SNORD3C",0
"EPN2",0
"EPN2-AS1",0
"B9D1",0
"MIR1180",0
"MAPK7",0
"MFAP4",0
"RNF112",0
"AC004448.2",0
"AC004448.5",0
"RPS2P46",0
"SLC47A1",0
"RPL17P43",0
"RP11-1113L8.1",0
"AC025627.7",0
"CTD-2104P17.1",0
"ALDH3A2",0
"RP11-311F12.1",0
"ALDH3A1",0
"ULK2",0
"RP11-78O7.2",0
"AKAP10",0
"RP11-209D14.4",0
"RP11-209D14.2",0
"SPECC1",0
"CCDC144CP",0
"UPF3AP2",0
"USP32P3",0
"SRP68P3",0
"FAM106B",0
"RP11-434D2.2",0
"NOS2P3",0
"RP11-434D2.6",0
"KRT16P3",0
"AC008088.4",0
"RP11-434D2.9",0
"RP11-434D2.11",0
"ZSWIM5P2",0
"MEIS3P2",0
"AC087499.4",0
"AC087499.8",0
"AC126365.1",0
"RNFT1P3",0
"OLA1P2",0
"SCDP1",0
"ABHD17AP6",0
"CCDC144NL",0
"RP11-344E13.4",0
"RP11-344E13.3",0
"RNU6-1178P",0
"RNASEH1P1",0
"RP11-381P6.1",0
"RP11-746M1.8",0
"AC087393.1",0
"DHRS7B",0
"AC087294.2",0
"RN7SL426P",0
"C17orf103",0
"MAP2K3",0
"KCNJ12",0
"PDLIM1P2",0
"RP11-728E14.3",0
"RPL21P120",0
"RP11-822E23.7",0
"C17orf51",0
"UBBP4",0
"MTRNR2L1",0
"TUFMP1",0
"WSB1",0
"RP11-173M1.8",0
"RP11-173M1.4",0
"RP11-173M1.5",0
"TBC1D3P5",0
"KSR1",0
"RP11-720N19.2",0
"RP11-720N19.1",0
"ITM2BP1",0
"LGALS9",0
"NOS2",0
"RP11-138P22.1",0
"LYRM9",0
"RP11-218F4.1",0
"NLK",0
"AC100852.1",0
"AC061975.1",0
"CTD-2008P7.10",0
"PYY2",0
"CTD-2008P7.9",0
"CTD-2008P7.8",0
"CTD-2008P7.1",0
"CTD-2008P7.6",0
"CTD-2008P7.5",0
"KRT18P55",0
"TMEM97",0
"IFT20",0
"TNFAIP1",0
"POLDIP2",0
"TMEM199",0
"VTN",0
"SARM1",0
"SLC46A1",0
"CTD-2350C19.1",0
"RP11-192H23.4",0
"RPS7P1",0
"UNC119",0
"PIGS",0
"ALDOC",0
"SPAG5",0
"SPAG5-AS1",0
"RP11-192H23.8",0
"SGK494",0
"KIAA0100",0
"RP11-192H23.7",0
"SDF2",0
"SUPT6H",0
"AC010761.13",0
"PROCA1",0
"AC010761.8",0
"TLCD1",0
"NEK8",0
"AC010761.14",0
"TRAF4",0
"AC010761.9",0
"FAM222B",0
"RPL31P58",0
"ERAL1",0
"FLOT2",0
"RP11-20B24.7",0
"DHRS13",0
"PHF12",0
"RP11-20B24.6",0
"PIPOX",0
"SEZ6",0
"MYO18A",0
"RP11-321A17.4",0
"TWF1P1",0
"CRYBA1",0
"NUFIP2",0
"RP11-296K13.4",0
"MIR4523",0
"TAOK1",0
"ABHD15",0
"TP53I13",0
"RP11-68I3.4",0
"GIT1",0
"ANKRD13B",0
"RP11-68I3.7",0
"CORO6",0
"RP11-68I3.10",0
"SSH2",0
"RP11-68I3.5",0
"RNU6-920P",0
"RP11-68I3.11",0
"RPL21P123",0
"RP11-82O19.1",0
"RP11-82O19.2",0
"RPL9P30",0
"RP11-338L22.2",0
"EFCAB5",0
"AC104984.4",0
"RP11-1148O4.1",0
"RP11-1148O4.2",0
"NSRP1",0
"RP11-354P11.3",0
"SLC6A4",0
"RP11-354P11.4",0
"RP11-354P11.2",0
"BLMH",0
"RNU6-1267P",0
"CPD",0
"GOSR1",0
"ALOX12P1",0
"RP11-218M11.3",0
"RP11-271K11.1",0
"TBC1D29",0
"AC006050.2",0
"AC005562.1",0
"SMURF2P1",0
"SH3GL1P2",0
"LRRC37BP1",0
"RN7SL316P",0
"SUZ12P",0
"CTD-2349P21.6",0
"CTD-2349P21.5",0
"CRLF3",0
"CTD-2349P21.10",0
"CTD-2349P21.9",0
"CTD-2349P21.1",0
"ATAD5",0
"CTD-2349P21.11",0
"RNU6-298P",0
"RP13-753N3.1",0
"TEFM",0
"ADAP2",0
"AC091177.1",0
"RN7SL138P",0
"RP11-848P1.3",0
"RNF135",0
"RP11-848P1.2",0
"DPRXP4",0
"RP11-848P1.4",0
"RP11-848P1.7",0
"RP11-848P1.9",0
"RP11-271K11.5",0
"RP11-848P1.5",0
"NF1",0
"RP11-142O6.1",0
"OMG",0
"EVI2B",0
"CTD-2370N5.3",0
"EVI2A",0
"AK4P1",0
"RAB11FIP4",0
"RN7SL45P",0
"COPRS",0
"UTP6",0
"CTC-542B22.2",0
"SUZ12",0
"RP11-640N20.1",0
"SH3GL1P1",0
"RP11-640N20.6",0
"RP11-640N20.8",0
"RP11-640N20.9",0
"CTD-2095E4.1",0
"AC090616.2",0
"RHOT1",0
"ARGFXP2",0
"AC116407.2",0
"UBL5P2",0
"RHBDL3",0
"RP11-443G13.2",0
"C17orf75",0
"RP11-227G15.2",0
"ZNF207",0
"RP11-227G15.9",0
"RP11-227G15.6",0
"PSMD11",0
"CDK5R1",0
"MYO1D",0
"RP11-466A19.1",0
"RP11-466A19.8",0
"RP11-466A19.6",0
"RP11-466A19.3",0
"RP11-466A19.5",0
"RP11-220C2.1",0
"AC084809.3",0
"TMEM98",0
"SPACA3",0
"ASIC2",0
"RP11-31I22.3",0
"RP11-31I22.2",0
"RP11-118G23.2",0
"RP11-118G23.1",0
"RP11-17M24.1",0
"TLK2P1",0
"CTC-304I17.5",0
"RP11-215E13.1",0
"CCL2",0
"CCL7",0
"CCL1",0
"C17orf102",0
"TMEM132E",0
"CCT6B",0
"ZNF830",0
"LIG3",0
"RP5-837J1.2",0
"RFFL",0
"RP5-837J1.4",0
"RP5-837J1.1",0
"RNU6-840P",0
"FNDC8",0
"NLE1",0
"UNC45B",0
"SLC35G3",0
"RP11-799D4.4",0
"SLFN5",0
"RP11-47L3.1",0
"SLFN11",0
"RP11-686D22.5",0
"RP11-686D22.4",0
"RP11-686D22.8",0
"RP11-686D22.3",0
"RP11-686D22.7",0
"SLFN12",0
"SLFN13",0
"RP11-1094M14.7",0
"SLFN14",0
"RP11-1094M14.11",0
"SNORD7",0
"PEX12",0
"AP2B1",0
"CTC-507E2.2",0
"CTC-507E2.1",0
"RPL17P42",0
"RASL10B",0
"GAS2L2",0
"MMP28",0
"RP1-161P9.5",0
"C17orf50",0
"AC015849.19",0
"AC015849.13",0
"C17orf66",0
"AC015849.14",0
"AC015849.2",0
"CCL5",0
"AC015849.16",0
"LRRC37A9P",0
"RDM1",0
"CCL3",0
"CCL4",0
"RP11-428O23.1",0
"TBC1D3B",0
"AC131056.3",0
"AC131056.5",0
"TBC1D3C",0
"TBC1D3H",0
"CCL3L1",0
"TBC1D3G",0
"ZNHIT3",0
"MYO19",0
"PIGW",0
"GGNBP2",0
"CTB-75G16.1",0
"DHRS11",0
"MRM1",0
"CTB-75G16.3",0
"CTD-3194G12.2",0
"RP11-445F12.1",0
"LHX1",0
"RP11-445F12.2",0
"AATF",0
"RP11-333J10.3",0
"CTC-268N12.2",0
"ACACA",0
"RP11-19G24.1",0
"HMGB1P24",0
"RP11-19G24.2",0
"C17orf78",0
"RP11-378E13.3",0
"TADA2A",0
"RP11-378E13.4",0
"CTC-421K24.1",0
"DUSP14",0
"SYNRG",0
"DDX52",0
"RP11-697E22.2",0
"HNF1B",0
"RP11-115K3.1",0
"YWHAEP7",0
"TBC1D3F",0
"RP11-1407O15.3",0
"RP11-1407O15.2",0
"MRPL45",0
"GPR179",0
"SOCS7",0
"ARHGAP23",0
"AC124789.1",0
"SRCIN1",0
"C17orf96",0
"CTB-58E17.1",0
"CTB-58E17.3",0
"CTB-58E17.9",0
"CISD3",0
"PCGF2",0
"PSMB3",0
"PIP4K2B",0
"CWC25",0
"RPL23",0
"RPS20P35",0
"LASP1",0
"RP1-56K13.2",0
"FBXO47",0
"RP1-56K13.5",0
"LRRC37A11P",0
"CTD-2206N4.4",0
"PLXDC1",0
"ARL5C",0
"CACNB1",0
"RPL19",0
"STAC2",0
"RP11-690G19.4",0
"RP11-690G19.3",0
"FBXL20",0
"CTB-131K11.1",0
"MED1",0
"CDK12",0
"NEUROD2",0
"AC087491.2",0
"PPP1R1B",0
"STARD3",0
"TCAP",0
"PNMT",0
"PGAP3",0
"ERBB2",0
"MIR4728",0
"MIEN1",0
"GRB7",0
"RP11-94L15.2",0
"IKZF3",0
"GSDMB",0
"ORMDL3",0
"RP11-387H17.4",0
"GSDMA",0
"PSMD3",0
"CSF3",0
"MED24",0
"SNORD124",0
"THRA",0
"NR1D1",0
"MSL1",0
"CASC3",0
"RAPGEFL1",0
"WIPF2",0
"CDC6",0
"CTD-2267D19.6",0
"RARA",0
"CTD-2267D19.2",0
"CTD-2267D19.3",0
"GJD3",0
"CTD-2267D19.4",0
"RNA5SP441",0
"TOP2A",0
"IGFBP4",0
"TNS4",0
"CCR7",0
"SMARCE1",0
"KRT222",0
"KRT10",0
"TMEM99",0
"KRT12",0
"KRT20",0
"AC004231.2",0
"KRT23",0
"KRT39",0
"KRT40",0
"AC003958.2",0
"KRT32",0
"KRT35",0
"KRT36",0
"KRT13",0
"KRT15",0
"KRT19",0
"KRT9",0
"KRT14",0
"KRT16",0
"KRT17",0
"JUP",0
"KRT42P",0
"EIF1",0
"GAST",0
"HAP1",0
"RNA5SP442",0
"LEPREL4",0
"FKBP10",0
"NT5C3B",0
"KLHL10",0
"RP11-156E6.1",0
"KLHL11",0
"ACLY",0
"TTC25",0
"CNP",0
"DNAJC7",0
"NKIRAS2",0
"ZNF385C",0
"CTD-2132N18.4",0
"CTD-2132N18.2",0
"DHX58",0
"KAT2A",0
"HSPB9",0
"RAB5C",0
"RP11-358B23.1",0
"KCNH4",0
"HCRT",0
"STAT5B",0
"RP11-358B23.5",0
"AC003104.1",0
"STAT5A",0
"STAT3",0
"PTRF",0
"ATP6V0A1",0
"MIR548AT",0
"RP11-194N12.2",0
"RP11-400F19.18",0
"MIR5010",0
"PTP4A2P1",0
"NAGLU",0
"HSD17B1P1",0
"HSD17B1",0
"RP11-400F19.6",0
"COASY",0
"MLX",0
"PSMC3IP",0
"FAM134C",0
"TUBG1",0
"TUBG2",0
"PLEKHH3",0
"CCR10",0
"CTD-3193K9.4",0
"CNTNAP1",0
"CTD-3193K9.3",0
"EZH1",0
"CTD-3193K9.1",0
"HMGN2P15",0
"RAMP2-AS1",0
"RAMP2",0
"VPS25",0
"WNK4",0
"COA3",0
"CNTD1",0
"BECN1",0
"AOC2",0
"AOC3",0
"AOC4P",0
"G6PC",0
"AARSD1",0
"PTGES3L",0
"RP11-376M2.2",0
"RUNDC1",0
"RPL27",0
"IFI35",0
"VAT1",0
"RND2",0
"BRCA1",0
"NBR2",0
"CTD-3199J23.6",0
"RP11-242D8.1",0
"RP11-242D8.2",0
"RP11-242D8.3",0
"NBR1",0
"TMEM106A",0
"LINC00854",0
"LINC00910",0
"ARL4D",0
"DHX8",0
"ETV4",0
"RP11-392O1.4",0
"MEOX1",0
"CTC-501O10.1",0
"RP11-209M4.1",0
"SOST",0
"DUSP3",0
"C17orf105",0
"MPP3",0
"CD300LG",0
"MPP2",0
"RP11-527L4.5",0
"FAM215A",0
"RP11-527L4.2",0
"PPY",0
"PYY",0
"NAGS",0
"TMEM101",0
"LSM12",0
"G6PC3",0
"HDAC5",0
"RP11-546M21.6",0
"C17orf53",0
"ASB16",0
"ASB16-AS1",0
"TMUB2",0
"ATXN7L3",0
"CTB-175E5.7",0
"UBTF",0
"RP5-882C2.2",0
"SHC1P2",0
"SLC4A1",0
"RUNDC3A",0
"SLC25A39",0
"GRN",0
"FAM171A2",0
"RPL7L1P5",0
"ITGA2B",0
"GPATCH8",0
"FZD2",0
"C17orf104",0
"CCDC43",0
"RP11-1072C15.4",0
"DBF4B",0
"RP11-1072C15.1",0
"ADAM11",0
"CTC-296K1.3",0
"CTC-296K1.4",0
"GJC1",0
"HIGD1B",0
"EFTUD2",0
"GFAP",0
"KIF18B",0
"C1QL1",0
"DCAKD",0
"NMT1",0
"PLCD3",0
"HEXIM1",0
"AC002117.1",0
"HEXIM2",0
"CTD-2020K17.1",0
"FMNL1",0
"CTD-2020K17.3",0
"CTD-2020K17.4",0
"MAP3K14-AS1",0
"SPATA32",0
"MAP3K14",0
"ARHGAP27",0
"CTB-39G8.3",0
"PLEKHM1",0
"AC091132.1",0
"RP11-798G7.5",0
"RN7SL739P",0
"RP11-798G7.8",0
"RP11-798G7.6",0
"RP11-798G7.7",0
"RP11-798G7.4",0
"DND1P1",0
"RP11-707O23.5",0
"RPS26P8",0
"CRHR1-IT1",0
"CRHR1",0
"RP11-293E1.1",0
"MAPT-AS1",0
"SPPL2C",0
"MAPT",0
"STH",0
"KANSL1",0
"RP11-669E14.6",0
"KANSL1-AS1",0
"RP11-259G18.2",0
"RP11-259G18.3",0
"RP11-259G18.1",0
"ARL17B",0
"LRRC37A",0
"NSFP1",0
"RP11-995C19.2",0
"LRRC37A2",0
"ARL17A",0
"RN7SL199P",0
"FAM215B",0
"NSF",0
"RPS7P11",0
"WNT3",0
"WNT9B",0
"RP11-63A1.2",0
"RP11-63A1.1",0
"RNU6ATAC3P",0
"RPRML",0
"RP11-156P1.3",0
"RN7SL270P",0
"CDC27",0
"RP5-867C24.1",0
"RP5-867C24.4",0
"RP5-867C24.5",0
"MYL4",0
"ITGB3",0
"RP11-290H9.4",0
"EFCAB13",0
"CTD-2026D20.2",0
"MRPL45P2",0
"NPEPPS",0
"RP11-580I16.2",0
"KPNB1",0
"TBKBP1",0
"TBX21",0
"OSBPL7",0
"MRPL10",0
"LRRC46",0
"SP6",0
"RP11-6N17.2",0
"RP11-6N17.4",0
"SP2",0
"AC003665.1",0
"RP11-6N17.3",0
"PNPO",0
"PRR15L",0
"CDK5RAP3",0
"RP11-6N17.10",0
"COPZ2",0
"RP5-890E16.2",0
"NFE2L1",0
"CBX1",0
"SKAP1",0
"AC090627.1",0
"RP11-433M22.1",0
"RP11-433M22.2",0
"HOXB1",0
"HOXB2",0
"HOXB-AS1",0
"HOXB3",0
"HOXB-AS3",0
"HOXB-AS2",0
"HOXB4",0
"MIR10A",0
"HOXB5",0
"HOXB6",0
"HOXB7",0
"HOXB8",0
"HOXB9",0
"HOXB-AS4",0
"MIR196A1",0
"RP11-357H14.17",0
"CTD-2377D24.8",0
"RPL9P28",0
"CTD-2377D24.6",0
"PRAC2",0
"HOXB13",0
"TTLL6",0
"RN7SL125P",0
"CALCOCO2",0
"SUMO2P17",0
"ATP5G1",0
"RP11-501C14.9",0
"UBE2Z",0
"SNF8",0
"RP11-501C14.5",0
"IGF2BP1",0
"RP11-501C14.6",0
"RNU6-826P",0
"RP11-501C14.7",0
"B4GALNT2",0
"GNGT2",0
"ABI3",0
"PHOSPHO1",0
"RP1-62O9.3",0
"ZNF652",0
"RP11-1079K10.3",0
"RP11-81K2.1",0
"RP11-1079K10.2",0
"PHB",0
"AC004797.1",0
"RP11-1079K10.5",0
"NGFR",0
"RP5-1029K10.2",0
"NXPH3",0
"SPOP",0
"SLC35B1",0
"RP11-613C6.2",0
"FAM117A",0
"KAT7",0
"RP11-613C6.4",0
"RP11-304F15.7",0
"TAC4",0
"RP11-304F15.3",0
"RP11-304F15.4",0
"RP11-304F15.6",0
"DLX4",0
"DLX3",0
"RP11-1094H24.4",0
"ITGA3",0
"PDK2",0
"RP5-875H18.4",0
"SAMD14",0
"PPP1R9B",0
"AC002401.1",0
"RP11-893F2.13",0
"RP11-893F2.14",0
"SGCA",0
"HILS1",0
"COL1A1",0
"RP11-893F2.5",0
"RP11-893F2.6",0
"TMEM92",0
"RP11-893F2.9",0
"XYLT2",0
"MRPL27",0
"EME1",0
"LRRC59",0
"ACSF2",0
"CHAD",0
"RSAD1",0
"RP11-94C24.6",0
"MYCBPAP",0
"EPN3",0
"RP11-94C24.8",0
"SPATA20",0
"CACNA1G-AS1",0
"CACNA1G",0
"ABCC3",0
"ANKRD40",0
"LUC7L3",0
"WFIKKN2",0
"TOB1",0
"TOB1-AS1",0
"RP11-700H6.4",0
"SPAG9",0
"RP11-481C4.1",0
"NME1",0
"NME1-NME2",0
"MBTD1",0
"RP11-421E14.2",0
"UTP18",0
"RP11-1018N14.1",0
"RP11-1018N14.2",0
"RP11-1018N14.5",0
"CA10",0
"RP11-750B16.1",0
"TOM1L1",0
"COX11",0
"STXBP4",0
"HLF",0
"RP11-515O17.2",0
"MMD",0
"CTD-2033D24.2",0
"TMEM100",0
"PCTP",0
"RP11-763E3.1",0
"ANKFN1",0
"NOG",0
"C17orf67",0
"DGKE",0
"RP11-670E13.2",0
"TRIM25",0
"COIL",0
"RP5-1107A17.3",0
"SCPEP1",0
"RP5-1107A17.4",0
"RP11-166P13.3",0
"AKAP1",0
"RP11-166P13.4",0
"MSI2",0
"RP11-118E18.4",0
"RN7SL449P",0
"CCDC182",0
"RP11-60A24.3",0
"MRPS23",0
"CUEDC1",0
"RP11-343K8.3",0
"RP11-159D12.2",0
"SRSF1",0
"RP11-159D12.10",0
"DYNLL2",0
"MSX2P1",0
"EPX",0
"MKS1",0
"LPO",0
"MPO",0
"BZRAP1",0
"BZRAP1-AS1",0
"MIR142",0
"MIR4736",0
"SUPT4H1",0
"RNF43",0
"HSF5",0
"RP11-112H10.6",0
"MTMR4",0
"RP11-112H10.4",0
"SEPT4",0
"TEX14",0
"RAD51C",0
"RP11-579O24.1",0
"RP11-579O24.3",0
"TRIM37",0
"AC100832.1",0
"AC099850.1",0
"SKA2",0
"PRR11",0
"CTD-2510F5.4",0
"SMG8",0
"GDPD1",0
"SNRPGP17",0
"YPEL2",0
"DHX40",0
"CLTC",0
"PTRH2",0
"VMP1",0
"TUBD1",0
"NDUFB8P2",0
"RPS6KB1",0
"RNFT1",0
"RP11-178C3.2",0
"AC005702.1",0
"AC005702.4",0
"AC005702.3",0
"AC005702.2",0
"MIR4737",0
"HEATR6",0
"RP11-178C3.6",0
"CTD-2319I12.2",0
"CTD-2319I12.1",0
"CTD-2319I12.3",0
"CTD-2319I12.4",0
"CTD-2319I12.5",0
"CA4",0
"USP32",0
"RP11-3K24.1",0
"C17orf64",0
"RPL12P38",0
"APPBP2",0
"RP11-15E18.1",0
"PPM1D",0
"RNU6-623P",0
"BCAS3",0
"KRT18P61",0
"RP11-332H18.5",0
"RP11-332H18.3",0
"RP11-332H18.4",0
"TBX2",0
"C17orf82",0
"TBX4",0
"BRIP1",0
"INTS2",0
"MED13",0
"RN7SL800P",0
"POLRMTP1",0
"RP11-51L5.5",0
"EFCAB3",0
"METTL2A",0
"TLK2",0
"RP11-464D20.2",0
"RP11-464D20.6",0
"MRC2",0
"RNU6-446P",0
"RP11-156L14.1",0
"MARCH10",0
"RP11-180P8.1",0
"MIR633",0
"RP11-180P8.2",0
"RP11-180P8.3",0
"TANC2",0
"RP11-556O9.4",0
"RP11-556O9.2",0
"RP11-556O9.3",0
"AC037445.1",0
"RP11-269G24.8",0
"AC015923.1",0
"RP11-269G24.7",0
"RP11-269G24.4",0
"CYB561",0
"CTD-2501B8.5",0
"ACE",0
"DCAF7",0
"RNU6-288P",0
"TACO1",0
"RP11-51F16.9",0
"MAP3K3",0
"RP11-51F16.5",0
"LIMD2",0
"STRADA",0
"CCDC47",0
"DDX42",0
"FTSJ3",0
"PSMC5",0
"SMARCD2",0
"RN7SL805P",0
"TCAM1P",0
"CSH2",0
"GH2",0
"GH1",0
"CD79B",0
"SCN4A",0
"RP11-214C8.2",0
"C17orf72",0
"ICAM2",0
"ERN1",0
"SNORD104",0
"TEX2",0
"POLG2",0
"AC138744.2",0
"RP11-87N3.6",0
"hsa-mir-6080",0
"RP13-104F24.3",0
"RP11-927P21.4",0
"PLEKHM1P",0
"RP11-927P21.7",0
"LRRC37A3",0
"RN7SL404P",0
"RP11-927P21.8",0
"RP11-927P21.2",0
"RP11-927P21.12",0
"RP11-583F2.1",0
"RP11-927P21.6",0
"SLC16A6P1",0
"RP11-583F2.2",0
"RP11-583F2.6",0
"AMZ2P1",0
"GNA13",0
"RP11-160O5.1",0
"RGS9",0
"RP11-169I9.2",0
"AXIN2",0
"CTD-2535L24.2",0
"CEP112",0
"PSMD7P1",0
"APOH",0
"PRKCA",0
"RP11-4F22.2",0
"CACNG5",0
"CACNG4",0
"RP11-349A8.3",0
"CACNG1",0
"HELZ",0
"RP11-401F2.3",0
"PITPNC1",0
"NOL11",0
"SNORA38B",0
"BPTF",0
"RP11-855A2.3",0
"C17orf58",0
"RP11-855A2.5",0
"KPNA2",0
"AC145343.2",0
"LINC00674",0
"LRRC37A16P",0
"SH3GL1P3",0
"RP11-147L13.7",0
"RP11-147L13.8",0
"LOC440461",0
"RP11-147L13.2",0
"AMZ2",0
"ARSG",0
"SLC16A6",0
"RP11-120M18.2",0
"WIPI1",0
"MIR635",0
"PRKAR1A",0
"FAM20A",0
"AC079210.1",0
"RP11-120M18.5",0
"RP11-118B18.1",0
"ABCA8",0
"ABCA9",0
"ABCA9-AS1",0
"ABCA6",0
"ABCA10",0
"ABCA5",0
"SNRPGP4",0
"MAP2K6",0
"RP1-193H18.2",0
"RP1-200G19.1",0
"KCNJ16",0
"KCNJ2-AS1",0
"KCNJ2",0
"RP11-238F2.1",0
"CASC17",0
"LOC124685",0
"AC005152.3",0
"LINC01152",0
"SOX9-AS1",0
"AC007461.1",0
"AC007461.2",0
"SOX9",0
"LINC00511",0
"RP11-1124B17.1",0
"SLC39A11",0
"RP11-766H1.1",0
"RP11-143K11.5",0
"SSTR2",0
"COG1",0
"FAM104A",0
"C17orf80",0
"RP11-661C3.2",0
"CPSF4L",0
"CDC42EP4",0
"SDK2",0
"RP11-449L23.2",0
"RP11-277J6.2",0
"CTD-2532D12.4",0
"RP11-101O21.1",0
"RPL38",0
"CTD-2514K5.2",0
"TTYH2",0
"DNAI2",0
"KIF19",0
"BTBD17",0
"GPR142",0
"GPRC5C",0
"CD300A",0
"CD300C",0
"RAB37",0
"NAT9",0
"TMEM104",0
"GRIN2C",0
"FDXR",0
"FADS6",0
"USH1G",0
"OTOP2",0
"OTOP3",0
"HID1",0
"CDR2L",0
"ICT1",0
"KCTD2",0
"ATP5H",0
"RP11-1112G13.3",0
"AC111186.1",0
"SLC16A5",0
"ARMC7",0
"NT5C",0
"HN1",0
"RP11-649A18.5",0
"RP11-649A18.4",0
"RP11-649A18.7",0
"SUMO2",0
"NUP85",0
"GGA3",0
"MRPS7",0
"MIF4GD",0
"RP11-649A18.12",0
"SLC25A19",0
"GRB2",0
"AC011933.2",0
"RP11-16C1.2",0
"RP11-16C1.1",0
"KIAA0195",0
"CASKIN2",0
"TSEN54",0
"LLGL2",0
"MYO15B",0
"SMIM5",0
"SMIM6",0
"SAP30BP",0
"RP11-474I11.8",0
"RP11-474I11.7",0
"ITGB4",0
"GALK1",0
"H3F3B",0
"UNK",0
"RP11-552F3.4",0
"UNC13D",0
"WBP2",0
"TRIM47",0
"RP11-552F3.9",0
"TRIM65",0
"RP11-552F3.10",0
"MRPL38",0
"RP11-552F3.12",0
"FBF1",0
"ACOX1",0
"TEN1",0
"TEN1-CDK3",0
"CDK3",0
"EVPL",0
"SRP68",0
"ZACN",0
"GALR2",0
"EXOC7",0
"FOXJ1",0
"RNF157-AS1",0
"RNF157",0
"ATF4P3",0
"UBALD2",0
"QRICH2",0
"PRPSAP1",0
"SPHK1",0
"UBE2O",0
"RPL7P49",0
"AANAT",0
"CYGB",0
"PRCD",0
"RP11-666A8.8",0
"RP11-666A8.7",0
"RP11-666A8.12",0
"SNHG16",0
"SNORD1B",0
"ST6GALNAC2",0
"ST6GALNAC1",0
"RP11-318A15.2",0
"MXRA7",0
"JMJD6",0
"METTL23",0
"SRSF2",0
"MFSD11",0
"RNU6-97P",0
"CTD-2246P4.1",0
"LINC00868",0
"MGAT5B",0
"RP11-87G24.3",0
"RP11-87G24.6",0
"LINC00338",0
"SEC14L1",0
"AC015815.6",0
"AC015815.2",0
"RNU4-47P",0
"CYCSP40",0
"RP11-285E9.6",0
"RP11-936I5.1",0
"RP11-75C10.7",0
"RP11-75C10.9",0
"RP11-13K12.2",0
"RP11-13K12.1",0
"RP11-13K12.5",0
"TNRC6C",0
"TNRC6C-AS1",0
"TMC6",0
"TMC8",0
"SYNGR2",0
"TK1",0
"AFMID",0
"BIRC5",0
"TMEM235",0
"THA1P",0
"RP11-219G17.4",0
"AC061992.2",0
"SOCS3",0
"RP11-806H10.4",0
"RN7SL236P",0
"PGS1",0
"DNAH17",0
"AC061992.1",0
"RP11-559N14.5",0
"CYTH1",0
"RNU6-638P",0
"USP36",0
"RPL9P29",0
"TIMP2",0
"DDC8",0
"CTD-2373H9.5",0
"LGALS3BP",0
"CANT1",0
"C1QTNF1-AS1",0
"C1QTNF1",0
"RBFOX3",0
"RP11-398J5.1",0
"CTD-2116F7.1",0
"CBX8",0
"RP11-353N14.1",0
"RP11-353N14.2",0
"CBX4",0
"RP11-353N14.5",0
"RP11-353N14.4",0
"TBC1D16",0
"CTD-2529O21.1",0
"CTD-2529O21.2",0
"CCDC40",0
"EIF4A3",0
"RP11-334C17.5",0
"SGSH",0
"SLC26A11",0
"RNF213",0
"CTD-2047H16.2",0
"CTD-2047H16.4",0
"ENDOV",0
"MIR4730",0
"CTD-2526A2.2",0
"NPTX1",0
"RPTOR",0
"RP11-28G8.1",0
"CTD-2561B21.4",0
"CTD-2561B21.5",0
"RPL12P37",0
"CHMP6",0
"AC127496.1",0
"CTD-2561B21.11",0
"CTD-2561B21.10",0
"BAIAP2-AS1",0
"BAIAP2",0
"AATK",0
"MIR657",0
"MIR1250",0
"RP11-149I9.2",0
"AATK-AS1",0
"AZI1",0
"RP11-455O6.2",0
"ENTHD2",0
"AC027601.1",0
"C17orf89",0
"LINC00482",0
"TMEM105",0
"RP11-1055B8.2",0
"RP11-1055B8.3",0
"RP11-1055B8.4",0
"RP11-1055B8.6",0
"RP11-1055B8.7",0
"MIR4740",0
"MIR3186",0
"ACTG1",0
"RP13-766D20.1",0
"RP13-766D20.2",0
"FSCN2",0
"C17orf70",0
"NPLOC4",0
"TSPAN10",0
"PDE6G",0
"OXLD1",0
"CCDC137",0
"AC139530.1",0
"HGS",0
"RP13-1032I1.7",0
"MRPL12",0
"SLC25A10",0
"FAM195B",0
"PPP1R27",0
"P4HB",0
"ARHGDIA",0
"RP11-498C9.15",0
"ALYREF",0
"PCYT2",0
"SIRT7",0
"MAFG",0
"RP11-498C9.12",0
"MAFG-AS1",0
"PYCR1",0
"MYADML2",0
"AC137723.5",0
"NOTUM",0
"RP11-498C9.17",0
"ASPSCR1",0
"STRA13",0
"LRRC45",0
"RAC3",0
"DCXR",0
"RP13-650J16.1",0
"RFNG",0
"GPS1",0
"DUS1L",0
"FASN",0
"CCDC57",0
"RP11-1376P16.2",0
"RP11-1376P16.1",0
"RP13-516M14.2",0
"SLC16A3",0
"CSNK1D",0
"AC132872.1",0
"AC132872.2",0
"RP13-516M14.1",0
"CD7",0
"SECTM1",0
"TEX19",0
"UTS2R",0
"RP13-20L14.1",0
"OGFOD3",0
"RP13-20L14.4",0
"HEXDC",0
"C17orf62",0
"RP13-20L14.6",0
"NARF",0
"RP13-991F5.2",0
"NARF-IT1",0
"FOXK2",0
"RP13-638C3.6",0
"RP13-638C3.2",0
"RP13-638C3.3",0
"WDR45B",0
"RAB40B",0
"RP11-388C12.1",0
"FN3KRP",0
"RP11-388C12.5",0
"FN3K",0
"RP11-388C12.8",0
"TBCD",0
"RP11-567O16.1",0
"ZNF750",0
"RP11-497H17.1",0
"B3GNTL1",0
"RP11-1197K16.2",0
"METRNL",0
"AC144831.1",0
"AC139099.4",0
"AC139099.5",0
"AP005530.1",0
"RP11-683L23.1",0
"ROCK1P1",0
"USP14",0
"THOC1",0
"RP11-720L2.4",0
"RP11-720L2.3",0
"COLEC12",0
"CLUL1",0
"C18orf56",0
"RP11-806L2.2",0
"RP11-806L2.5",0
"TYMS",0
"ENOSF1",0
"RP11-806L2.6",0
"YES1",0
"RP11-769O8.1",0
"RP11-672L10.6",0
"ADCYAP1",0
"RP11-689C9.1",0
"RP11-78F17.1",0
"RP11-78F17.3",0
"LINC00470",0
"RN7SKP72",0
"RP11-288C17.3",0
"RP11-288C17.1",0
"METTL4",0
"RP11-715F3.2",0
"NDC80",0
"CBX3P2",0
"SMCHD1",0
"EMILIN2",0
"LPIN2",0
"RP11-737O24.5",0
"RP11-737O24.3",0
"RP11-737O24.2",0
"RP13-270P17.2",0
"RP13-270P17.1",0
"MYL12B",0
"RP11-838N2.5",0
"TGIF1",0
"RP11-838N2.4",0
"DLGAP1",0
"RP11-710M11.1",0
"DLGAP1-AS1",0
"DLGAP1-AS2",0
"RP11-874J12.4",0
"DLGAP1-AS3",0
"DLGAP1-AS4",0
"GAPDHP66",0
"DLGAP1-AS5",0
"RP11-183C12.1",0
"RP11-172F10.1",0
"PPIAP14",0
"C18orf42",0
"RP11-835E18.5",0
"LINC00667",0
"LINC00526",0
"ZBTB14",0
"CTD-3096M3.2",0
"EPB41L3",0
"RP11-286N3.2",0
"TMEM200C",0
"RP11-945C19.4",0
"L3MBTL4",0
"RP11-793A3.1",0
"RPL6P27",0
"C18orf64",0
"RN7SL282P",0
"RP11-91I8.3",0
"RP11-146G7.2",0
"LINC00668",0
"LAMA1",0
"RP11-781P6.1",0
"PTPRM",0
"RP11-789C17.3",0
"RP11-789C17.1",0
"RAB12",0
"RP11-661O13.1",0
"RP11-674N23.1",0
"SOGA2",0
"RP11-674N23.4",0
"NDUFV2",0
"RP11-143J12.3",0
"RP11-143J12.2",0
"ANKRD12",0
"RP11-888D10.4",0
"RP11-888D10.3",0
"TWSG1",0
"RP11-61L19.2",0
"RALBP1",0
"RP11-61L19.1",0
"RNU2-27P",0
"RP11-61L19.3",0
"PPP4R1",0
"RP11-881L2.1",0
"RP11-692N5.1",0
"RAB31",0
"TXNDC2",0
"RP11-474N24.6",0
"VAPA",0
"RP11-419J16.1",0
"APCDD1",0
"NAPG",0
"RP11-883A18.3",0
"RP11-856M7.1",0
"PIEZO2",0
"RP11-856M7.2",0
"RP11-21G15.1",0
"RP11-513M1.1",0
"RP11-128P17.2",0
"RP11-128P17.4",0
"RP11-677O4.2",0
"GNAL",0
"RP11-677O4.7",0
"CHMP1B",0
"RP11-78A19.4",0
"MPPE1",0
"RP11-820I16.1",0
"IMPA2",0
"RP11-703I16.1",0
"RP11-815J4.7",0
"RP11-815J4.6",0
"ANKRD62",0
"RP11-64C12.3",0
"CCDC58P3",0
"RP11-64C12.6",0
"CIDEA",0
"RP11-64C12.8",0
"TUBB6",0
"AFG3L2",0
"SLMO1",0
"RP11-861E21.1",0
"RP11-861E21.2",0
"SPIRE1",0
"RP11-861E21.3",0
"AP005482.1",0
"PSMG2",0
"CEP76",0
"RP11-973H7.3",0
"PTPN2",0
"RP11-773H22.1",0
"RP11-773H22.2",0
"SEH1L",0
"CEP192",0
"RP11-794M8.1",0
"LDLRAD4",0
"LDLRAD4-AS1",0
"RP11-691H4.4",0
"RP11-53B2.1",0
"RP11-53B2.2",0
"RP11-53B2.5",0
"RP11-53B2.3",0
"RP11-53B2.6",0
"RP11-701H16.4",0
"FAM210A",0
"RNMT",0
"MC5R",0
"RP11-411B10.8",0
"ZNF519",0
"RP11-411B10.4",0
"RP11-411B10.2",0
"RP11-411B10.3",0
"AC006557.1",0
"ANKRD20A5P",0
"RNU6-316P",0
"RHOT1P1",0
"RP11-757O6.1",0
"CYP4F35P",0
"RP11-757O6.4",0
"TERF1P2",0
"FEM1AP2",0
"LONRF2P1",0
"CXADRP3",0
"GRAMD4P7",0
"POTEC",0
"SNX19P3",0
"ANKRD30B",0
"RP11-527H14.4",0
"RP11-805F19.4",0
"ROCK1",0
"RP11-699A5.2",0
"GREB1L",0
"RP11-296E23.2",0
"RP11-296E23.1",0
"SNORD23",0
"SNRPD1",0
"RP11-13N13.2",0
"ABHD3",0
"RP11-13N13.5",0
"RP11-13N13.6",0
"MIB1",0
"MIR1-2",0
"RP11-268I9.1",0
"GATA6-AS1",0
"GATA6",0
"RP11-627G18.2",0
"RP11-627G18.1",0
"CTAGE1",0
"RP11-739L10.1",0
"RP11-370A5.1",0
"RBBP8",0
"RP11-370A5.2",0
"UBE2CP2",0
"CABLES1",0
"TMEM241",0
"RIOK3",0
"C18orf8",0
"NPC1",0
"ANKRD29",0
"LAMA3",0
"RPL23AP77",0
"RP11-403A21.1",0
"TTC39C",0
"RP11-403A21.2",0
"RP11-403A21.3",0
"RP11-799B12.2",0
"CABYR",0
"RP11-799B12.4",0
"OSBPL1A",0
"RNA5SP452",0
"RP11-621L6.2",0
"RP11-621L6.3",0
"IMPACT",0
"RP11-178F10.1",0
"HRH4",0
"RP11-178F10.2",0
"RP11-178F10.3",0
"RP11-449D8.5",0
"RP11-958F21.1",0
"WBP2P1",0
"RP11-958F21.3",0
"ZNF521",0
"SS18",0
"PSMA8",0
"DHFRP1",0
"TAF4B",0
"FAM60BP",0
"RNU6-1289P",0
"RP11-107K17.1",0
"KCTD1",0
"CIAPIN1P",0
"AQP4-AS1",0
"RP11-552O4.2",0
"AQP4",0
"CHST9",0
"RP11-739N10.1",0
"CDH2",0
"AC015933.2",0
"ARIH2P1",0
"DSC3",0
"RP11-408H20.1",0
"DSC2",0
"RP11-408H20.2",0
"RP11-408H20.3",0
"DSG1",0
"DSG4",0
"DSG3",0
"RP11-650P15.1",0
"DSG2",0
"RP11-75N4.2",0
"TTR",0
"B4GALT6",0
"RNU6-1002P",0
"RP11-549B18.1",0
"SLC25A52",0
"TRAPPC8",0
"RP11-210K20.2",0
"PGDP1",0
"RNF125",0
"RP11-53I6.3",0
"RNF138",0
"RP11-53I6.4",0
"GAREM",0
"MEP1B",0
"RP11-344B2.3",0
"HNRNPA1P7",0
"WBP11P1",0
"KLHL14",0
"AC012123.1",0
"CCDC178",0
"RP11-258B16.1",0
"ASXL3",0
"NOL4",0
"RP11-379L18.1",0
"DTNA",0
"RP11-115P21.1",0
"RP11-138H11.1",0
"MAPRE2",0
"ZNF397",0
"ZSCAN30",0
"RP11-158H5.7",0
"ZNF271",0
"ZNF24",0
"ZNF396",0
"RP11-322E11.5",0
"INO80C",0
"GALNT1",0
"RP11-712P20.2",0
"RP11-873E20.1",0
"NRBF2P1",0
"RP11-905K4.1",0
"C18orf21",0
"RPRD1A",0
"SLC39A6",0
"ELP2",0
"RP11-49I11.1",0
"MOCOS",0
"RP11-49I11.2",0
"RP11-49I11.3",0
"FHOD3",0
"TPGS2",0
"KIAA1328",0
"RP11-95O2.1",0
"CELF4",0
"RP11-95O2.5",0
"RP11-797E24.3",0
"LINC00669",0
"RPL7AP66",0
"RP11-636O21.1",0
"RP11-142I20.1",0
"PIK3C3",0
"RP11-115N12.1",0
"LINC00907",0
"RIT2",0
"SYT4",0
"RP11-456K23.1",0
"SETBP1",0
"MIR4319",0
"SLC14A2",0
"RP11-309E23.2",0
"RP11-749H17.1",0
"RP11-116O18.1",0
"RP11-116O18.3",0
"SIGLEC15",0
"EPG5",0
"PSTPIP2",0
"RN7SKP26",0
"RP11-8H2.1",0
"ATP5A1",0
"HAUS1",0
"RNU6-1278P",0
"C18orf25",0
"RNF165",0
"LOXHD1",0
"ST8SIA5",0
"RP11-742D12.2",0
"RP11-687F6.1",0
"PIAS2",0
"RP11-687F6.4",0
"KATNAL2",0
"TCEB3CL",0
"TCEB3C",0
"TCEB3B",0
"RP11-49K24.4",0
"RP11-49K24.8",0
"HDHD2",0
"IER3IP1",0
"RP11-49K24.5",0
"SKOR2",0
"SMAD2",0
"RP11-380M21.2",0
"RP11-380M21.4",0
"ZBTB7C",0
"RP11-23B5.1",0
"CTIF",0
"RP11-426J5.2",0
"RP11-484L8.1",0
"SMAD7",0
"RP11-1058N17.1",0
"RP11-15F12.1",0
"DYM",0
"MIR4744",0
"RP11-30L3.2",0
"C18orf32",0
"RP11-110H1.4",0
"MIR1539",0
"RPL17",0
"LIPG",0
"ACAA2",0
"MYO5B",0
"CCDC11",0
"MBD1",0
"CXXC1",0
"SKA1",0
"AC105227.1",0
"MAPK4",0
"MRO",0
"ME2",0
"ELAC1",0
"SMAD4",0
"RN7SL695P",0
"SRSF10P1",0
"MEX3C",0
"RP11-267C16.1",0
"RP11-25O3.1",0
"DCC",0
"RP11-671P2.1",0
"RP11-116K4.1",0
"MBD2",0
"POLI",0
"STARD6",0
"C18orf54",0
"SNRPGP2",0
"DYNAP",0
"RAB27B",0
"RP11-99A1.2",0
"RP11-839G9.1",0
"CCDC68",0
"CTD-2171N6.1",0
"TCF4",0
"RP11-397A16.1",0
"RP11-397A16.2",0
"RP11-397A16.3",0
"RP11-214L13.1",0
"CTD-2008L17.1",0
"CTD-2008L17.2",0
"RP11-456O19.2",0
"RP11-456O19.4",0
"TXNL1",0
"WDR7",0
"WDR7-OT1",0
"LINC-ROR",0
"CTD-2526M8.2",0
"ST8SIA3",0
"ONECUT2",0
"FECH",0
"NARS",0
"RP11-35G9.3",0
"ATP8B1",0
"RSL24D1P11",0
"HMGN1P30",0
"NEDD4L",0
"RP11-718I15.1",0
"RP11-845C23.2",0
"ALPK2",0
"RP11-1151B14.4",0
"RP11-126O1.5",0
"MALT1",0
"RP11-126O1.4",0
"MRPL37P1",0
"RP11-108P20.1",0
"RP11-108P20.2",0
"ZNF532",0
"RNU2-69P",0
"OACYLP",0
"SEC11C",0
"GRP",0
"RAX",0
"LMAN1",0
"RP11-27G24.1",0
"CCBE1",0
"RP11-27G24.3",0
"RP11-2N1.2",0
"PMAIP1",0
"FAM60CP",0
"RPS3AP49",0
"RP11-795H16.2",0
"RP11-325K19.2",0
"CDH20",0
"RP11-879F14.3",0
"RP11-879F14.2",0
"RP11-1096D5.1",0
"RNF152",0
"PIGN",0
"KIAA1468",0
"RP11-173A16.2",0
"RP11-173A16.1",0
"TNFRSF11A",0
"ZCCHC2",0
"PHLPP1",0
"BCL2",0
"RP11-28F1.2",0
"KDSR",0
"RP11-635N19.1",0
"VPS4B",0
"RP11-635N19.2",0
"SERPINB5",0
"SERPINB4",0
"SERPINB3",0
"SERPINB7",0
"SERPINB2",0
"SERPINB10",0
"HMSD",0
"SERPINB8",0
"LINC00305",0
"CDH7",0
"RP11-389J22.1",0
"CDH19",0
"CTD-2541J13.1",0
"DSEL",0
"RP11-638L3.1",0
"RP11-638L3.3",0
"RP11-638L3.2",0
"RP11-659F24.1",0
"RP11-421N8.1",0
"TMX3",0
"CCDC102B",0
"RP11-861L17.3",0
"RP11-674P19.2",0
"DOK6",0
"RP11-465I4.3",0
"CD226",0
"RTTN",0
"SOCS6",0
"RP11-41O4.1",0
"RP11-484N16.1",0
"CBLN2",0
"NETO1",0
"RP11-713C5.1",0
"RNA5SP460",0
"MIR548AV",0
"RP11-676J15.1",0
"RP11-169F17.1",0
"CTD-2354A18.1",0
"FBXO15",0
"TIMM21",0
"CYB5A",0
"FAUP1",0
"FAM69C",0
"CNDP2",0
"CNDP1",0
"LINC00909",0
"ZNF407",0
"ZADH2",0
"TSHZ1",0
"SMIM21",0
"RP11-321M21.1",0
"RP11-1O2.1",0
"RP11-94B19.6",0
"RP11-94B19.1",0
"RP11-94B19.7",0
"ZNF516",0
"RP11-504I13.3",0
"RP11-17M16.2",0
"RP11-17M16.1",0
"LINC00908",0
"LINC00683",0
"RP11-111H3.3",0
"RP11-162A12.2",0
"ZNF236",0
"RPL26P35",0
"RP11-162A12.3",0
"RP11-862L9.3",0
"MBP",0
"GALR1",0
"RP11-176N18.2",0
"RP11-63N3.1",0
"RP11-849I19.1",0
"SALL3",0
"ATP9B",0
"CTD-2286N8.2",0
"RP11-800A18.4",0
"NFATC1",0
"RP11-567M16.1",0
"RP11-567M16.3",0
"CTDP1",0
"KCNG2",0
"PQLC1",0
"HSBP1L1",0
"TXNL4A",0
"RP11-795F19.5",0
"RBFA",0
"RBFADN",0
"SLC25A6P4",0
"ADNP2",0
"AC139100.2",0
"PARD6G",0
"AC139100.3",0
"C20orf96",0
"ZCCHC3",0
"RP5-1103G7.4",0
"SOX12",0
"NRSN2",0
"TRIB3",0
"RBCK1",0
"TBC1D20",0
"CSNK2A1",0
"SRXN1",0
"SCRT2",0
"SLC52A3",0
"FAM110A",0
"RPS10L",0
"ANGPT4",0
"RSPO4",0
"PSMF1",0
"ACTG1P3",0
"TMEM74B",0
"C20orf202",0
"RAD21L1",0
"SNPH",0
"SDCBP2",0
"SDCBP2-AS1",0
"AL136531.1",0
"RP11-314N13.3",0
"FKBP1A",0
"NSFL1C",0
"SIRPB2",0
"SIRPB1",0
"SIRPG",0
"SIRPB3P",0
"RP4-673D20.6",0
"RP4-673D20.3",0
"RP5-968J1.1",0
"SIRPA",0
"RP4-684O24.5",0
"PDYN",0
"STK35",0
"RP11-128M1.1",0
"TGM3",0
"SNRPB",0
"SNORD119",0
"ZNF343",0
"TMC2",0
"NOP56",0
"IDH3B",0
"RP4-686C3.7",0
"EBF4",0
"AL035460.1",0
"CPXM1",0
"PCED1A",0
"VPS16",0
"PTPRA",0
"GNRH2",0
"MRPS26",0
"OXT",0
"AVP",0
"UBOX5-AS1",0
"UBOX5",0
"FASTKD5",0
"LZTS3",0
"DDRGK1",0
"ITPA",0
"SLC4A11",0
"RNU6-1019P",0
"UBE2V1P1",0
"ATRN",0
"SF3A3P1",0
"GFRA4",0
"ADAM33",0
"SIGLEC1",0
"HSPA12B",0
"C20orf27",0
"SPEF1",0
"CENPB",0
"CDC25B",0
"AP5S1",0
"MAVS",0
"RP11-119B16.2",0
"PANK2",0
"MIR103A2",0
"RNF24",0
"RP11-352D3.2",0
"SMOX",0
"RP4-779E11.3",0
"ADRA1D",0
"RPS4XP2",0
"PRNP",0
"PRND",0
"RASSF2",0
"SLC23A2",0
"RNA5SP474",0
"TMEM230",0
"PCNA",0
"CDS2",0
"UBE2D3P1",0
"LINC00658",0
"RP5-828H9.1",0
"LINC00654",0
"GPCPD1",0
"RP5-1022P6.3",0
"C20orf196",0
"RP5-967N21.2",0
"TRMT6",0
"MCM8",0
"LRRN4",0
"FERMT1",0
"RP4-775C13.1",0
"CASC20",0
"HAO1",0
"TMX4",0
"RP5-971N18.3",0
"PLCB1",0
"PLCB4",0
"RP5-1119D9.4",0
"LAMP5",0
"PAK7",0
"RP5-839B4.8",0
"ANKEF1",0
"SNAP25-AS1",0
"SNAP25",0
"SDAD1P2",0
"MKKS",0
"SLX4IP",0
"RP5-1099D15.1",0
"JAG1",0
"RP11-268G13.1",0
"BTBD3",0
"RP4-742J24.2",0
"PA2G4P2",0
"RP5-1069C8.2",0
"SPTLC3",0
"ISM1",0
"ISM1-AS1",0
"RP5-1077I2.3",0
"TASP1",0
"GAPDHP2",0
"ESF1",0
"NDUFAF5",0
"SEL1L2",0
"MACROD2",0
"AIMP1P1",0
"RN7SL864P",0
"FLRT3",0
"RPS10P2",0
"MACROD2-AS1",0
"KIF16B",0
"RPLP0P1",0
"RP4-705D16.3",0
"SNRPB2",0
"OTOR",0
"PCSK2",0
"DYNLT3P1",0
"BFSP1",0
"RPS27AP2",0
"DSTN",0
"RN7SKP69",0
"RP11-462D18.2",0
"RRBP1",0
"SNX5",0
"OVOL2",0
"SNORD17",0
"MGME1",0
"PTMAP3",0
"PET117",0
"CSRP2BP",0
"AL050321.1",0
"ZNF133",0
"RN7SKP74",0
"RP4-568F9.6",0
"DZANK1",0
"GCNT1P1",0
"POLR3F",0
"MIR3192",0
"RPL21P3",0
"RBBP9",0
"RPS19P1",0
"SEC23B",0
"LINC00493",0
"DTD1",0
"DUXAP7",0
"RP11-379J5.5",0
"LINC00652",0
"RP5-1068E13.7",0
"SLC24A3",0
"RP11-97N19.2",0
"RP5-1027G4.3",0
"RP4-718D20.3",0
"RP1-122P22.2",0
"RPL12L3",0
"RIN2",0
"CRNKL1",0
"C20orf26",0
"RP5-1096J16.1",0
"INSM1",0
"RALGAPA2",0
"RP5-1177M21.1",0
"LINC00237",0
"RPL24P2",0
"PLK1S1",0
"RP5-872K7.7",0
"RP4-777D9.2",0
"RPS15AP1",0
"XRN2",0
"NKX2-4",0
"GSTM3P1",0
"NKX2-2",0
"RP5-984P4.4",0
"PAX1",0
"RPL41P1",0
"RP5-1185K9.1",0
"RP11-125P18.1",0
"LINC00261",0
"FOXA2",0
"RP11-359G22.2",0
"RP4-753D10.3",0
"SSTR4",0
"THBD",0
"CD93",0
"RP3-322G13.7",0
"AL096677.1",0
"NXT1",0
"RP3-322G13.5",0
"GZF1",0
"NAPB",0
"RNA5SP479",0
"CST11",0
"CST3",0
"RP11-218C14.8",0
"CST4",0
"CST1",0
"CST2",0
"CST5",0
"RP5-1100I6.2",0
"SYNDIG1",0
"RP11-526K17.2",0
"RP5-860P4.2",0
"CST7",0
"APMAP",0
"RNU6-1257P",0
"ACSS1",0
"VSX1",0
"RP4-738P15.1",0
"ENTPD6",0
"PYGB",0
"ABHD12",0
"PPIAP2",0
"NINL",0
"NANP",0
"ZNF337-AS1",0
"MED28P7",0
"ZNF337",0
"RP13-401N8.1",0
"FAM182B",0
"RP13-401N8.3",0
"RP4-760C5.3",0
"CTD-2514C3.1",0
"FAM182A",0
"RP4-610C12.4",0
"RP4-610C12.3",0
"RP4-610C12.1",0
"FRG1B",0
"AL441988.1",0
"MLLT10P1",0
"DEFB115",0
"DKKL1P1",0
"RP5-854E16.2",0
"REM1",0
"HM13",0
"RP3-324O17.4",0
"HM13-IT1",0
"HM13-AS1",0
"ID1",0
"COX4I2",0
"BCL2L1",0
"RP11-243J16.7",0
"AL160175.1",0
"TPX2",0
"MYLK2",0
"FOXS1",0
"DUSP15",0
"TTLL9",0
"RNU1-94P",0
"PDRG1",0
"CCM2L",0
"RP1-310O13.7",0
"HCK",0
"TM9SF4",0
"RSL24D1P6",0
"TSPY26P",0
"POFUT1",0
"KIF3B",0
"C20orf112",0
"RP5-1184F4.5",0
"RP11-410N8.3",0
"RP11-410N8.1",0
"RP11-410N8.4",0
"C20orf203",0
"BAK1P1",0
"COMMD7",0
"DNMT3B",0
"MAPRE1",0
"RP5-1085F17.4",0
"RP5-1085F17.3",0
"EFCAB8",0
"BPIFB2",0
"BPIFB3",0
"BPIFB4",0
"BPIFA2",0
"BPIFB1",0
"BPIFB5P",0
"BPIFB9P",0
"CDK5RAP1",0
"SNTA1",0
"CBFA2T2",0
"NECAB3",0
"C20orf144",0
"ACTL10",0
"RP1-63M2.5",0
"E2F1",0
"PXMP4",0
"ZNF341",0
"RPL31P2",0
"RP4-553F4.6",0
"CHMP4B",0
"RP5-1125A11.1",0
"RALY",0
"RP5-1125A11.4",0
"RP1-64K7.4",0
"EIF2S2",0
"RPS2P1",0
"ASIP",0
"XPOTP1",0
"RP4-785G19.5",0
"RP4-785G19.2",0
"AHCY",0
"CTD-3216D2.5",0
"ITCH",0
"ITCH-IT1",0
"MIR644A",0
"FDX1P1",0
"DYNLRB1",0
"MAP1LC3A",0
"PIGU",0
"NCOA6",0
"TP53INP2",0
"HMGB3P1",0
"GGT7",0
"ACSS2",0
"GSS",0
"MIR499A",0
"TRPC4AP",0
"RNU6-407P",0
"PROCR",0
"RP4-614O4.12",0
"MMP24-AS1",0
"MMP24",0
"RP4-614O4.11",0
"EIF6",0
"FAM83C-AS1",0
"FAM83C",0
"UQCC1",0
"GDF5OS",0
"MIR1289-1",0
"CEP250",0
"RP3-477O4.14",0
"RP3-477O4.16",0
"RP3-477O4.5",0
"ERGIC3",0
"FER1L4",0
"SPAG4",0
"CPNE1",0
"RN7SKP271",0
"RNU6-759P",0
"RBM12",0
"NFS1",0
"ROMO1",0
"RBM39",0
"RPF2P1",0
"PHF20",0
"HIGD1AP16",0
"SCAND1",0
"CNBD2",0
"LINC00657",0
"RP4-550H1.5",0
"EPB41L1",0
"RP11-234K24.3",0
"AL121895.1",0
"AAR2",0
"DLGAP4",0
"RP5-977B1.7",0
"MYL9",0
"TGIF2",0
"C20orf24",0
"SLA2",0
"HNRNPA3P2",0
"NDRG3",0
"DSN1",0
"SOGA1",0
"TLDC2",0
"SAMHD1",0
"RBL1",0
"RPS3AP3",0
"MROH8",0
"RP3-343K2.4",0
"RPN2",0
"GHRH",0
"MANBAL",0
"SRC",0
"RPL7AP14",0
"BLCAP",0
"NNAT",0
"CTNNBL1",0
"VSTM2L",0
"TTI1",0
"RPRD1B",0
"TGM2",0
"KIAA1755",0
"BPI",0
"CTD-2308N23.2",0
"LBP",0
"RP4-564F22.5",0
"SNHG17",0
"SNORA71B",0
"SNORA71A",0
"SNORA71C",0
"SNORA71D",0
"SNHG11",0
"SNORA60",0
"RALGAPB",0
"RPS3P2",0
"ARHGAP40",0
"SLC32A1",0
"ACTR5",0
"RN7SKP173",0
"PPP1R16B",0
"FAM83D",0
"DHX35",0
"NPM1P19",0
"RP5-1031J8.1",0
"RP11-101E14.2",0
"MAFB",0
"RP4-644L1.2",0
"TOP1",0
"RP1-1J6.2",0
"PLCG1",0
"ZHX3",0
"RP3-511B24.6",0
"LPIN3",0
"EMILIN3",0
"CHD6",0
"RP4-620E11.4",0
"RPL12P11",0
"RP5-1121H13.1",0
"PTPRT",0
"RP1-269M15.3",0
"SRSF6",0
"L3MBTL1",0
"RP1-138B7.4",0
"SGK2",0
"IFT52",0
"RPL27AP",0
"MYBL2",0
"TOX2",0
"JPH2",0
"OSER1",0
"OSER1-AS1",0
"GDAP1L1",0
"FITM2",0
"R3HDML",0
"RP5-881L22.5",0
"RPL37AP1",0
"TTPAL",0
"SERINC3",0
"PKIG",0
"Z97053.1",0
"ADA",0
"RP11-445H22.3",0
"RP11-445H22.4",0
"WISP2",0
"KCNK15",0
"RIMS4",0
"PABPC1L",0
"TOMM34",0
"STK4-AS1",0
"STK4",0
"KCNS1",0
"WFDC5",0
"SEMG1",0
"SEMG2",0
"SLPI",0
"MATN4",0
"RBPJL",0
"SDC4",0
"SYS1",0
"SYS1-DBNDD2",0
"TP53TG5",0
"RP3-453C12.8",0
"DBNDD2",0
"PIGT",0
"AL031663.2",0
"AL031663.1",0
"WFDC2",0
"RP3-461P17.9",0
"WFDC6",0
"EPPIN",0
"HSPD1P21",0
"WFDC8",0
"CCNB1IP1P2",0
"WFDC10A",0
"RPS2P7",0
"WFDC10B",0
"WFDC13",0
"WFDC3",0
"DNTTIP1",0
"UBE2C",0
"TNNC2",0
"SNX21",0
"ACOT8",0
"ZSWIM3",0
"ZSWIM1",0
"SPATA25",0
"NEURL2",0
"CTSA",0
"RP3-337O18.9",0
"PLTP",0
"PCIF1",0
"ZNF335",0
"MMP9",0
"RP11-465L10.10",0
"SLC12A5",0
"NCOA5",0
"CD40",0
"RP5-998H6.2",0
"CDH22",0
"SLC35C2",0
"ELMO2",0
"ZNF663P",0
"MKRN7P",0
"ZNF840",0
"OCSTAMP",0
"SLC13A3",0
"TP53RK",0
"RP1-28H20.3",0
"SLC2A10",0
"EYA2",0
"ZMYND8",0
"AL031666.2",0
"RP4-569M23.4",0
"RP4-569M23.2",0
"NCOA3",0
"RP5-1049G16.4",0
"SULF2",0
"CTD-2653D5.1",0
"RP11-347D21.3",0
"LINC00494",0
"RP1-66N13.1",0
"PREX1",0
"ARFGEF2",0
"SNAP23P",0
"RP1-155G6.4",0
"CSE1L",0
"STAU1",0
"ARPC3P1",0
"DDX27",0
"ZNFX1",0
"ZFAS1",0
"SNORD12C",0
"SNORD12B",0
"SNORD12",0
"KCNB1",0
"PTGIS",0
"B4GALT5",0
"SNRPFP1",0
"SLC9A8",0
"RP5-1041C10.3",0
"SPATA2",0
"RNF114",0
"KRT18P4",0
"RNU6-147P",0
"SNAI1",0
"UBE2V1",0
"TMEM189",0
"RP11-112L6.3",0
"RP11-112L6.2",0
"RP11-112L6.4",0
"CEBPB",0
"RP11-290F20.1",0
"RP11-290F20.2",0
"PTPN1",0
"RP4-530I15.9",0
"MIR645",0
"FAM65C",0
"PARD6B",0
"BCAS4",0
"ADNP",0
"PSMD10P1",0
"RP5-914P20.5",0
"DPM1",0
"MOCS3",0
"KCNG1",0
"ATP9A",0
"RP5-827A12.2",0
"SALL4",0
"RP5-1112F19.2",0
"ZFP64",0
"ERP29P1",0
"RP4-723E3.1",0
"RP4-715N11.2",0
"TSHZ2",0
"RN7SKP184",0
"RP11-15M15.1",0
"RP11-15M15.2",0
"RP4-669H2.1",0
"RP5-823G15.5",0
"RP4-724E16.2",0
"ZNF217",0
"BCAS1",0
"AC005220.3",0
"CYP24A1",0
"PFDN4",0
"DOK5",0
"RPL12P4",0
"CBLN4",0
"FAM210B",0
"AURKA",0
"CSTF1",0
"CASS4",0
"RPL39P",0
"RTFDC1",0
"GCNT7",0
"FAM209A",0
"AL109806.1",0
"FAM209B",0
"RPS4XP3",0
"TFAP2C",0
"RP11-560A15.3",0
"BMP7",0
"RP4-813D12.2",0
"RP4-813D12.3",0
"RAE1",0
"MTND1P9",0
"MTRNR2L3",0
"RP4-800J21.3",0
"RBM38",0
"HMGB1P1",0
"CTCFL",0
"PCK1",0
"ZBP1",0
"PMEPA1",0
"RP13-379L11.2",0
"PPP4R1L",0
"RAB22A",0
"VAPB",0
"APCDD1L",0
"APCDD1L-AS1",0
"RP5-907D15.3",0
"MGC4294",0
"STX16",0
"STX16-NPEPL1",0
"NPEPL1",0
"RP11-261P9.4",0
"PIEZO1P2",0
"RP4-806M20.5",0
"MIR296",0
"MIR298",0
"GNAS-AS1",0
"RP4-806M20.3",0
"GNAS",0
"RP1-309F20.3",0
"RP1-309F20.4",0
"NELFCD",0
"CTSZ",0
"TUBB1",0
"ATP5E",0
"ZNF831",0
"EDN3",0
"PHACTR3",0
"RP4-719C8.1",0
"RNU7-141P",0
"SYCP2",0
"FAM217B",0
"PPP1R3D",0
"CDH26",0
"C20orf197",0
"RP5-1043L13.1",0
"CDH4",0
"RP11-429E11.3",0
"TAF4",0
"RP11-11M20.2",0
"LSM14B",0
"PSMA7",0
"SS18L1",0
"MTG2",0
"HRH3",0
"OSBPL2",0
"ADRM1",0
"RP11-157P1.4",0
"LAMA5",0
"RP11-157P1.5",0
"RPS21",0
"CABLES2",0
"RBBP8NL",0
"RP5-908M14.5",0
"GATA5",0
"C20orf166",0
"RPL7P3",0
"WI2-87327B8.1",0
"RP11-93B14.6",0
"SLCO4A1",0
"RP11-93B14.5",0
"NTSR1",0
"RP11-93B14.4",0
"LINC00659",0
"MRGBP",0
"OGFR-AS1",0
"OGFR",0
"COL9A3",0
"TCFL5",0
"ARF4P2",0
"DIDO1",0
"GID8",0
"BHLHE23",0
"RP11-305P22.9",0
"LINC00029",0
"LINC01056",0
"HAR1B",0
"HAR1A",0
"RP5-963E22.5",0
"RP5-963E22.4",0
"MIR124-3",0
"YTHDF1",0
"BIRC7",0
"ARFGAP1",0
"MIR4326",0
"COL20A1",0
"CHRNA4",0
"RP11-261N11.8",0
"KCNQ2",0
"RP11-358D14.2",0
"EEF1A2",0
"RP4-697K14.3",0
"PPDPF",0
"PTK6",0
"SRMS",0
"C20orf195",0
"HELZ2",0
"GMEB2",0
"CTD-3184A7.4",0
"STMN3",0
"RTEL1",0
"RTEL1-TNFRSF6B",0
"ARFRP1",0
"ZGPAT",0
"RP4-583P15.15",0
"LIME1",0
"SLC2A4RG",0
"ZBTB46",0
"RP4-583P15.11",0
"AL158091.1",0
"ABHD16B",0
"TPD52L2",0
"RNU1-134P",0
"MIR941-2",0
"MIR941-1",0
"UCKL1",0
"MIR647",0
"AL118506.1",0
"ZNF512B",0
"SAMD10",0
"PRPF6",0
"LINC00176",0
"SOX18",0
"TCEA2",0
"RP13-152O15.5",0
"RGS19",0
"OPRL1",0
"C20orf201",0
"MYT1",0
"PCMTD2",0
"CICP4",0
"LINC00266-1",0
"WASH5P",0
"AC092192.1",0
"AC092299.6",0
"CICP19",0
"AC092299.8",0
"LINC01002",0
"AC098474.1",0
"CTD-3113P16.7",0
"PPAP2C",0
"MIER2",0
"AC010641.1",0
"C2CD4C",0
"SHC2",0
"RNA5SP462",0
"ODF3L2",0
"MADCAM1",0
"AC005775.2",0
"TPGS1",0
"CDC34",0
"GZMM",0
"AC009005.2",0
"BSG",0
"HCN2",0
"AC005559.3",0
"POLRMT",0
"LLNLR-299G3.1",0
"AC004449.6",0
"FGF22",0
"RNF126",0
"AC004156.3",0
"FSTL3",0
"PRSS57",0
"PALM",0
"MISP",0
"AC006273.4",0
"AC006273.5",0
"AC006273.7",0
"PTBP1",0
"LPPR3",0
"AZU1",0
"PRTN3",0
"CFD",0
"MED16",0
"R3HDM4",0
"KISS1R",0
"ARID3A",0
"AC005391.2",0
"WDR18",0
"AC004528.4",0
"TMEM259",0
"RNU6-2",0
"CNN2",0
"ABCA7",0
"HMHA1",0
"POLR2E",0
"GPX4",0
"SBNO2",0
"STK11",0
"HMGB2P1",0
"C19orf26",0
"AC004221.2",0
"ATP5D",0
"MIDN",0
"CIRBP",0
"CIRBP-AS1",0
"C19orf24",0
"MUM1",0
"EFNA2",0
"AC005330.2",0
"NDUFS7",0
"AC005329.7",0
"GAMT",0
"DAZAP1",0
"CTB-25B13.13",0
"RPS15",0
"AC027307.3",0
"APC2",0
"CTB-25B13.12",0
"C19orf25",0
"PCSK4",0
"CTB-25B13.6",0
"REEP6",0
"ADAMTSL5",0
"PLK5",0
"MEX3D",0
"RN7SL477P",0
"AC005943.5",0
"MBD3",0
"UQCR11",0
"AC005943.4",0
"TCF3",0
"RNU6-1223P",0
"AC005256.1",0
"ONECUT3",0
"ATP8B3",0
"REXO1",0
"CTB-31O20.4",0
"KLF16",0
"CTB-31O20.8",0
"CTB-31O20.2",0
"ABHD17A",0
"SCAMP4",0
"CSNK1G2",0
"CSNK1G2-AS1",0
"BTBD2",0
"AC005306.3",0
"MKNK2",0
"MOB3A",0
"IZUMO4",0
"AP3D1",0
"DOT1L",0
"AC004490.1",0
"PLEKHJ1",0
"SF3A2",0
"AMH",0
"JSRP1",0
"OAZ1",0
"C19orf35",0
"LINGO3",0
"LSM7",0
"SPPL2B",0
"AC004410.3",0
"LLfos-48D6.1",0
"TMPRSS9",0
"TIMM13",0
"LMNB2",0
"AC005624.2",0
"GADD45B",0
"GNG7",0
"DIRAS1",0
"AC006538.1",0
"SLC39A3",0
"SGTA",0
"THOP1",0
"ZNF555",0
"ZNF556",0
"AC119403.1",0
"ZNF57",0
"AC006277.2",0
"ZNF77",0
"TLE6",0
"TLE2",0
"AES",0
"GNA11",0
"GNA15",0
"S1PR4",0
"NCLN",0
"CELF5",0
"NFIC",0
"C19orf77",0
"DOHH",0
"FZR1",0
"MFSD12",0
"C19orf71",0
"AC005786.3",0
"HMG20B",0
"GIPC3",0
"TBXA2R",0
"CACTIN-AS1",0
"CACTIN",0
"PIP5K1C",0
"AC004637.1",0
"TJP3",0
"APBA3",0
"MRPL54",0
"ZFR2",0
"ATCAY",0
"NMRK2",0
"DAPK3",0
"EEF2",0
"PIAS4",0
"AC016586.1",0
"CTD-2622I13.3",0
"MAP2K2",0
"CREB3L3",0
"SIRT6",0
"ANKRD24",0
"EBI3",0
"CCDC94",0
"SHD",0
"TMIGD2",0
"FSD1",0
"STAP2",0
"AC007292.7",0
"MPND",0
"AC007292.4",0
"AC007292.1",0
"AC007292.3",0
"SH3GL1",0
"AC007292.6",0
"CTB-50L17.5",0
"UBXN6",0
"CTB-50L17.9",0
"CTB-50L17.16",0
"HDGFRP2",0
"AC011498.1",0
"PLIN4",0
"PLIN5",0
"CTB-50L17.14",0
"LRG1",0
"SEMA6B",0
"RN7SL121P",0
"CTB-50L17.2",0
"TNFAIP8L1",0
"DPP9",0
"AC005594.3",0
"MIR7-3HG",0
"AC005523.3",0
"FEM1A",0
"TICAM1",0
"PLIN3",0
"UHRF1",0
"KDM4B",0
"PTPRS",0
"RPL32P34",0
"ZNRF4",0
"TINCR",0
"SAFB2",0
"SAFB",0
"RPL36",0
"C19orf70",0
"HSD11B1L",0
"LONP1",0
"CATSPERD",0
"PRR22",0
"DUS3L",0
"NRTN",0
"FUT6",0
"FUT3",0
"AC024592.9",0
"FUT5",0
"NDUFA11",0
"AC104532.3",0
"VMAC",0
"AC104532.4",0
"CAPS",0
"RANBP3",0
"CTC-232P5.1",0
"RFX2",0
"CTB-66B24.1",0
"ACSBG2",0
"CTC-503J8.6",0
"MLLT1",0
"ACER1",0
"CLPP",0
"ALKBH7",0
"PSPN",0
"GTF2F1",0
"CTB-180A7.6",0
"CTB-180A7.8",0
"KHSRP",0
"SLC25A41",0
"SLC25A23",0
"CRB3",0
"DENND1C",0
"TUBB4A",0
"TNFSF9",0
"CD70",0
"TNFSF14",0
"C3",0
"GPR108",0
"TRIP10",0
"CTD-3128G10.6",0
"SH2D3A",0
"VAV1",0
"ZNF557",0
"INSR",0
"CTB-133G6.1",0
"CTB-133G6.2",0
"ARHGEF18",0
"PEX11G",0
"C19orf45",0
"ZNF358",0
"MCOLN1",0
"PNPLA6",0
"CAMSAP3",0
"XAB2",0
"PET100",0
"CTD-3214H19.4",0
"PCP2",0
"CTD-3214H19.6",0
"STXBP2",0
"C19orf59",0
"TRAPPC5",0
"FCER2",0
"CLEC4G",0
"CD209",0
"EVI5L",0
"CTD-3193O13.9",0
"CTD-3193O13.10",0
"LRRC8E",0
"AC010336.1",0
"MAP2K7",0
"TGFBR3L",0
"CTD-3193O13.1",0
"SNAPC2",0
"CTXN1",0
"CTD-3193O13.8",0
"TIMM44",0
"ELAVL1",0
"CTD-2325M2.1",0
"CCL25",0
"CERS4",0
"CTD-3020H12.4",0
"CD320",0
"NDUFA7",0
"RPS28",0
"KANK3",0
"CTD-2550O8.7",0
"ANGPTL4",0
"RAB11B-AS1",0
"MIR4999",0
"RAB11B",0
"MARCH2",0
"RP11-886P16.6",0
"HNRNPM",0
"PRAM1",0
"ZNF414",0
"MYO1F",0
"ADAMTS10",0
"AC130469.2",0
"ZNF558",0
"CTD-2529P6.3",0
"MUC16",0
"ZNF317",0
"OR7D2",0
"CTC-325H20.4",0
"ZNF699",0
"ZNF559-ZNF177",0
"ZNF177",0
"CTC-325H20.2",0
"CTC-325H20.7",0
"ZNF266",0
"ZNF560",0
"CTC-543D15.3",0
"CTC-543D15.1",0
"ZNF426",0
"ZNF121",0
"ZNF561",0
"C19orf82",0
"ZNF562",0
"RPS4XP22",0
"ZNF812",0
"CTD-3116E22.7",0
"ZNF846",0
"CTD-2623N2.3",0
"UBE2L4",0
"AC008752.2",0
"CTD-2623N2.5",0
"FBXL12",0
"RPL10P15",0
"RN7SL94P",0
"UBL5",0
"CTD-2623N2.11",0
"OLFM2",0
"COL5A3",0
"RDH8",0
"C3P1",0
"CTD-2240E14.4",0
"ANGPTL6",0
"PPAN",0
"P2RY11",0
"EIF3G",0
"DNMT1",0
"CTD-2369P2.2",0
"S1PR2",0
"MIR4322",0
"MRPL4",0
"ICAM1",0
"ICAM5",0
"ZGLP1",0
"FDX1L",0
"RAVER1",0
"ICAM3",0
"TYK2",0
"CDC37",0
"PDE4A",0
"KEAP1",0
"CTC-429L19.3",0
"S1PR5",0
"ATG4D",0
"RNU7-140P",0
"KRI1",0
"CDKN2D",0
"AP1M2",0
"SLC44A2",0
"AC011475.1",0
"ILF3-AS1",0
"ILF3",0
"QTRT1",0
"DNM2",0
"MIR199A1",0
"TMED1",0
"C19orf38",0
"AC007229.3",0
"CARM1",0
"YIPF2",0
"SMARCA4",0
"CTC-215O4.4",0
"RN7SL192P",0
"LDLR",0
"SPC24",0
"KANK2",0
"DOCK6",0
"CTC-510F12.2",0
"C19orf80",0
"TSPAN16",0
"CTC-510F12.4",0
"RAB3D",0
"TMEM205",0
"CCDC159",0
"DKFZP761J1410",0
"CTD-2342J14.6",0
"SWSAP1",0
"EPOR",0
"RGL3",0
"CCDC151",0
"PRKCSH",0
"ELAVL3",0
"RN7SL669P",0
"ZNF653",0
"ECSIT",0
"RN7SL833P",0
"CTC-398G3.1",0
"CTC-398G3.2",0
"CNN1",0
"ELOF1",0
"ZNF627",0
"ACP5",0
"AC020947.2",0
"ZNF833P",0
"CTD-2006C1.6",0
"HNRNPA1P10",0
"ZNF823",0
"CTC-499B15.6",0
"ZNF441",0
"CTC-499B15.7",0
"ZNF491",0
"ZNF440",0
"CTC-499B15.8",0
"ZNF439",0
"ZNF69",0
"ZNF700",0
"ZNF763",0
"CTD-2006C1.12",0
"CTD-2006C1.2",0
"RNA5SP464",0
"ZNF433",0
"RNA5SP465",0
"ZNF844",0
"ZNF788",0
"ZNF20",0
"RSL24D1P8",0
"ZNF625",0
"CTC-359D24.3",0
"ZNF136",0
"CTD-2666L21.1",0
"CTD-2666L21.3",0
"CTD-2666L21.2",0
"ZNF563",0
"CTD-3105H18.13",0
"ZNF442",0
"CTD-3105H18.14",0
"ZNF799",0
"ZNF443",0
"CTD-3105H18.18",0
"CTD-3105H18.7",0
"ZNF709",0
"CTD-3105H18.8",0
"CTD-3105H18.10",0
"CTD-3105H18.9",0
"CTD-3105H18.11",0
"PPIAP20",0
"ZNF564",0
"CTD-2192J16.20",0
"CTD-2192J16.21",0
"CTD-2192J16.11",0
"PGK1P2",0
"ZNF490",0
"ZNF791",0
"CTD-2192J16.15",0
"MAN2B1",0
"WDR83",0
"WDR83OS",0
"DHPS",0
"CTD-2192J16.26",0
"FBXW9",0
"TNPO2",0
"C19orf43",0
"ASNA1",0
"BEST2",0
"HOOK2",0
"CTD-2659N19.9",0
"JUNB",0
"PRDX2",0
"RNASEH2A",0
"RTBDN",0
"CTD-2265O21.3",0
"MAST1",0
"DNASE2",0
"KLF1",0
"GCDH",0
"AD000092.3",0
"SYCE2",0
"MIR5695",0
"CTC-425F1.2",0
"CALR",0
"RAD23A",0
"GADD45GIP1",0
"DAND5",0
"NFIX",0
"LYL1",0
"TRMT1",0
"NACC1",0
"AC005546.2",0
"STX10",0
"IER2",0
"CTC-250I14.1",0
"CACNA1A",0
"CCDC130",0
"C19orf53",0
"AC008686.1",0
"ZSWIM4",0
"CTD-3252C9.2",0
"RN7SL619P",0
"MIR24-2",0
"NANOS3",0
"MIR181C",0
"MIR181D",0
"C19orf57",0
"CC2D1A",0
"PODNL1",0
"DCAF15",0
"RFX1",0
"CTB-55O6.4",0
"IL27RA",0
"PALM3",0
"EEF1DP1",0
"hsa-mir-1199",0
"C19orf67",0
"SAMD1",0
"PRKACA",0
"ASF1B",0
"CTB-55O6.12",0
"LPHN1",0
"CTD-2189E23.1",0
"CTD-2189E23.2",0
"CTC-548K16.2",0
"CTC-548K16.1",0
"CD97",0
"DDX39A",0
"PKN1",0
"CTC-548K16.6",0
"PTGER1",0
"GIPC1",0
"SNRPGP15",0
"DNAJB1",0
"TECR",0
"NDUFB7",0
"ITGB1P1",0
"ZNF333",0
"EMR2",0
"AC005255.3",0
"SLC1A6",0
"SYDE1",0
"ILVBL",0
"AC003956.1",0
"NOTCH3",0
"AC004257.1",0
"EPHX3",0
"AC004257.3",0
"AC005776.1",0
"LLNLR-246C6.1",0
"AKAP8",0
"AC005785.2",0
"AKAP8L",0
"WIZ",0
"RASAL3",0
"CYP4F22",0
"CYP4F23P",0
"RPL23AP2",0
"CYP4F3",0
"CYP4F24P",0
"AC004791.2",0
"CYP4F2",0
"AC005336.4",0
"CYP4F11",0
"TPM4",0
"CTD-2231E14.8",0
"HSH2D",0
"CIB3",0
"FAM32A",0
"CTD-2562J15.4",0
"AP1M1",0
"KLF2",0
"EPS15L1",0
"RN7SL844P",0
"CTD-2013N17.1",0
"CALR3",0
"C19orf44",0
"CHERP",0
"RN7SL146P",0
"CTD-3222D19.7",0
"SLC35E1",0
"MED26",0
"CTC-429P9.4",0
"CTD-3222D19.5",0
"CTC-429P9.2",0
"CTC-429P9.1",0
"SMIM7",0
"CTC-429P9.3",0
"CTC-429P9.5",0
"TMEM38A",0
"NWD1",0
"SIN3B",0
"CTD-2538G9.5",0
"F2RL3",0
"CPAMD8",0
"HAUS8",0
"CTD-2528A14.5",0
"CTD-3032J10.4",0
"USE1",0
"OCEL1",0
"NR2F6",0
"USHBP1",0
"BABAM1",0
"ANKLE1",0
"ABHD8",0
"MRPL34",0
"CTD-2278I10.4",0
"DDA1",0
"ANO8",0
"GTPBP3",0
"PLVAP",0
"CTD-2521M24.5",0
"BST2",0
"CTD-2521M24.9",0
"MVB12A",0
"CTD-2521M24.6",0
"CTD-2521M24.4",0
"TMEM221",0
"CTD-2521M24.11",0
"SLC27A1",0
"CTD-3131K8.2",0
"PGLS",0
"CTD-3131K8.3",0
"FAM129C",0
"COLGALT1",0
"CTD-3131K8.1",0
"UNC13A",0
"CTD-3149D2.3",0
"MAP1S",0
"FCHO1",0
"B3GNT3",0
"INSL3",0
"JAK3",0
"RPL18A",0
"SLC5A5",0
"CCDC124",0
"KCNN1",0
"ARRDC2",0
"CTB-52I2.4",0
"MAST3",0
"PIK3R2",0
"IFI30",0
"RAB3A",0
"AC068499.10",0
"PDE4C",0
"KIAA1683",0
"JUND",0
"LSM4",0
"RN7SL513P",0
"PGPEP1",0
"GDF15",0
"MIR3189",0
"LRRC25",0
"SSBP4",0
"ISYNA1",0
"CTD-3137H5.1",0
"ELL",0
"AC005387.3",0
"FKBP8",0
"AC005387.2",0
"KXD1",0
"AC005253.2",0
"UBA52",0
"CRLF1",0
"C19orf60",0
"TMEM59L",0
"KLHL26",0
"CRTC1",0
"COMP",0
"UPF1",0
"CERS1",0
"AC005197.2",0
"COPE",0
"DDX49",0
"HOMER3",0
"AC005932.1",0
"SUGP2",0
"AC004447.2",0
"ARMC6",0
"SLC25A42",0
"TMEM161A",0
"MEF2B",0
"MEF2BNB",0
"RFXANK",0
"NR2C2AP",0
"NCAN",0
"RNU6-1028P",0
"HAPLN4",0
"TM6SF2",0
"SUGP1",0
"MAU2",0
"TSSK6",0
"NDUFA13",0
"YJEFN3",0
"CILP2",0
"PBX4",0
"AC002306.1",0
"LPAR2",0
"GMIP",0
"ATP13A1",0
"ZNF101",0
"CTC-412M14.6",0
"CTC-412M14.5",0
"ZNF14",0
"CTC-559E9.9",0
"LINC00663",0
"CTC-559E9.4",0
"CTC-559E9.2",0
"CTC-559E9.6",0
"ZNF253",0
"CTC-559E9.10",0
"AC011477.1",0
"CTC-559E9.8",0
"ZNF93",0
"AC007204.2",0
"AC007204.1",0
"ZNF682",0
"AC006539.1",0
"AC006539.3",0
"ZNF90",0
"CTC-260E6.2",0
"CTC-260E6.6",0
"ZNF486",0
"CTC-260E6.8",0
"CTC-260E6.7",0
"CTC-260E6.10",0
"AC078899.1",0
"CTC-575C13.2",0
"ZNF826P",0
"CTC-575C13.1",0
"MIR1270-1",0
"CTC-513N18.4",0
"CTC-513N18.5",0
"CTC-513N18.6",0
"CTD-2332E11.2",0
"ZNF626",0
"CTD-2542C24.2",0
"ZNF66",0
"CTD-2626G11.3",0
"AC010329.1",0
"ZNF85",0
"KRT18P40",0
"ZNF430",0
"AC012627.1",0
"VN1R80P",0
"ZNF714",0
"RNA5SP469",0
"VN1R81P",0
"ZNF431",0
"RPL7AP10",0
"VN1R82P",0
"CTD-3233P19.8",0
"CTD-3030D20.1",0
"VN1R83P",0
"ZNF708",0
"CTD-3030D20.2",0
"ZNF738",0
"CTD-2561J22.1",0
"CTD-2561J22.2",0
"ZNF493",0
"CTD-2561J22.5",0
"LINC00664",0
"ZNF429",0
"CTD-2561J22.6",0
"RP11-678G14.2",0
"RP11-678G14.3",0
"RP11-420K14.1",0
"RP11-420K14.3",0
"RP11-420K14.6",0
"RP11-420K14.8",0
"RP11-420K14.7",0
"CTD-2607J13.1",0
"ZNF208",0
"AC003973.1",0
"AC003973.6",0
"ZNF257",0
"PCGF7P",0
"VN1R85P",0
"RP11-157B13.6",0
"ZNF729",0
"RP11-157B13.9",0
"CTB-31C7.3",0
"RPL34P34",0
"ZNF209P",0
"AC004004.2",0
"CTC-457E21.1",0
"CTC-457E21.2",0
"ZNF492",0
"CTC-457E21.9",0
"ZNF849P",0
"RPL34P33",0
"CTC-451A6.5",0
"VN1R87P",0
"CTC-451A6.4",0
"ZNF99",0
"CTB-159G17.2",0
"ZNF723",0
"ZNF728",0
"CTD-2291D10.1",0
"CTD-2291D10.3",0
"CTD-2291D10.4",0
"ZNF730",0
"RP11-369G6.3",0
"RP11-369G6.2",0
"SNX6P1",0
"RP11-15H20.2",0
"ZNF724P",0
"RP11-15H20.3",0
"RP11-15H20.5",0
"RP11-15H20.6",0
"VN1R90P",0
"VN1R91P",0
"CTB-176F20.3",0
"CTB-175P5.1",0
"CTB-175P5.2",0
"ZNF725P",0
"ZNF675",0
"RP11-359H18.2",0
"VN1R93P",0
"RPSAP58",0
"RP11-255H23.3",0
"RP11-255H23.4",0
"ZNF726",0
"CTB-92J24.2",0
"ZNF92P3",0
"CTD-2017D11.1",0
"ZNF254",0
"CTD-2017D11.3",0
"HAVCR1P1",0
"CTB-151G24.1",0
"LINC00662",0
"CTC-459F4.1",0
"CTC-459F4.3",0
"CTC-459F4.6",0
"SLC25A1P5",0
"AC022153.1",0
"CTD-2043I16.1",0
"CTB-70G10.1",0
"AC005307.1",0
"AC005307.3",0
"AC005616.1",0
"AC005394.1",0
"AC079466.1",0
"CTC-478M6.1",0
"AC011524.1",0
"AC008991.1",0
"LINC00906",0
"CTB-32O4.2",0
"CTC-525D6.1",0
"CTC-525D6.2",0
"VSTM2B",0
"POP4",0
"PLEKHF1",0
"C19orf12",0
"CCNE1",0
"URI1",0
"RPL9P32",0
"CTC-448F2.4",0
"TAF9P3",0
"CTC-448F2.6",0
"ZNF536",0
"CTC-565M22.1",0
"AC020952.1",0
"CTC-439O9.3",0
"TSHZ3",0
"AC007796.1",0
"AC008992.1",0
"AC011525.2",0
"CTC-360P9.4",0
"AC011518.1",0
"ZNF507",0
"AC007773.1",0
"AC007773.2",0
"DPY19L3",0
"PDCD5",0
"ANKRD27",0
"RPS12P31",0
"RGS9BP",0
"CTD-2538C1.2",0
"CTD-2538C1.3",0
"TDRD12",0
"CTD-2085J24.5",0
"SLC7A9",0
"CTD-2085J24.4",0
"CEP89",0
"C19orf40",0
"RHPN2",0
"GPATCH1",0
"WDR88",0
"LRP3",0
"CTD-2540B15.10",0
"SLC7A10",0
"CTD-2540B15.6",0
"CEBPA",0
"CEBPA-AS1",0
"CTD-2540B15.9",0
"CEBPG",0
"PEPD",0
"CHST8",0
"KCTD15",0
"LSM14A",0
"RPL29P33",0
"AC010504.2",0
"GPI",0
"PDCD2L",0
"RN7SL154P",0
"CTD-2588C8.8",0
"UBA2",0
"WTIP",0
"RPS26P55",0
"ZNF807",0
"SCGB1B2P",0
"SCGB2B2",0
"CTD-2553L13.7",0
"CTD-2553L13.4",0
"AC020910.2",0
"ZNF302",0
"ZNF181",0
"CTC-523E23.10",0
"CTC-523E23.4",0
"CTC-523E23.1",0
"CTC-523E23.9",0
"CTC-523E23.5",0
"CTC-523E23.11",0
"LOC401913",0
"CTC-523E23.15",0
"CTC-523E23.6",0
"CTC-523E23.8",0
"ZNF30",0
"ZNF792",0
"GRAMD1A",0
"CTD-2527I21.7",0
"CTD-2527I21.14",0
"SCN1B",0
"CTD-2527I21.9",0
"HPN",0
"HPN-AS1",0
"AC020907.1",0
"FXYD3",0
"LGI4",0
"AC020907.2",0
"FXYD1",0
"FXYD7",0
"FXYD5",0
"FAM187B2P",0
"AC002128.5",0
"AD000684.2",0
"USF2",0
"HAMP",0
"MAG",0
"CD22",0
"FFAR1",0
"EEF1A1P7",0
"KRTDAP",0
"DMKN",0
"SBSN",0
"GAPDHS",0
"AD000090.2",0
"TMEM147",0
"ATP4A",0
"AC002115.5",0
"AC002115.9",0
"HAUS5",0
"RBM42",0
"ETV2",0
"COX6B1",0
"UPK1A",0
"UPK1A-AS1",0
"ZBTB32",0
"KMT2B",0
"IGFLR1",0
"PSENEN",0
"LIN37",0
"HSPB6",0
"C19orf55",0
"AC002398.13",0
"ARHGAP33",0
"AC002398.5",0
"PRODH2",0
"NPHS1",0
"KIRREL2",0
"APLP1",0
"NFKBID",0
"HCST",0
"LRFN3",0
"AF038458.3",0
"AF038458.4",0
"AF038458.5",0
"SDHAF1",0
"SYNE4",0
"ALKBH6",0
"AC002116.7",0
"CLIP3",0
"THAP8",0
"WDR62",0
"OVOL3",0
"POLR2I",0
"TBCB",0
"CAPNS1",0
"AD001527.7",0
"COX7A1",0
"AC002984.2",0
"ZNF565",0
"ZNF146",0
"CTD-3162L10.1",0
"LINC00665",0
"ZFP14",0
"CTD-3162L10.3",0
"ZFP82",0
"CTD-3162L10.5",0
"CTD-2630F21.1",0
"CTBP2P7",0
"ZNF260",0
"AC092295.4",0
"ZNF529",0
"AC092295.7",0
"ZNF382",0
"CTD-3234P18.2",0
"ZNF461",0
"AC074138.3",0
"ZNF567",0
"ZNF850",0
"CTD-2162K18.4",0
"CTD-2162K18.5",0
"ZNF345",0
"RPL31P61",0
"ZNF568",0
"ZNF420",0
"CTD-2293H3.2",0
"CTD-2293H3.1",0
"ZNF585A",0
"ZNF585B",0
"ZNF383",0
"CTD-3220F14.1",0
"HKR1",0
"CTD-3220F14.2",0
"ZNF527",0
"ZNF569",0
"CTD-2086O20.3",0
"CTD-3064H18.1",0
"CTD-3064H18.2",0
"ZNF793",0
"CTD-3064H18.4",0
"ZNF540",0
"ZNF571",0
"ZFP30",0
"ZNF781",0
"CTD-2528L19.4",0
"CTD-2528L19.3",0
"ZNF607",0
"CTD-2528L19.6",0
"ZNF573",0
"CTD-2554C21.1",0
"CTD-2554C21.2",0
"AC016582.2",0
"CTD-2554C21.3",0
"WDR87",0
"SIPA1L3",0
"CTC-244M17.1",0
"CTC-450M9.1",0
"CTB-102L5.7",0
"CTB-102L5.8",0
"RN7SL663P",0
"DPF1",0
"SPINT2",0
"PPP1R14A",0
"C19orf33",0
"YIF1B",0
"KCNK6",0
"AC026806.2",0
"CATSPERG",0
"PSMD8",0
"GGN",0
"SPRED3",0
"AC005789.11",0
"FAM98C",0
"RASGRP4",0
"RYR1",0
"AC067969.2",0
"MAP4K1",0
"CTB-186G2.1",0
"EIF3K",0
"ACTN4",0
"CTB-186G2.4",0
"CAPN12",0
"CTD-2540F13.2",0
"LGALS7",0
"LGALS7B",0
"LGALS4",0
"ECH1",0
"AC104534.2",0
"HNRNPL",0
"AC008982.2",0
"RINL",0
"SIRT2",0
"NFKBIB",0
"CCER2",0
"MRPS12",0
"CTC-360G5.9",0
"FBXO17",0
"FBXO27",0
"PAPL",0
"PAK4",0
"CTC-218B8.3",0
"NCCRP1",0
"IFNL4",0
"IFNL4P1",0
"LRFN1",0
"CTC-246B18.8",0
"GMFG",0
"CTC-246B18.10",0
"SAMD4B",0
"RN7SL566P",0
"PAF1",0
"MED29",0
"ZFP36",0
"RPS16",0
"SUPT5H",0
"AC011500.1",0
"TIMM50",0
"DLL3",0
"SELV",0
"EID2B",0
"CTB-60E11.9",0
"TDGF1P7",0
"EID2",0
"LGALS17A",0
"LGALS14",0
"CLC",0
"DYRK1B",0
"FBL",0
"FCGBP",0
"CTC-471F3.4",0
"PSMC4",0
"ZNF546",0
"AC007842.1",0
"CTC-471F3.6",0
"ZNF780B",0
"ZNF780A",0
"AC005614.3",0
"AC118344.1",0
"TTC9B",0
"CNTD2",0
"CTC-425O23.2",0
"MIR641",0
"RNU6-945P",0
"C19orf47",0
"PLD3",0
"HIPK4",0
"PRX",0
"SERTAD1",0
"SERTAD3",0
"CTC-492K19.4",0
"BLVRB",0
"SPTBN4",0
"SHKBP1",0
"LTBP4",0
"RN7SL758P",0
"NUMBL",0
"ADCK4",0
"RNU6-195P",0
"ITPKC",0
"C19orf54",0
"SNRPA",0
"MIA",0
"RAB4B",0
"EGLN2",0
"CYP2T2P",0
"CYP2F2P",0
"CTC-490E21.10",0
"CYP2A6",0
"CYP2A7",0
"CTC-490E21.13",0
"CYP2B7P",0
"CYP2B6",0
"CYP2G2P",0
"CYP2A13",0
"CYP2F1",0
"CYP2T3P",0
"CYP2S1",0
"AXL",0
"CTD-2195B23.3",0
"HNRNPUL1",0
"RN7SL34P",0
"TGFB1",0
"CCDC97",0
"TMEM91",0
"B9D2",0
"BCKDHA",0
"EXOSC5",0
"B3GNT8",0
"ATP5SL",0
"C19orf69",0
"AC005795.1",0
"PLEKHA3P1",0
"AC006129.1",0
"AC006129.4",0
"AC006129.2",0
"CEACAM21",0
"CEACAM7",0
"RPS19",0
"CD79A",0
"ARHGEF1",0
"CTD-2575K13.6",0
"RABAC1",0
"ATP1A3",0
"GRIK5",0
"ZNF574",0
"POU2F2",0
"CTC-378H22.1",0
"CTC-378H22.2",0
"DEDD2",0
"ZNF526",0
"GSK3A",0
"AC006486.1",0
"ERF",0
"CIC",0
"PAFAH1B3",0
"PRR19",0
"MEGF8",0
"CNFN",0
"LIPE-AS1",0
"LIPE",0
"CXCL17",0
"CTB-50E14.5",0
"CEACAM1",0
"CEACAM8",0
"CEACAMP5",0
"RPS10P28",0
"PSG3",0
"PSG8",0
"AC004603.4",0
"CEACAMP9",0
"PSG4",0
"PSG9",0
"CEACAMP11",0
"CTC-490G23.2",0
"CD177",0
"CD177P1",0
"TEX101",0
"LYPD3",0
"PHLDB3",0
"ETHE1",0
"ZNF575",0
"XRCC1",0
"PINLYP",0
"IRGQ",0
"ZNF576",0
"SRRM5",0
"ZNF428",0
"CADM4",0
"PLAUR",0
"RN7SL368P",0
"IRGC",0
"SMG9",0
"KCNN4",0
"AC115522.3",0
"LYPD5",0
"ZNF404",0
"RP11-15A1.3",0
"RP11-15A1.2",0
"ZNF45",0
"ZNF155",0
"RP11-15A1.7",0
"AC067968.3",0
"ZNF222",0
"ZNF284",0
"RN7SL53P",0
"ZNF224",0
"AC084219.3",0
"AC084219.4",0
"ZNF225",0
"ZNF234",0
"ZNF226",0
"ZNF227",0
"ZNF235",0
"ZNF233",0
"CTC-512J12.7",0
"NDUFA3P1",0
"ZNF285",0
"ZNF285B",0
"AC069278.4",0
"ZNF180",0
"CEACAM22P",0
"IGSF23",0
"CTB-171A8.1",0
"PVR",0
"CEACAM19",0
"BCL3",0
"CBLC",0
"BCAM",0
"PVRL2",0
"CTB-129P6.4",0
"TOMM40",0
"APOE",0
"APOC1",0
"APOC1P1",0
"APOC2",0
"CTB-129P6.11",0
"CLPTM1",0
"RELB",0
"CLASRP",0
"RNU6-611P",0
"ZNF296",0
"CTB-179K24.3",0
"GEMIN7",0
"MARK4",0
"PPP1R37",0
"EIF5AP3",0
"AC005757.6",0
"NKPD1",0
"TRAPPC6A",0
"BLOC1S3",0
"EXOC3L2",0
"AC006126.4",0
"CKM",0
"RPS16P9",0
"KLC3",0
"ERCC2",0
"PPP1R13L",0
"CD3EAP",0
"ERCC1",0
"FOSB",0
"RTN2",0
"PPM1N",0
"VASP",0
"OPA3",0
"EML2",0
"GIPR",0
"MIR642A",0
"SNRPD2",0
"QPCTL",0
"FBXO46",0
"AC074212.3",0
"AC074212.5",0
"SIX5",0
"AC074212.6",0
"DMPK",0
"DMWD",0
"RSPH6A",0
"SYMPK",0
"AC092301.3",0
"FOXA3",0
"IRF2BP1",0
"MYPOP",0
"NANOS2",0
"NOVA2",0
"CCDC61",0
"PGLYRP1",0
"CTC-344H19.4",0
"IGFL4",0
"AC007193.6",0
"IGFL3",0
"IGFL2",0
"AC006262.4",0
"AC006262.5",0
"IGFL1P1",0
"AC006262.6",0
"RPL12P41",0
"HIF3A",0
"AC007193.10",0
"PPP5C",0
"CCDC8",0
"PNMAL1",0
"PPP5D1",0
"PNMAL2",0
"AC011551.3",0
"GAPDHP38",0
"CALM3",0
"PTGIR",0
"GNG8",0
"DACT3",0
"DACT3-AS1",0
"RN7SL364P",0
"MIR320E",0
"CTB-174O21.2",0
"FKRP",0
"SLC1A5",0
"AP2S1",0
"ARHGAP35",0
"NPAS1",0
"TMEM160",0
"ZC3H4",0
"SAE1",0
"BBC3",0
"CCDC9",0
"PRR24",0
"C5AR2",0
"MEIS3",0
"SLC8A2",0
"NAPA-AS1",0
"NAPA",0
"ZNF541",0
"GLTSCR1",0
"CTD-3001H11.1",0
"EHD2",0
"GLTSCR2",0
"CTD-2571L23.6",0
"TPRX1",0
"CRX",0
"SULT2A1",0
"ELSPBP1",0
"PLA2G4C",0
"AC010458.1",0
"CTD-2265M8.2",0
"LIG1",0
"CTC-453G23.5",0
"CTC-453G23.4",0
"C19orf68",0
"ZNF114",0
"CARD8",0
"CTC-453G23.8",0
"CTC-241F20.3",0
"CTC-241F20.4",0
"CCDC114",0
"EMP3",0
"TMEM143",0
"SYNGR4",0
"KDELR1",0
"GRIN2D",0
"GRWD1",0
"KCNJ14",0
"CTC-273B12.6",0
"CYTH2",0
"LMTK3",0
"CTC-273B12.10",0
"SULT2B1",0
"FAM83E",0
"SPACA4",0
"RPL18",0
"AC022154.7",0
"SPHK2",0
"DBP",0
"CA11",0
"SEC1P",0
"NTN5",0
"FUT2",0
"MAMSTR",0
"RASIP1",0
"IZUMO1",0
"FGF21",0
"BCAT2",0
"HSD17B14",0
"PLEKHA4",0
"PPP1R15A",0
"TULP2",0
"NUCB1",0
"NUCB1-AS1",0
"CTD-2639E6.4",0
"DHDH",0
"BAX",0
"CTD-2639E6.9",0
"FTL",0
"GYS1",0
"RUVBL2",0
"LHB",0
"CTB-60B18.10",0
"CGB2",0
"CGB5",0
"CGB8",0
"CGB7",0
"NTF4",0
"CTB-60B18.12",0
"CTB-60B18.18",0
"KCNA7",0
"SNRNP70",0
"LIN7B",0
"C19orf73",0
"PPFIA3",0
"HRC",0
"TRPM4",0
"SLC6A21P",0
"SUMO1P4",0
"SLC6A16",0
"MIR4324",0
"CTC-301O7.4",0
"CD37",0
"TEAD2",0
"AC010524.4",0
"DKKL1",0
"AC010524.2",0
"CCDC155",0
"PTH2",0
"GFY",0
"SLC17A7",0
"PIH1D1",0
"ALDH16A1",0
"FLT3LG",0
"CTD-3148I10.15",0
"RPS11",0
"FCGRT",0
"RCN3",0
"NOSIP",0
"PRRG2",0
"PRR12",0
"RRAS",0
"SCAF1",0
"IRF3",0
"BCL2L12",0
"PRMT1",0
"ADM5",0
"CPT1C",0
"CTB-33G10.1",0
"TSKS",0
"AP2A1",0
"FUZ",0
"AC006942.4",0
"MED25",0
"PTOV1-AS1",0
"PTOV1",0
"AC018766.6",0
"AC018766.5",0
"AC018766.4",0
"PNKP",0
"AKT1S1",0
"TBC1D17",0
"IL4I1",0
"NUP62",0
"ATF5",0
"SIGLEC11",0
"SIGLEC16",0
"VRK3",0
"CTD-2126E3.3",0
"CTD-2126E3.1",0
"CTD-2126E3.5",0
"CTD-2126E3.4",0
"IZUMO2",0
"MYH14",0
"KCNC3",0
"NR1H2",0
"NAPSB",0
"NAPSA",0
"CTB-191K22.6",0
"POLD1",0
"SPIB",0
"MYBPC2",0
"FAM71E1",0
"EMC10",0
"CTD-2545M3.8",0
"JOSD2",0
"ASPDH",0
"LRRC4B",0
"CTD-2560K21.6",0
"C19orf81",0
"SHANK1",0
"CLEC11A",0
"GPR32",0
"CTD-2568A17.1",0
"ACPT",0
"CTD-2568A17.8",0
"C19orf48",0
"SNORD88A",0
"CTD-2568A17.5",0
"KLK1",0
"KLK15",0
"KLKP1",0
"KLK4",0
"KLK5",0
"KLK6",0
"CTB-147C22.9",0
"KLK7",0
"KLK8",0
"KLK10",0
"KLK11",0
"KLK13",0
"KLK14",0
"CTU1",0
"CTD-3187F8.14",0
"SIGLEC17P",0
"CD33",0
"CTD-3187F8.12",0
"IGLON5",0
"VSIG10L",0
"CTD-2616J11.16",0
"ETFB",0
"CTD-2616J11.11",0
"CTD-2616J11.10",0
"CLDND2",0
"NKG7",0
"LIM2",0
"C19orf84",0
"CTD-2616J11.14",0
"NIFKP6",0
"SIGLEC10",0
"CTD-2616J11.3",0
"CTD-2616J11.2",0
"SIGLEC6",0
"ZNF175",0
"AC018755.1",0
"AC018755.16",0
"AC018755.17",0
"SIGLEC5",0
"SIGLEC14",0
"SPACA6P-AS",0
"SPACA6P",0
"HAS1",0
"FPR1",0
"FPR2",0
"FPR3",0
"AC006272.2",0
"AC006272.1",0
"ZNF577",0
"CTC-429C10.2",0
"ZNF649",0
"ZNF613",0
"HCCAT3",0
"ZNF350",0
"ZNF614",0
"ZNF432",0
"CTC-471J1.2",0
"CTC-471J1.10",0
"ZNF616",0
"CTC-471J1.9",0
"RPL37P23",0
"ZNF836",0
"CTD-2525I3.2",0
"PPP2R1A",0
"CTD-2525I3.3",0
"ZNF766",0
"MIR643",0
"CTD-2525I3.5",0
"ZNF480",0
"CTD-2525I3.6",0
"ZNF610",0
"ZNF880",0
"ZNF534",0
"ZNF808",0
"ZNF137P",0
"ZNF83",0
"CTD-3099C6.11",0
"CTD-3099C6.9",0
"ZNF611",0
"ZNF600",0
"ZNF28",0
"CTD-2102P23.1",0
"ZNF468",0
"CTD-2331H12.5",0
"ZNF320",0
"ZNF888",0
"CTD-2331H12.7",0
"ZNF816",0
"ZNF702P",0
"CTD-2620I22.2",0
"CTD-2620I22.3",0
"ERVV-1",0
"ERVV-2",0
"ZNF160",0
"ZNF415",0
"CTD-2620I22.7",0
"ZNF665",0
"CTD-2245F17.2",0
"CTD-2245F17.3",0
"ZNF818P",0
"NDUFV2P1",0
"ZNF677",0
"VN1R2",0
"FAM90A27P",0
"FAM90A28P",0
"ZNF845",0
"ZNF525",0
"ZNF765",0
"RPL39P36",0
"ZNF761",0
"ZNF813",0
"TPM3P6",0
"CTD-2224J9.8",0
"ZNF331",0
"MIR519A2",0
"SEPT7P8",0
"AC008753.3",0
"AC008753.4",0
"NLRP12",0
"AC008753.6",0
"AC008440.10",0
"MYADM",0
"PRKCG",0
"CACNG7",0
"CACNG8",0
"CACNG6",0
"VSTM1",0
"OSCAR",0
"NDUFA3",0
"TFPT",0
"PRPF31",0
"AC012314.8",0
"CNOT3",0
"LENG1",0
"TMC4",0
"MBOAT7",0
"TSEN34",0
"CTD-3093M3.1",0
"AC012314.20",0
"RPS9",0
"LILRB3",0
"LILRA6",0
"CTB-83J4.1",0
"AC010492.2",0
"CTD-2337J16.1",0
"LILRB5",0
"LILRA4",0
"LAIR1",0
"TTYH1",0
"AC008746.3",0
"CTD-2587H19.2",0
"CTD-2587H19.3",0
"AC008746.12",0
"AC008746.5",0
"LENG8",0
"LENG9",0
"CDC42EP5",0
"NCR1",0
"NLRP7",0
"NLRP2",0
"CTC-550B14.7",0
"GP6",0
"CTC-550B14.6",0
"RDH13",0
"EPS8L1",0
"CTD-2587H24.1",0
"TNNT1",0
"TNNI3",0
"DNAAF3",0
"CTD-2587H24.5",0
"SYT5",0
"PTPRH",0
"CTD-2587H24.10",0
"TMEM86B",0
"PPP6R1",0
"AC010327.1",0
"HSPBP1",0
"BRSK1",0
"SUV420H2",0
"COX6B2",0
"FAM71E2",0
"IL11",0
"TMEM190",0
"TMEM238",0
"RPL28",0
"CTD-2105E13.13",0
"UBE2S",0
"SHISA7",0
"ISOC2",0
"ZNF628",0
"NAT14",0
"SSC5D",0
"SBK2",0
"SBK3",0
"CTD-2537I9.5",0
"ZNF579",0
"FIZ1",0
"ZNF524",0
"ZNF865",0
"ZNF784",0
"ZNF580",0
"ZNF581",0
"CCDC106",0
"U2AF2",0
"CTD-2537I9.12",0
"CTD-2537I9.13",0
"EPN1",0
"AC010525.4",0
"AC010525.6",0
"AC010525.7",0
"AC010525.5",0
"CTD-2611O12.6",0
"NLRP9",0
"CTD-2611O12.7",0
"NLRP11",0
"NLRP4",0
"CTD-2621I17.6",0
"ZNF787",0
"ZNF444",0
"AC024580.1",0
"GALP",0
"ZSCAN5B",0
"ZSCAN5C",0
"CTD-2086L14.1",0
"ZSCAN5A",0
"ZSCAN5D",0
"AC006116.20",0
"AC006116.19",0
"AC006116.17",0
"VN2R17P",0
"AC006116.22",0
"AC006116.13",0
"AC006116.15",0
"AC006116.21",0
"ZNF542",0
"ZNF582",0
"AC006116.24",0
"SLC25A36P1",0
"AC006116.12",0
"ZNF582-AS1",0
"AC006116.1",0
"ZNF583",0
"ZNF667",0
"ZNF667-AS1",0
"ZNF471",0
"AC005498.4",0
"AC005498.3",0
"ZFP28",0
"AC007228.11",0
"ZNF470",0
"SIGLEC31P",0
"ZNF71",0
"SMIM17",0
"AC007228.5",0
"AC007228.9",0
"ZIM2",0
"PEG3",0
"MIMT1",0
"CTC-360J11.4",0
"ZNF264",0
"AURKC",0
"ZNF805",0
"CTC-444N24.8",0
"CTC-444N24.6",0
"ZNF460",0
"CTC-444N24.11",0
"ZNF543",0
"CTC-444N24.13",0
"ZNF304",0
"ZNF547",0
"TRAPPC2P1",0
"ZNF548",0
"AC003002.6",0
"AC004076.7",0
"ZNF17",0
"ZNF749",0
"AC004076.9",0
"VN1R1",0
"VN1R107P",0
"ZNF772",0
"AC003005.2",0
"ZNF419",0
"ZNF773",0
"ZNF549",0
"ZNF550",0
"ZNF416",0
"ZIK1",0
"ZNF530",0
"ZNF211",0
"AC003682.17",0
"ZSCAN4",0
"ZNF551",0
"AC004017.1",0
"ZNF154",0
"ZNF671",0
"AC003006.1",0
"ZNF776",0
"ZNF586",0
"ZNF552",0
"ZNF587B",0
"AC010522.1",0
"ZNF814",0
"ZNF587",0
"CTD-2583A14.8",0
"CTD-2583A14.11",0
"ZNF418",0
"ZNF256",0
"CTD-2583A14.1",0
"C19orf18",0
"ZNF606",0
"CTD-2368P22.1",0
"VN2R19P",0
"ZSCAN1",0
"LETM1P2",0
"HNRNPDLP4",0
"RN7SL526P",0
"ZSCAN18",0
"ZNF329",0
"CTD-2619J13.1",0
"ZNF274",0
"RPS15AP36",0
"AC020915.2",0
"ZNF544",0
"CTD-3138B18.4",0
"CTD-3138B18.5",0
"CTD-3138B18.6",0
"ZNF8",0
"AC010642.1",0
"ERVK3-1",0
"AC010642.2",0
"A1BG",0
"CTD-2619J13.8",0
"A1BG-AS1",0
"ZNF497",0
"CTD-2619J13.9",0
"CTD-2619J13.3",0
"RNA5SP473",0
"ZNF837",0
"RPS5",0
"MIR4754",0
"AC012313.1",0
"CTD-2619J13.13",0
"ZNF584",0
"CTD-2619J13.14",0
"CTD-2619J13.16",0
"CTD-2619J13.19",0
"ZNF324",0
"ZNF446",0
"SLC27A5",0
"RNU6-1337P",0
"ZBTB45",0
"TRIM28",0
"CHMP2A",0
"UBE2M",0
"AC016629.8",0
"MZF1",0
"CENPBD1P1",0
"AC016629.3",0
"SRY",0
"TOMM22P2",0
"RPS4Y1",0
"HSFY3P",0
"NAP1L1P2",0
"ZFY",0
"ZFY-AS1",0
"LINC00278",0
"AC012078.2",0
"UBE2V1P3",0
"PCDH11Y",0
"RNU2-57P",0
"VDAC1P6",0
"EIF4A1P2",0
"KRT18P10",0
"AMELY",0
"TBL1Y",0
"GPR143P",0
"PRKY",0
"TTTY16",0
"RFTN1P1",0
"ZNF92P1Y",0
"ZNF736P9Y",0
"AC010970.2",0
"RNA5-8SP6",0
"RP1-85D24.1",0
"ARSFP1",0
"FAM8A4P",0
"ARSEP1",0
"ARSDP1",0
"GYG2P1",0
"TTTY15",0
"USP9Y",0
"CDY4P",0
"DDX3Y",0
"SFPQP1",0
"TAB3P1",0
"DPPA2P1",0
"UTY",0
"PSMA6P1",0
"TMSB4Y",0
"KALP",0
"NLGN4Y",0
"AGKP1",0
"NLGN4Y-AS1",0
"FAM224B",0
"FAM224A",0
"USP9YP14",0
"AC022486.1",0
"HSFY2",0
"USP9YP28",0
"TTTY14",0
"ZNF839P1",0
"CD24P4",0
"RNU6-255P",0
"BCORP1",0
"TXLNG2P",0
"RP11-576C2.1",0
"RP11-424G14.1",0
"KDM5D",0
"TTTY10",0
"EIF1AY",0
"PPP1R12BP2",0
"REREP1Y",0
"GOLGA2P3Y",0
"AC006328.9",0
"GOLGA6L16P",0
"PPP1R12BP1",0
"ANKRD36P1",0
"TPTE2P4",0
"CYCSP49",0
"SLC25A15P1",0
"FAM58CP",0
"AP000525.9",0
"TPTEP1",0
"XKR3",0
"AC007064.24",0
"GAB4",0
"CECR7",0
"AC006946.16",0
"IL17RA",0
"AC006946.12",0
"CECR6",0
"AC006946.15",0
"CECR5",0
"CECR5-AS1",0
"CECR1",0
"AC005300.5",0
"CECR2",0
"AC004019.10",0
"CLCP1",0
"SLC25A18",0
"AC004019.13",0
"ATP6V1E1",0
"BCL2L13",0
"BID",0
"MIR3198-1",0
"LINC00528",0
"MICAL3",0
"XXbac-B461K10.4",0
"MIR648",0
"XXbac-B476C20.14",0
"XXbac-B476C20.13",0
"RHEBP3",0
"XXbac-B476C20.9",0
"PEX26",0
"XXbac-B476C20.11",0
"TUBA8",0
"USP18",0
"AC008079.9",0
"GGT3P",0
"AC008132.12",0
"AC008132.13",0
"DGCR6",0
"PRODH",0
"DGCR5",0
"AC007326.9",0
"DGCR9",0
"DGCR10",0
"CA15P1",0
"DGCR2",0
"DGCR11",0
"AC004461.4",0
"AC004471.9",0
"AC004471.10",0
"TSSK1A",0
"DGCR14",0
"GSC2",0
"AC004463.6",0
"SLC25A1",0
"CLTCL1",0
"KRT18P62",0
"C22orf39",0
"MRPL40",0
"AC000068.5",0
"UFD1L",0
"AC000068.10",0
"CDC45",0
"CLDN5",0
"AC000067.1",0
"SEPT5",0
"TBX1",0
"GNB1L",0
"AC000089.3",0
"C22orf29",0
"TXNRD2",0
"AC000078.5",0
"COMT",0
"ARVCF",0
"TANGO2",0
"AC006547.13",0
"DGCR8",0
"TRMT2A",0
"RANBP1",0
"ZDHHC8",0
"AC006547.14",0
"LINC00896",0
"RTN4R",0
"MIR1286",0
"XXbac-B444P24.10",0
"DGCR6L",0
"XXbac-B444P24.13",0
"XXbac-B444P24.14",0
"XXbac-B33L19.4",0
"GGTLC3",0
"AC023490.2",0
"AC023490.1",0
"PI4KAP1",0
"RIMBP3",0
"FAM230A",0
"USP41",0
"ZNF74",0
"SCARF2",0
"KLHL22",0
"XXbac-B562F10.11",0
"KLHL22-IT1",0
"RN7SL812P",0
"KRT18P5",0
"MED15",0
"AC007050.17",0
"SMPD4P1",0
"ABHD17AP4",0
"POM121L4P",0
"BCRP5",0
"TMEM191A",0
"PI4KA",0
"AC007308.6",0
"SERPIND1",0
"SNAP29",0
"XXbac-B135H6.15",0
"AIFM3",0
"LZTR1",0
"XXbac-B135H6.18",0
"THAP7",0
"THAP7-AS1",0
"AC002472.1",0
"P2RX6",0
"SLC7A4",0
"P2RX6P",0
"AC002472.13",0
"BCRP2",0
"KB-1592A4.15",0
"POM121L7",0
"KB-1592A4.13",0
"FAM230B",0
"KB-1592A4.14",0
"GGT2",0
"KB-1183D5.9",0
"BCRP6",0
"RIMBP3B",0
"HIC2",0
"PI4KAP2",0
"RIMBP3C",0
"UBE2L3",0
"YDJC",0
"CCDC116",0
"KB-1440D3.14",0
"SDF2L1",0
"KB-1440D3.13",0
"YPEL1",0
"RN7SL280P",0
"MAPK1",0
"RNA5SP493",0
"KB-1027C11.4",0
"PPM1F",0
"LL22NC03-86G7.1",0
"TOP3B",0
"TOP3BP1",0
"LL22NC03-2H8.5",0
"LL22NC03-2H8.4",0
"BMS1P20",0
"LL22NC03-80A10.6",0
"IGLV5-52",0
"IGLV1-51",0
"IGLV1-50",0
"LL22NC03-80A10.11",0
"IGLV9-49",0
"IGLV7-46",0
"IGLV7-43",0
"ZNF280B",0
"ZNF280A",0
"PRAME",0
"GGTLC2",0
"RTDR1",0
"GNAZ",0
"AC000029.1",0
"RAB36",0
"BCR",0
"BCRP8",0
"RN7SL263P",0
"FBXW4P1",0
"AP000343.1",0
"AP000343.2",0
"CES5AP1",0
"ZDHHC8P1",0
"KB-1269D1.8",0
"AP000344.3",0
"AP000344.4",0
"AP000345.1",0
"AP000345.4",0
"IGLL1",0
"KB-208E9.1",0
"C22orf43",0
"KB-1572G7.3",0
"GUSBP11",0
"AP000347.4",0
"ASLP1",0
"KB-1572G7.2",0
"AP000347.2",0
"RGL4",0
"LL22NC03-N27C7.1",0
"ZNF70",0
"VPREB3",0
"C22orf15",0
"CHCHD10",0
"MMP11",0
"SMARCB1",0
"DERL3",0
"KB-1125A3.11",0
"SLC2A11",0
"RN7SL268P",0
"MIF",0
"AP000350.4",0
"GSTT2B",0
"DDTL",0
"DDT",0
"AP000351.8",0
"AP000351.10",0
"KB-226F1.1",0
"GSTTP2",0
"CABIN1",0
"KB-318B8.7",0
"SUSD2",0
"GGT5",0
"AP000354.4",0
"POM121L9P",0
"BCRP1",0
"AP000354.2",0
"SPECC1L",0
"ADORA2A",0
"ADORA2A-AS1",0
"UPB1",0
"AP000355.2",0
"GUCD1",0
"SNRPD3",0
"GGT1",0
"FAM211B",0
"AP000356.2",0
"BCRP3",0
"POM121L10P",0
"AP000356.1",0
"ARL5AP4",0
"AP000357.4",0
"PIWIL3",0
"SGSM1",0
"TMEM211",0
"KIAA1671",0
"CTA-221G9.11",0
"CTA-221G9.10",0
"CRYBB3",0
"CRYBB2",0
"RP3-462D8.2",0
"IGLL3P",0
"CTA-246H3.8",0
"CTA-246H3.11",0
"LRP5L",0
"CTA-246H3.12",0
"CTA-390C10.9",0
"IGLVIVOR22-1",0
"CRYBB2P1",0
"CTA-390C10.10",0
"AL008721.1",0
"CTA-407F11.8",0
"ADRBK2",0
"CTA-407F11.6",0
"RNA5SP494",0
"MYO18B",0
"CTA-796E4.3",0
"CTA-796E4.4",0
"SEZ6L",0
"RP11-259P1.1",0
"ASPHD2",0
"HPS4",0
"SRRD",0
"TFIP11",0
"CTA-445C9.14",0
"CTA-445C9.15",0
"TPST2",0
"HMGB1P10",0
"CRYBB1",0
"CRYBA4",0
"ISCA2P1",0
"MIAT",0
"CTA-373H7.7",0
"CTA-211A9.5",0
"RP1-90L6.2",0
"RP1-40G4P.1",0
"RP1-90L6.3",0
"CTA-992D9.6",0
"CTA-992D9.7",0
"CTA-503F6.2",0
"RP5-1172A22.1",0
"CTA-929C8.7",0
"CTA-929C8.6",0
"RP1-213J1P__B.1",0
"RP1-213J1P__B.2",0
"RP11-375H17.1",0
"MN1",0
"PITPNB",0
"TTC28-AS1",0
"TTC28",0
"CHEK2",0
"HSCB",0
"CCDC117",0
"XBP1",0
"CTA-292E10.6",0
"CTA-292E10.8",0
"ZNRF3",0
"ZNRF3-AS1",0
"KREMEN1",0
"CTA-747E2.10",0
"EMID1",0
"RHBDD3",0
"CTA-984G1.5",0
"EWSR1",0
"GAS2L1",0
"RASL10A",0
"AC002059.10",0
"AP1B1",0
"SNORD125",0
"RFPL1S",0
"NEFH",0
"THOC5",0
"NIPSNAP1",0
"RPEP4",0
"RP1-76B20.11",0
"CABP7",0
"ZMAT5",0
"UQCR10",0
"ASCC2",0
"MTMR3",0
"CTA-85E5.10",0
"CNN2P1",0
"HORMAD2",0
"LIF",0
"RP1-102K2.8",0
"OSM",0
"GATSL3",0
"TBC1D10A",0
"SF3A1",0
"CCDC157",0
"RP1-130H16.16",0
"RNF215",0
"SEC14L2",0
"KIAA1658",0
"RP4-539M6.20",0
"RNU6-564P",0
"RP4-539M6.21",0
"MTFP1",0
"SEC14L3",0
"SEC14L4",0
"SEC14L6",0
"SIRPAP1",0
"GAL3ST1",0
"RP1-56J10.8",0
"TCN2",0
"SLC35E4",0
"DUSP18",0
"CTA-963H5.5",0
"OSBP2",0
"EIF4HP2",0
"MORC2-AS1",0
"MORC2",0
"TUG1",0
"SMTN",0
"RP3-412A9.16",0
"SELM",0
"RP3-412A9.12",0
"INPP5J",0
"PLA2G3",0
"RNF185",0
"LIMK2",0
"PIK3IP1",0
"RP3-400N23.6",0
"PATZ1",0
"AC005003.1",0
"DRG1",0
"EIF4ENIF1",0
"SFI1",0
"RP11-247I13.3",0
"PISD",0
"PRR14L",0
"DEPDC5",0
"CTA-440B3.1",0
"C22orf24",0
"YWHAH",0
"SC22CB-1E7.1",0
"SLC5A1",0
"RP1-127L4.7",0
"C22orf42",0
"RFPL2",0
"IGLCOR22-1",0
"RP1-90G24.10",0
"SLC5A4",0
"CPSF1P1",0
"RP1-90G24.6",0
"RP1-90G24.11",0
"RP1-149A16.12",0
"RFPL3",0
"RFPL3S",0
"RP1-149A16.3",0
"IGLVIVOR22-2",0
"RP1-149A16.17",0
"RP1-149A16.16",0
"RTCB",0
"BPIFC",0
"FBXO7",0
"SYN3",0
"LL22NC03-104C7.1",0
"LL22NC01-116C6.1",0
"TIMP3",0
"Z73979.1",0
"CTA-415G2.2",0
"RP1-302D9.1",0
"RP1-302D9.2",0
"RP1-302D9.5",0
"LARGE",0
"SC22CB-1D7.1",0
"LARGE-IT1",0
"LARGE-AS1",0
"LL22NC03-32F9.1",0
"RP1-288L1.5",0
"RP1-288L1.4",0
"ISX",0
"CTA-714B7.5",0
"HMGXB4",0
"RP3-510H16.3",0
"TOM1",0
"HMOX1",0
"MCM5",0
"RP4-569D19.5",0
"RP4-569D19.8",0
"RASD2",0
"MB",0
"APOL6",0
"APOL5",0
"RBFOX2",0
"NDUFA9P1",0
"APOL3",0
"APOL4",0
"APOL2",0
"APOL1",0
"MYH9",0
"RP4-633O19__A.1",0
"RPS15AP38",0
"RP5-1119A7.14",0
"TXN2",0
"FOXRED2",0
"EIF3D",0
"RP5-1119A7.11",0
"RP5-1119A7.10",0
"RP5-1119A7.17",0
"RP1-293L6.1",0
"PVALB",0
"CSF2RB",0
"TST",0
"MPST",0
"KCTD17",0
"TMPRSS6",0
"IL2RB",0
"C1QTNF6",0
"SSTR3",0
"RAC2",0
"CYTH4",0
"RP1-63G5.5",0
"RP1-63G5.7",0
"ELFN2",0
"CARD10",0
"RP5-1177I5.3",0
"CDC42EP1",0
"LGALS2",0
"GGA1",0
"SH3BP1",0
"Z83844.1",0
"PDXP",0
"RN7SL385P",0
"LGALS1",0
"NOL12",0
"TRIOBP",0
"GCAT",0
"GALR3",0
"ANKRD54",0
"MIR659",0
"EIF3L",0
"RNU6-900P",0
"MICALL1",0
"C22orf23",0
"RP5-1039K5.17",0
"POLR2F",0
"SOX10",0
"MIR4534",0
"RP5-1039K5.16",0
"PICK1",0
"SLC16A8",0
"BAIAP2L2",0
"CTA-228A9.3",0
"PLA2G6",0
"MAFF",0
"TMEM184B",0
"RP1-5O6.5",0
"RN7SL704P",0
"CSNK1E",0
"RP3-449O17.1",0
"RP1-5O6.4",0
"KCNJ4",0
"KDELR3",0
"DDX17",0
"DMC1",0
"FAM227A",0
"CBY1",0
"RP3-508I15.10",0
"RP3-508I15.9",0
"TOMM22",0
"JOSD1",0
"GTPBP1",0
"PRDX3P1",0
"SUN2",0
"RP3-508I15.19",0
"RP3-508I15.20",0
"RP3-508I15.14",0
"RP3-508I15.21",0
"RP3-508I15.22",0
"DNAL4",0
"NPTXR",0
"CBX6",0
"CTA-150C2.13",0
"APOBEC3A",0
"APOBEC3B",0
"APOBEC3B-AS1",0
"APOBEC3C",0
"APOBEC3D",0
"APOBEC3F",0
"APOBEC3G",0
"APOBEC3H",0
"CBX7",0
"PDGFB",0
"RP3-333H23.8",0
"RPL3",0
"SNORD83A",0
"SYNGR1",0
"TAB1",0
"MGAT3",0
"RP5-1104E15.6",0
"MIEF1",0
"ATF4",0
"RPS19BP1",0
"CACNA1I",0
"ENTHD1",0
"RP1-172B20.6",0
"UQCRFS1P1",0
"GRAP2",0
"FAM83F",0
"RP3-496C20.1",0
"TNRC6B",0
"RPL7P52",0
"ADSL",0
"SGSM3",0
"RP5-1042K10.10",0
"MKL1",0
"RP5-1042K10.13",0
"RP5-1042K10.12",0
"RP4-591N18.2",0
"AL031594.1",0
"RPL4P6",0
"GAPDHP37",0
"MCHR1",0
"RP3-408N23.4",0
"JTBP1",0
"MIR4766",0
"ST13",0
"XPNPEP3",0
"DNAJB7",0
"RBX1",0
"RP11-12M9.3",0
"RP11-12M9.4",0
"EP300",0
"RNU6-375P",0
"RP1-85F18.6",0
"RP1-85F18.5",0
"L3MBTL2",0
"RP4-756G23.5",0
"CHADL",0
"RANGAP1",0
"AL035681.1",0
"ZC3H7B",0
"TEF",0
"CTA-223H9.9",0
"PHF5A",0
"ACO2",0
"POLR3H",0
"CSDC2",0
"PMM1",0
"DESI1",0
"XRCC6",0
"NHP2L1",0
"RNU6-476P",0
"C22orf46",0
"MEI1",0
"CCDC134",0
"SREBF2",0
"SHISA8",0
"CTA-250D10.23",0
"MIR378I",0
"TNFRSF13C",0
"CENPM",0
"LINC00634",0
"SEPT3",0
"CTA-250D10.19",0
"WBP2NL",0
"NAGA",0
"FAM109B",0
"SMDT1",0
"NDUFA6",0
"RP1-257I20.14",0
"NDUFA6-AS1",0
"OLA1P1",0
"CYP2D6",0
"RP4-669P10.19",0
"RP4-669P10.16",0
"CYP2D7P",0
"CYP2D8P",0
"TCF20",0
"Z83851.3",0
"Z83851.4",0
"CTA-989H11.1",0
"Z83851.1",0
"NFAM1",0
"CTA-126B4.7",0
"SERHL",0
"Z93241.1",0
"SERHL2",0
"RRP7B",0
"RN7SKP80",0
"POLDIP3",0
"RNU12",0
"CYB5R3",0
"ATP5L2",0
"A4GALT",0
"RPL5P34",0
"ARFGAP3",0
"PACSIN2",0
"AL022476.2",0
"TTLL1",0
"BIK",0
"MCAT",0
"TSPO",0
"TTLL12",0
"SCUBE1",0
"Z82214.3",0
"Z82214.2",0
"Z99756.1",0
"RP4-754E20__A.5",0
"MPPED1",0
"EFCAB6-AS1",0
"EFCAB6",0
"RP3-388M5.9",0
"SULT4A1",0
"PNPLA5",0
"Z97055.1",0
"PNPLA3",0
"SAMM50",0
"RP4-796I17.5",0
"PARVB",0
"PARVG",0
"KIAA1644",0
"LDOC1L",0
"PRR5",0
"PRR5-ARHGAP8",0
"ARHGAP8",0
"PHF21B",0
"RP1-127B20.4",0
"RP4-753M9.1",0
"CTA-217C2.1",0
"CTA-217C2.2",0
"NUP50",0
"CTA-268H5.12",0
"KIAA0930",0
"MIR1249",0
"CTA-268H5.14",0
"UPK3A",0
"FAM118A",0
"SMC1B",0
"RIBC2",0
"RP1-102D24.5",0
"FBLN1",0
"CTA-941F9.9",0
"ATXN10",0
"RP1-37M3.8",0
"WI2-85898F10.1",0
"WNT7B",0
"CITF22-92A6.1",0
"LINC00899",0
"RP6-109B7.3",0
"RP6-109B7.4",0
"PPARA",0
"CDPF1",0
"PKDREJ",0
"TTC38",0
"GTSE1",0
"TRMU",0
"CELSR1",0
"RP3-439F8.1",0
"GRAMD4",0
"CERK",0
"CTA-29F11.1",0
"TBC1D22A",0
"CITF22-49D8.1",0
"FAM19A5",0
"CTA-299D3.8",0
"AL954742.1",0
"WI2-81516E3.1",0
"C22orf34",0
"RP5-983L19.2",0
"BRD1",0
"RP3-522J7.5",0
"RP3-522J7.6",0
"ZBED4",0
"ALG12",0
"CITF22-1A6.3",0
"CRELD2",0
"PIM3",0
"IL17REL",0
"TTLL8",0
"MLC1",0
"MOV10L1",0
"PANX2",0
"TRABD",0
"RP3-402G11.25",0
"RP3-402G11.26",0
"SELO",0
"RP3-402G11.27",0
"RP3-402G11.28",0
"TUBGCP6",0
"HDAC10",0
"MAPK12",0
"MAPK11",0
"PLXNB2",0
"DENND6B",0
"XX-C283C717.1",0
"PPP6R2",0
"SBF1",0
"ADM2",0
"MIOX",0
"LMF2",0
"NCAPH2",0
"SCO2",0
"CTA-384D8.36",0
"TYMP",0
"ODF3B",0
"KLHDC7B",0
"SYCE3",0
"CPT1B",0
"CHKB",0
"CHKB-AS1",0
"CTA-384D8.33",0
"MAPK8IP2",0
"ARSA",0
"SHANK3",0
"RNU6-409P",0
"AC000036.4",0
"ACR",0
"AC002056.5",0
"AC002056.3",0
"RPL23AP82",0
"RABL2B",0
"MIR3648",0
"MIR3687",0
"TEKT4P2",0
"CR381653.1",0
"ZNF355P",0
"ANKRD30BP1",0
"FEM1AP1",0
"TERF1P1",0
"CYP4F29P",0
"SNX18P13",0
"ANKRD20A11P",0
"RHOT1P2",0
"AP001347.6",0
"ANKRD20A18P",0
"RNA5SP488",0
"LIPI",0
"RBM11",0
"ABCC13",0
"HSPA13",0
"SAMSN1",0
"SAMSN1-AS1",0
"AF165138.7",0
"AF127936.3",0
"POLR2CP",0
"AF127936.5",0
"GAPDHP16",0
"AF127936.7",0
"RBMX2P1",0
"AF127577.8",0
"NRIP1",0
"AF127577.11",0
"AF127577.12",0
"AJ006998.2",0
"USP25",0
"LINC00478",0
"AP001172.2",0
"AP001172.3",0
"AP000962.2",0
"MIR125B2",0
"AP000473.5",0
"AP000473.8",0
"C21orf37",0
"RPL39P40",0
"CXADR",0
"BTF3L4P1",0
"BTG3",0
"C21orf91-OT1",0
"C21orf91",0
"AL109761.5",0
"CHODL",0
"TMPRSS15",0
"AL109763.2",0
"PPIAP22",0
"AP000568.2",0
"AP001171.1",0
"NCAM2",0
"AP001136.2",0
"AP000472.2",0
"AP000459.4",0
"RPL13AP7",0
"LINC00158",0
"AP000221.1",0
"MIR155HG",0
"LINC00515",0
"MRPL39",0
"JAM2",0
"RNGTTP1",0
"ATP5J",0
"GABPA",0
"APP",0
"RNU6-123P",0
"AP001439.2",0
"AP000230.1",0
"AP001596.6",0
"AP001597.1",0
"KB-1466C5.1",0
"CYYR1",0
"ADAMTS1",0
"AP001601.2",0
"ADAMTS5",0
"AL035610.1",0
"AL035610.2",0
"AF131217.1",0
"LINC00161",0
"N6AMT1",0
"HSPD1P7",0
"LTN1",0
"RPL23P2",0
"RP1-100J12.1",0
"USP16",0
"CCT8",0
"AF129075.5",0
"MAP3K7CL",0
"LINC00189",0
"BACH1",0
"BACH1-IT1",0
"AP000240.9",0
"BACH1-AS1",0
"BACH1-IT2",0
"BACH1-IT3",0
"GRIK1",0
"RP11-313P22.1",0
"GRIK1-AS1",0
"KRTAP13-4",0
"TIAM1",0
"AP000563.2",0
"AP000251.3",0
"FBXW11P1",0
"AP000253.1",0
"SOD1",0
"AP000254.8",0
"SCAF4",0
"AP000255.6",0
"TPT1P1",0
"HUNK",0
"HUNK-AS1",0
"LINC00159",0
"AP000265.1",0
"MIS18A",0
"MIS18A-AS1",0
"MRAP",0
"AP000266.7",0
"URB1",0
"RN7SL109P",0
"SNORA80",0
"C21orf119",0
"EVA1C",0
"EXOSC3P1",0
"RNA5SP490",0
"LINC00846",0
"TCP10L",0
"C21orf59",0
"SYNJ1",0
"PAXBP1-AS1",0
"PAXBP1",0
"C21orf49",0
"C21orf62",0
"AP000282.2",0
"AP000282.3",0
"OLIG2",0
"LINC00945",0
"OLIG1",0
"IFNAR2",0
"IL10RB-AS1",0
"IL10RB",0
"AP000295.10",0
"IFNAR1",0
"IFNGR2",0
"TMEM50B",0
"AP000302.58",0
"DNAJC28",0
"GART",0
"BTF3P6",0
"SON",0
"DONSON",0
"AP000304.1",0
"CRYZL1",0
"ITSN1",0
"ATP5O",0
"LINC00649",0
"AP000569.9",0
"MRPS6",0
"SLC5A3",0
"AP000320.7",0
"RPS5P2",0
"LINC00310",0
"AP000318.2",0
"KCNE2",0
"SMIM11",0
"C21orf140",0
"CMP21-97G8.1",0
"AP000322.53",0
"CMP21-97G8.2",0
"KCNE1",0
"RCAN1",0
"CLIC6",0
"AP000330.8",0
"RUNX1",0
"EZH2P1",0
"AP000688.8",0
"RPL23AP3",0
"AP000688.1",0
"SETD4",0
"RIMKLBP1",0
"AP000688.11",0
"AP000688.14",0
"CBR1",0
"AP000688.29",0
"MEMO1P1",0
"CBR3-AS1",0
"CBR3",0
"DOPEY2",0
"RPL3P1",0
"SRSF9P1",0
"AP000692.10",0
"MORC3",0
"AP000692.9",0
"CHAF1B",0
"AP000697.6",0
"HLCS",0
"HLCS-IT1",0
"AP000704.5",0
"RIPPLY3",0
"RNU6-696P",0
"PIGP",0
"TTC3",0
"AP001429.1",0
"DSCR9",0
"RN7SL678P",0
"AP001432.14",0
"AP001412.1",0
"AP001437.1",0
"DYRK1A",0
"KCNJ6",0
"KCNJ6-IT1",0
"KCNJ15",0
"ERG",0
"ETS2",0
"AF064858.6",0
"AF064858.7",0
"AF064858.8",0
"AF064858.11",0
"AF064858.10",0
"PCBP2P1",0
"PSMG1",0
"BRWD1",0
"TIMM9P2",0
"BRWD1-IT1",0
"BRWD1-IT2",0
"BRWD1-AS1",0
"HMGN1",0
"LCA5L",0
"SH3BGR",0
"B3GALT5",0
"C21orf88",0
"AF064860.5",0
"AF064860.7",0
"IGSF5",0
"PCP4",0
"DSCAM",0
"DSCAM-IT1",0
"LINC00323",0
"BACE2",0
"PLAC4",0
"FAM3B",0
"MX2",0
"MX1",0
"TMPRSS2",0
"LINC00479",0
"RIPK4",0
"PRDM15",0
"AP001619.3",0
"AP001619.2",0
"C2CD2",0
"ZBTB21",0
"ZNF295-AS1",0
"UMODL1",0
"ABCG1",0
"AP001623.1",0
"TFF3",0
"TMPRSS3",0
"UBASH3A",0
"RSPH1",0
"SLC37A1",0
"AP001625.6",0
"AP001626.2",0
"PDE9A",0
"AP001627.1",0
"AP001628.7",0
"WDR4",0
"NDUFV3",0
"ERVH48-1",0
"MIR5692B",0
"AP001630.5",0
"PKNOX1",0
"CBS",0
"U2AF1",0
"MRPL51P2",0
"AP001631.9",0
"AP001631.10",0
"CRYAA",0
"AP001046.5",0
"SIK1",0
"LINC00319",0
"LINC00313",0
"HSF2BP",0
"H2BFS",0
"RRP1B",0
"PDXK",0
"CSTB",0
"TMEM97P1",0
"RRP1",0
"AP001053.11",0
"MYL6P1",0
"AGPAT3",0
"TRAPPC10",0
"H2AFZP1",0
"PWP2",0
"C21orf33",0
"AP001055.6",0
"AP001055.1",0
"AP001056.1",0
"AP001057.1",0
"AP001058.3",0
"ICOSLG",0
"DNMT3L",0
"AIRE",0
"PFKL",0
"C21orf2",0
"AP001062.7",0
"TRPM2",0
"AP001065.2",0
"LRRC3-AS1",0
"LRRC3",0
"LRRC3DN",0
"AP001065.7",0
"MTND6P21",0
"MTND5P1",0
"AP001065.15",0
"TSPEAR",0
"TSPEAR-AS1",0
"C21orf90",0
"KRTAP10-2",0
"KRTAP10-6",0
"KRTAP10-7",0
"UBE2G2",0
"AL773604.8",0
"SUMO3",0
"ITGB2",0
"ITGB2-AS1",0
"LL21NC02-1C16.1",0
"C21orf67",0
"LL21NC02-1C16.2",0
"FAM207A",0
"LINC00163",0
"SSR4P1",0
"AP001579.1",0
"ADARB1",0
"PRED57",0
"PRED58",0
"LINC00334",0
"POFUT2",0
"BX322557.10",0
"LINC00205",0
"LINC00315",0
"COL18A1",0
"COL18A1-AS2",0
"COL18A1-AS1",0
"SLC19A1",0
"AL133493.2",0
"PCBP3",0
"PRED60",0
"AL592528.1",0
"PRED62",0
"COL6A1",0
"AP001476.2",0
"AP001471.1",0
"COL6A2",0
"FTCD",0
"FTCD-AS1",0
"SPATC1L",0
"AP001468.58",0
"AP001468.1",0
"AP001469.5",0
"MCM3AP-AS1",0
"MCM3AP",0
"AP001469.7",0
"AP001469.9",0
"YBEY",0
"C21orf58",0
"PCNT",0
"RPL18AP2",0
"DIP2A",0
"DIP2A-IT1",0
"S100B",0
"PRMT2",0
"RPL23AP4",0
"MT-TF",0
"MT-RNR1",0
"MT-TV",0
"MT-RNR2",0
"MT-TL1",0
"MT-ND1",0
"MT-ND2",0
"MT-TA",0
"MT-TN",0
"MT-TC",0
"MT-CO1",0
"MT-CO2",0
"MT-TK",0
"MT-ATP6",0
"MT-ND3",0
"MT-TR",0
"MT-ND4L",0
"MT-ND4",0
"MT-ND5",0
"MT-TE",0
"MT-CYB",0
"MT-TP",0
"AC004812.1",-1.24999999999975e-06
"UNC13B",-1.89933523266861e-06
"DNAJC5",-3.96825396825395e-06
"RN7SL821P",-4.53514739229011e-06
"RP11-357C3.3",-5.00000000000012e-06
"ZNF878",-5.71428571428556e-06
"LCA10",-5.71428571428578e-06
"TMEM14C",-6.04686318972036e-06
"RAD51D",-6.94444444444442e-06
"HDGF",-1.25588697017267e-05
"SECISBP2",-1.31687242798355e-05
"LRRC37A4P",-1.38888888888888e-05
"GSTT2",-1.5625e-05
"SLITRK2",-1.65079365079366e-05
"TPM1",-1.78571428571428e-05
"RAD52",-1.7857142857143e-05
"SCGB2B3P",-1.83333333333333e-05
"NDUFV1",-1.875e-05
"NHLRC1",-2.00617283950617e-05
"COX6A1",-2.00892857142858e-05
"RP11-543B16.2",-2.10526315789474e-05
"RP11-455F5.4",-2.27272727272725e-05
"HSPA4",-2.33196159122084e-05
"MAP3K10",-2.53333333333332e-05
"LGALS8",-2.62345679012346e-05
"KRBA1",-2.79835390946501e-05
"ROBO3",-2.79835390946503e-05
"FLOT1",-3.125e-05
"FAM13C",-3.125e-05
"FTSJ1",-3.13492063492065e-05
"CPEB2-AS1",-3.15500685871057e-05
"DUSP4",-3.17460317460319e-05
"RP5-1057J7.6",-3.2069970845481e-05
"ZNF230",-3.24074074074074e-05
"RPL13A",-3.34821428571428e-05
"L1TD1",-3.3482142857143e-05
"C7orf55",-3.38461538461539e-05
"MC4R",-3.39610389610392e-05
"RABGEF1",-3.50877192982457e-05
"FBN3",-3.53741496598641e-05
"GNAO1",-3.57142857142856e-05
"LIN9",-3.85487528344672e-05
"U2AF1L4",-4.16666666666667e-05
"NDUFA4L2",-4.27350427350428e-05
"PQBP1",-4.32172869147658e-05
"EMC7",-4.42176870748299e-05
"PTGFRN",-4.53850676072902e-05
"MIR125B1",-4.54545454545454e-05
"TOB2",-4.6477850399419e-05
"PCAT6",-4.79999999999998e-05
"RP11-165E7.1",-4.83749055177627e-05
"FANCD2",-4.93827160493827e-05
"RP5-850E9.3",-5.09259259259258e-05
"MTPAP",-5.12820512820513e-05
"OR7E13P",-5.14705882352942e-05
"KIAA0355",-5.22875816993462e-05
"RP11-53B2.4",-5.22875816993464e-05
"AL161645.2",-5.31813865147199e-05
"RNU1-106P",-5.46875e-05
"RP11-16F15.2",-5.80219780219782e-05
"RUFY1",-5.83333333333333e-05
"RBMS2P1",-5.83333333333333e-05
"HMBOX1",-5.92592592592593e-05
"SNRPEP4",-5.95238095238098e-05
"C16orf54",-5.99647266313934e-05
"DDX39B",-6.12244897959184e-05
"SEPT9",-6.17283950617282e-05
"TRAIP",-6.25e-05
"C5orf55",-6.25e-05
"SEPT12",-6.25e-05
"C3orf83",-6.41399416909623e-05
"RP11-353N4.3",-6.5359477124183e-05
"C6orf211",-6.66666666666667e-05
"MAP4K5",-6.96278511404562e-05
"RP11-439A17.7",-6.99404761904763e-05
"NAT1",-7.03125e-05
"ZNF559",-7.05357142857144e-05
"BBS10",-7.07818930041151e-05
"WDR46",-7.14285714285714e-05
"TP53BP1",-7.33333333333333e-05
"TMEM120A",-7.4074074074074e-05
"ROGDI",-7.4074074074074e-05
"TSPAN31",-7.52941176470587e-05
"HES1",-7.53532182103609e-05
"HIATL2",-7.84929356357928e-05
"HRASLS2",-7.93650793650795e-05
"CTD-2301A4.3",-8.00000000000001e-05
"ALPL",-8.33333333333335e-05
"CYCSP8",-8.53333333333335e-05
"RP13-494C23.1",-8.8235294117647e-05
"PNMA3",-8.8235294117647e-05
"UPF3B",-8.8888888888889e-05
"RP11-452L6.1",-8.92857142857144e-05
"TMEM37",-9.14351851851851e-05
"PHF3",-9.21810699588477e-05
"DIAPH1",-9.23076923076924e-05
"AC084010.1",-9.375e-05
"LIPA",-9.375e-05
"FTLP3",-9.375e-05
"SLC6A11",-9.44081336238198e-05
"WDR92",-9.5703125e-05
"STARD4",-9.5703125e-05
"RP11-507M3.1",-9.62099125364431e-05
"PAPD7",-9.79591836734692e-05
"AC104135.3",-9.84615384615384e-05
"SPRN",-9.87654320987654e-05
"ZBTB7A",-1e-04
"FHAD1",-0.000100907029478458
"ZNF717",-0.0001015625
"CTA-221G9.7",-0.000102692307692308
"RPL10",-0.000105263157894737
"RP11-20B24.5",-0.000105263157894737
"SPAG16",-0.000107142857142857
"IFI27L2",-0.000107638888888889
"AC114730.2",-0.000110294117647059
"TPM3P9",-0.000110769230769231
"YY1AP1",-0.000111111111111111
"RP11-379F4.4",-0.000111111111111111
"RP11-616K22.2",-0.000111111111111111
"MRPL35P2",-0.000112244897959184
"SMURF2",-0.000113054745707807
"SEPT7P7",-0.00011375
"FAM196A",-0.00011375
"MIP",-0.000114795918367347
"ATP1A1OS",-0.000115384615384615
"SRMP2",-0.000115384615384615
"RP11-408J6.1",-0.000116402116402116
"CTD-2007H13.3",-0.0001171875
"ZBTB47",-0.000117647058823529
"MTIF3",-0.000117647058823529
"RP11-276H7.2",-0.000117647058823529
"DNAJC10",-0.000117647058823529
"PCDHB11",-0.000117647058823529
"MDC1",-0.000117647058823529
"USP27X-AS1",-0.000117647058823529
"RP11-76E17.4",-0.000117647058823529
"RP13-516M14.4",-0.000117647058823529
"CTC-471F3.5",-0.000117647058823529
"AC159540.1",-0.000120391366423113
"AC124914.3",-0.000121557454890788
"DDX60",-0.000122448979591837
"WRB",-0.000122448979591837
"RP11-187C18.3",-0.000123046875
"EXTL3",-0.000123717270383937
"RP11-22B23.1",-0.000125
"SDHDP6",-0.000125
"PRKACB",-0.000125
"AGBL5-AS1",-0.000125
"RN7SL724P",-0.000125
"HSPD1P1",-0.000125
"STS",-0.000125
"RPS23P8",-0.000125
"KIAA2022",-0.000125
"PRPF18",-0.000125
"BATF2",-0.000125
"AP002856.5",-0.000125
"RP11-175P13.3",-0.000125
"RP11-813I20.2",-0.000125
"ARHGDIG",-0.000125
"GCGR",-0.000125
"CTD-2542C24.3",-0.000125
"TTC3-AS1",-0.000125
"ACRBP",-0.000126736111111111
"RP4-800M22.2",-0.000126984126984127
"CCDC138",-0.000128
"ARAP1-AS2",-0.000129230769230769
"TNFRSF1B",-0.000130612244897959
"MYCL",-0.000131687242798354
"PYCR2",-0.000131687242798354
"AC108025.2",-0.000133333333333333
"RNU6-986P",-0.000133333333333333
"FBXO8",-0.000133333333333333
"RP11-381K20.5",-0.000133333333333333
"GMDS",-0.000133333333333333
"RP3-483K16.4",-0.000133333333333333
"TSPYL1",-0.000133333333333333
"PMS2P3",-0.000133333333333333
"XPO7",-0.000133333333333333
"RPL7A",-0.000133333333333333
"RP11-809N8.5",-0.000133333333333333
"RP11-662M24.1",-0.000133333333333333
"KLHL33",-0.000133333333333333
"GOLGA6L7P",-0.000133333333333333
"RP11-761I4.3",-0.000133333333333333
"FAM103A1",-0.000133333333333333
"RAB34",-0.000133333333333333
"RP11-669E14.4",-0.000133333333333333
"KCNH6",-0.000133333333333333
"ADAT3",-0.000133333333333333
"BRD4",-0.000133333333333333
"VN1R84P",-0.000133333333333333
"ZNF599",-0.000133333333333333
"DSCR3",-0.000133333333333333
"SPATA21",-0.000133333333333334
"UCP3",-0.000133333333333334
"HOXD8",-0.000133744855967078
"RP11-378A12.1",-0.000133928571428571
"C12orf71",-0.000133928571428571
"MIR454",-0.000134920634920635
"WNT10A",-0.000135204081632653
"RP11-217B7.3",-0.000137142857142857
"RP11-57A19.2",-0.000138888888888889
"PRPS1P2",-0.00014
"RP11-773H22.4",-0.00014
"SELP",-0.000142857142857143
"FLVCR1-AS1",-0.000142857142857143
"AC131097.4",-0.000142857142857143
"EFHC1",-0.000142857142857143
"TMEM47",-0.000142857142857143
"RP11-489E7.4",-0.000142857142857143
"RIMS2",-0.000142857142857143
"NIPSNAP3A",-0.000142857142857143
"CCAR1",-0.000142857142857143
"RP11-658F2.8",-0.000142857142857143
"RP11-603B24.1",-0.000142857142857143
"AC006115.3",-0.000142857142857143
"CACNG2",-0.000142857142857143
"AP001442.2",-0.000142857142857143
"SIM2",-0.000142857142857143
"RP11-656D10.3",-0.000142857142857143
"RGS1",-0.000142857142857143
"SDC2",-0.000142857142857143
"HPS6",-0.000142857142857143
"RP11-665C16.6",-0.000142857142857143
"EEF1A1P34",-0.000142857142857143
"RAB8A",-0.000142857142857143
"TMEM150B",-0.000142857142857143
"DHX34",-0.000142857142857143
"HLA-E",-0.000143229166666667
"PES1",-0.000144230769230769
"CTD-2541M15.3",-0.000147692307692308
"MCF2L2",-0.000148148148148148
"IRF5",-0.000149305555555556
"C4BPA",-0.00014957264957265
"RP11-723O4.9",-0.000150793650793651
"PPP1R32",-0.000151946818613485
"MCM2",-0.000152727272727273
"LPPR5",-0.000153846153846154
"PRRT3",-0.000153846153846154
"EAF1-AS1",-0.000153846153846154
"GPR160",-0.000153846153846154
"ENPP7P10",-0.000153846153846154
"GCNT6",-0.000153846153846154
"ZNF182",-0.000153846153846154
"RP11-111F5.3",-0.000153846153846154
"CNNM1",-0.000153846153846154
"FOXA1",-0.000153846153846154
"ZNF106",-0.000153846153846154
"TCF12",-0.000153846153846154
"TNP2",-0.000153846153846154
"USP22",-0.000153846153846154
"CXCL10",-0.000153846153846154
"NPNT",-0.000153846153846154
"TAS2R31",-0.000153846153846154
"TTN-AS1",-0.00015625
"CTB-58E17.2",-0.00015625
"RP11-435O5.2",-0.000161316872427984
"AC137934.1",-0.000164609053497942
"DUXAP1",-0.000164609053497943
"RNU5F-1",-0.000166666666666667
"RP11-795J1.1",-0.000166666666666667
"TDRD3",-0.000166666666666667
"ZNF347",-0.000166666666666667
"ZZZ3",-0.000166666666666667
"EI24P2",-0.000166666666666667
"MANF",-0.000166666666666667
"C5orf49",-0.000166666666666667
"ZNF391",-0.000166666666666667
"RP13-93L13.1",-0.000166666666666667
"RAB21",-0.000166666666666667
"DDX28",-0.000166666666666667
"ALOX12P2",-0.000166666666666667
"OGG1",-0.000168707482993197
"RSF1-IT1",-0.000168707482993197
"PLEKHM3",-0.00017
"RP11-968A15.8",-0.000171177587844255
"AC009994.2",-0.000174603174603175
"ZNF829",-0.000176339285714286
"RP11-680G24.4",-0.000177333333333333
"RIMKLA",-0.000179423868312757
"PDHA1",-0.000181587301587302
"RP11-97O12.7",-0.000181818181818182
"MFN2",-0.000181818181818182
"DHX36",-0.000181818181818182
"LYRM2",-0.000181818181818182
"EBF2",-0.000181818181818182
"AL592494.5",-0.000181818181818182
"RP11-326K13.4",-0.000182472989195678
"ZNF518B",-0.000184027777777778
"RP11-473I1.5",-0.000184362139917695
"AKT2",-0.000189504373177843
"ZNF711",-0.00019047619047619
"RPL13AP20",-0.00019047619047619
"FHIT",-0.000191666666666667
"AKR1E2",-0.000191666666666667
"SLC25A17",-0.000192307692307692
"RP11-708L7.6",-0.000195555555555555
"CTB-92J24.3",-0.000199294532627866
"EPHB3",-0.000199818930041152
"RP11-37O16.3",-2e-04
"TIAF1",-0.000200555555555556
"AC123768.4",-0.000201166180758017
"ALDH1B1",-0.00020164609053498
"FOXE1",-0.000205078125
"IFI16",-0.000205729166666667
"LINC00486",-0.000205882352941177
"EEF1A1P8",-0.000206349206349207
"TRPC7",-0.000209230769230769
"CTC-260E6.9",-0.000210526315789474
"TSEN15",-0.000210758377425044
"CTD-2574D22.4",-0.000212890625
"AC005954.3",-0.000214285714285714
"RP11-478C6.5",-0.000217592592592593
"ZNF134",-0.000217592592592593
"TMEM139",-0.00021875
"RP11-161M6.2",-0.000219954648526077
"PPP1R12C",-0.00022
"RPL18AP7",-0.000222222222222222
"RP11-353B9.1",-0.000222222222222222
"PERP",-0.000222222222222222
"HNRNPA3P9",-0.000225961538461538
"KIAA1467",-0.000230324074074074
"LRRC15",-0.000232421875
"MGST3",-0.000235294117647059
"RP11-459F6.3",-0.000235294117647059
"SNORA15",-0.000236111111111111
"CTD-2382E5.4",-0.000238350970017637
"RP11-175B9.3",-0.000239316239316239
"RP11-342D11.2",-0.00024
"IL15",-0.000244897959183674
"CTD-2277K2.1",-0.000245333333333333
"FLJ27365",-0.00025
"SPOCK3",-0.00025
"TMEM141",-0.00025
"ZNF615",-0.000252307692307693
"RP11-242C19.2",-0.000258503401360544
"RP11-25O10.2",-0.000266666666666667
"HHAT",-0.000266666666666667
"HIST1H4I",-0.000266666666666667
"RP11-145O15.3",-0.000266666666666667
"MIR1273F",-0.000266666666666667
"AC073410.1",-0.000266666666666667
"DSC1",-0.000266666666666667
"UCHL1-AS1",-0.000269230769230769
"F8",-0.00026984126984127
"AF131215.3",-0.000273846153846154
"CHAC1",-0.000281746031746032
"LECT1",-0.000283076923076923
"RP11-432J9.6",-0.000285714285714286
"PRLHR",-0.000285714285714286
"STAG3",-0.000285714285714286
"CASK",-0.000285714285714286
"FBXO10",-0.000285714285714286
"RP11-443N24.1",-0.000285714285714286
"TIAM2",-0.000288
"BUB1B",-0.000303571428571428
"HIF1A-AS2",-0.000304
"RP11-843P14.2",-0.000307692307692308
"RAB3IL1",-0.000307692307692308
"RPL23A",-0.000307692307692308
"NAP1L3",-0.0003125
"CCDC6",-0.000316468253968254
"ZNF287",-0.000326349206349206
"CFL2",-0.000329166666666667
"AC073283.4",-0.000331332533013205
"ADAR",-0.000333333333333333
"HPCAL1",-0.000333333333333333
"CNGA3",-0.000333333333333333
"MCM7",-0.000333333333333333
"MYL6B",-0.000333333333333333
"RP11-384J4.2",-0.000333333333333333
"LA16c-395F10.2",-0.000333333333333333
"CICP27",-0.000333333333333333
"HTT",-0.000333333333333333
"PQLC2",-0.000347222222222222
"SARS2",-0.000349206349206349
"RP11-10A14.3",-0.0003625
"PLS3",-0.000363636363636364
"RP11-434P11.2",-0.00037037037037037
"RP11-367N14.3",-0.00037232905982906
"RP11-337C18.8",-0.000375
"RP11-127B20.3",-0.000375
"ZBTB5",-0.000375
"RP1-272J12.1",-0.000375
"RP11-383C5.5",-0.000391666666666667
"AC003682.16",-0.000436923076923077
"RTCA",-0.000461111111111111
"SCRN2",-0.000461538461538461
"PSME3",-5e-04
"TP53TG1",-0.000504615384615385
"DPF2",-0.000538461538461538
"GDF5",-0.000633333333333333
"CBX3P1",-0.000734583333333333
